"id","nama_jalan","foto_path","latitude","longitude","created_at","statuslaporan"
"2","Jl. Raya Plumbon KM 1 Segmen 5","uploads/laporan_cirebon_0001.jpg","-6.8142879","108.4455828","2023-06-09 12:17:49","selesai"
"3","Jl. Raya Pasaleman KM 3 Segmen 7","uploads/laporan_cirebon_0002.jpg","-6.8888761","108.4240368","2023-12-28 17:13:36","diperbaiki"
"4","Jl. Kartini KM 18 Segmen 4","uploads/laporan_cirebon_0003.jpg","-6.6493931","108.7096227","2024-10-13 23:49:57","diterima"
"5","Jl. Raya Tengah Tani KM 9 Segmen 1","uploads/laporan_cirebon_0004.jpg","-6.6344174","108.4550399","2024-10-18 19:12:24","diterima"
"6","Jl. Raya Weru KM 7 Segmen 6","uploads/laporan_cirebon_0005.jpg","-6.8642264","108.5585658","2024-07-11 22:43:16","selesai"
"7","Jl. Raya Gunung Jati KM 9 Segmen 1","uploads/laporan_cirebon_0006.jpg","-6.6445939","108.6320272","2024-08-11 07:47:04","diterima"
"8","Jl. Raya Beber KM 21 Segmen 6","uploads/laporan_cirebon_0007.jpg","-6.6979267","108.7111488","2023-03-13 11:27:24","selesai"
"9","Jl. Raya Beber KM 3 Segmen 4","uploads/laporan_cirebon_0008.jpg","-6.5967307","108.5586593","2024-12-05 15:21:40","selesai"
"10","Jl. Raya Dukupuntang KM 6 Segmen 6","uploads/laporan_cirebon_0009.jpg","-6.7756553","108.6949823","2025-12-26 12:45:27","ditolak"
"11","Jl. Fatahillah KM 20 Segmen 3","uploads/laporan_cirebon_0010.jpg","-6.713051","108.4950611","2024-12-19 09:18:35","diperbaiki"
"12","Jl. Raya Pabedilan KM 8 Segmen 6","uploads/laporan_cirebon_0011.jpg","-6.6050018","108.74472","2023-12-23 02:31:51","selesai"
"13","Jl. Raya Kedawung KM 13 Segmen 5","uploads/laporan_cirebon_0012.jpg","-6.876834","108.809174","2025-05-31 09:00:17","selesai"
"14","Jl. Raya Kedawung KM 7 Segmen 8","uploads/laporan_cirebon_0013.jpg","-6.7615288","108.8098374","2024-12-14 02:14:13","diterima"
"15","Jl. Raya Sumber KM 8 Segmen 5","uploads/laporan_cirebon_0014.jpg","-6.6385452","108.5813639","2025-06-25 18:41:03","diperbaiki"
"16","Jl. Raya Babakan KM 5 Segmen 8","uploads/laporan_cirebon_0015.jpg","-6.8681817","108.4021447","2023-06-20 15:00:57","diterima"
"17","Jl. Raya Plered KM 22 Segmen 7","uploads/laporan_cirebon_0016.jpg","-6.6912568","108.5608406","2025-07-14 23:19:50","ditolak"
"18","Jl. Raya Waled KM 9 Segmen 1","uploads/laporan_cirebon_0017.jpg","-6.6619008","108.4338393","2025-04-14 10:42:17","selesai"
"19","Jl. Raya Klangenan KM 4 Segmen 5","uploads/laporan_cirebon_0018.jpg","-6.7478322","108.5932501","2024-02-14 10:51:19","ditolak"
"20","Jl. Raya Arjawinangun KM 17 Segmen 2","uploads/laporan_cirebon_0019.jpg","-6.5953185","108.5202691","2025-09-19 20:45:49","diperbaiki"
"21","Jl. Raya Palimanan KM 5 Segmen 6","uploads/laporan_cirebon_0020.jpg","-6.6331212","108.6335081","2025-04-04 04:01:04","ditolak"
"22","Jl. Raya Gunung Jati KM 11 Segmen 8","uploads/laporan_cirebon_0021.jpg","-6.8931831","108.8166763","2024-04-22 23:57:27","diterima"
"23","Jl. Raya Losari KM 19 Segmen 2","uploads/laporan_cirebon_0022.jpg","-6.8700213","108.6084155","2023-04-18 19:25:46","ditolak"
"24","Jl. Raya Pasaleman KM 25 Segmen 3","uploads/laporan_cirebon_0023.jpg","-6.855063","108.6033827","2025-05-04 09:09:49","diterima"
"25","Jl. Raya Waled KM 20 Segmen 7","uploads/laporan_cirebon_0024.jpg","-6.562473","108.8165893","2025-12-07 23:07:46","diterima"
"26","Jl. Raya Talun KM 13 Segmen 6","uploads/laporan_cirebon_0025.jpg","-6.746665","108.6232606","2023-07-08 06:21:48","diterima"
"27","Jl. Fatahillah KM 11 Segmen 1","uploads/laporan_cirebon_0026.jpg","-6.6940919","108.4881539","2023-12-09 09:17:57","diterima"
"28","Jl. Cipto Mangunkusumo KM 8 Segmen 2","uploads/laporan_cirebon_0027.jpg","-6.583103","108.7840286","2023-04-21 08:45:12","diperbaiki"
"29","Jl. Raya Lemahabang KM 22 Segmen 8","uploads/laporan_cirebon_0028.jpg","-6.8250171","108.4421866","2025-06-06 09:01:46","diperbaiki"
"30","Jl. Raya Losari KM 16 Segmen 7","uploads/laporan_cirebon_0029.jpg","-6.8333565","108.4255575","2024-10-31 21:45:10","diperbaiki"
"31","Jl. Raya Kapetakan KM 15 Segmen 1","uploads/laporan_cirebon_0030.jpg","-6.6643224","108.8425576","2023-06-03 04:17:03","diterima"
"32","Jl. Raya Klangenan KM 4 Segmen 4","uploads/laporan_cirebon_0031.jpg","-6.8329435","108.6320543","2023-08-07 01:22:29","diperbaiki"
"33","Jl. Raya Lemahabang KM 15 Segmen 4","uploads/laporan_cirebon_0032.jpg","-6.5939299","108.4154309","2025-05-05 04:36:53","diterima"
"34","Jl. Raya Pasaleman KM 1 Segmen 2","uploads/laporan_cirebon_0033.jpg","-6.5757716","108.778887","2023-09-16 15:31:39","diperbaiki"
"35","Jl. Raya Karangsembung KM 7 Segmen 7","uploads/laporan_cirebon_0034.jpg","-6.584145","108.4573794","2023-01-04 15:21:29","ditolak"
"36","Jl. Raya Gebang KM 15 Segmen 5","uploads/laporan_cirebon_0035.jpg","-6.7519474","108.8299393","2025-05-13 15:32:41","selesai"
"37","Jl. Raya Sedong KM 5 Segmen 4","uploads/laporan_cirebon_0036.jpg","-6.7961523","108.8352934","2025-06-19 00:24:22","selesai"
"38","Jl. Cipto Mangunkusumo KM 24 Segmen 6","uploads/laporan_cirebon_0037.jpg","-6.8799922","108.6545635","2025-02-20 10:37:15","ditolak"
"39","Jl. Raya Waled KM 6 Segmen 1","uploads/laporan_cirebon_0038.jpg","-6.5637274","108.4176524","2023-10-16 23:03:24","diterima"
"40","Jl. Fatahillah KM 22 Segmen 4","uploads/laporan_cirebon_0039.jpg","-6.7586786","108.8225502","2025-06-04 06:02:19","diterima"
"41","Jl. Raya Gunung Jati KM 2 Segmen 2","uploads/laporan_cirebon_0040.jpg","-6.7532713","108.654326","2025-03-23 09:45:08","diterima"
"42","Jl. Raya Gebang KM 7 Segmen 6","uploads/laporan_cirebon_0041.jpg","-6.8164599","108.5660193","2025-11-09 17:25:35","selesai"
"43","Jl. Raya Pangenan KM 11 Segmen 2","uploads/laporan_cirebon_0042.jpg","-6.8967396","108.6719449","2025-05-24 20:55:27","ditolak"
"44","Jl. Fatahillah KM 18 Segmen 4","uploads/laporan_cirebon_0043.jpg","-6.7229404","108.4422546","2024-06-26 10:59:32","selesai"
"45","Jl. Raya Losari KM 12 Segmen 5","uploads/laporan_cirebon_0044.jpg","-6.8447886","108.7718601","2025-12-29 04:52:10","diterima"
"46","Jl. Raya Waled KM 1 Segmen 5","uploads/laporan_cirebon_0045.jpg","-6.5738854","108.4286857","2023-07-28 21:44:08","diterima"
"47","Jl. Sunan Gunung Jati KM 24 Segmen 3","uploads/laporan_cirebon_0046.jpg","-6.8046781","108.66427","2024-06-16 22:30:13","diterima"
"48","Jl. Raya Gebang KM 17 Segmen 8","uploads/laporan_cirebon_0047.jpg","-6.8121076","108.8068348","2023-03-21 04:55:12","diterima"
"49","Jl. Raya Astanajapura KM 9 Segmen 1","uploads/laporan_cirebon_0048.jpg","-6.898759","108.742426","2025-09-17 00:18:29","ditolak"
"50","Jl. Raya Plered KM 24 Segmen 8","uploads/laporan_cirebon_0049.jpg","-6.7069119","108.5810129","2023-01-16 07:30:45","diterima"
"51","Jl. Raya Weru KM 18 Segmen 1","uploads/laporan_cirebon_0050.jpg","-6.6078917","108.6537795","2023-08-19 08:20:11","diperbaiki"
"52","Jl. Siliwangi KM 10 Segmen 6","uploads/laporan_cirebon_0051.jpg","-6.5853565","108.7541775","2023-03-04 06:23:19","selesai"
"53","Jl. Raya Ciledug KM 22 Segmen 4","uploads/laporan_cirebon_0052.jpg","-6.6665733","108.546229","2025-05-20 00:58:13","selesai"
"54","Jl. Raya Kapetakan KM 20 Segmen 3","uploads/laporan_cirebon_0053.jpg","-6.5759827","108.4912665","2023-09-10 17:30:17","ditolak"
"55","Jl. Raya Arjawinangun KM 14 Segmen 1","uploads/laporan_cirebon_0054.jpg","-6.8372238","108.814509","2024-10-01 20:46:45","selesai"
"56","Jl. Raya Losari KM 9 Segmen 3","uploads/laporan_cirebon_0055.jpg","-6.6244189","108.4308049","2023-03-02 10:45:28","selesai"
"57","Jl. Raya Babakan KM 7 Segmen 8","uploads/laporan_cirebon_0056.jpg","-6.7776196","108.7656521","2023-12-20 20:22:29","diterima"
"58","Jl. Raya Palimanan KM 13 Segmen 6","uploads/laporan_cirebon_0057.jpg","-6.8024889","108.4126278","2024-03-09 21:32:02","diperbaiki"
"59","Jl. Raya Greged KM 13 Segmen 6","uploads/laporan_cirebon_0058.jpg","-6.571267","108.4342106","2024-02-11 01:48:30","diterima"
"60","Jl. Raya Gebang KM 2 Segmen 2","uploads/laporan_cirebon_0059.jpg","-6.6912001","108.5424729","2024-05-02 13:44:16","diperbaiki"
"61","Jl. Raya Greged KM 4 Segmen 7","uploads/laporan_cirebon_0060.jpg","-6.5851733","108.469337","2023-03-11 05:50:59","selesai"
"62","Jl. Tuparev KM 17 Segmen 4","uploads/laporan_cirebon_0061.jpg","-6.7725225","108.4128877","2025-10-29 03:34:32","ditolak"
"63","Jl. Raya Suranenggala KM 11 Segmen 2","uploads/laporan_cirebon_0062.jpg","-6.648086","108.5211515","2024-04-25 17:58:04","selesai"
"64","Jl. Raya Kedawung KM 13 Segmen 5","uploads/laporan_cirebon_0063.jpg","-6.7059556","108.4701648","2025-10-30 05:21:57","ditolak"
"65","Jl. Raya Arjawinangun KM 20 Segmen 5","uploads/laporan_cirebon_0064.jpg","-6.7578737","108.7718508","2024-04-17 08:16:45","diterima"
"66","Jl. Raya Astanajapura KM 19 Segmen 6","uploads/laporan_cirebon_0065.jpg","-6.7372541","108.5878151","2023-11-29 06:21:56","diperbaiki"
"67","Jl. Raya Plered KM 22 Segmen 2","uploads/laporan_cirebon_0066.jpg","-6.8006748","108.6920113","2025-08-20 06:42:58","diterima"
"68","Jl. Raya Losari KM 22 Segmen 5","uploads/laporan_cirebon_0067.jpg","-6.8213758","108.4735911","2023-02-08 05:38:40","diterima"
"69","Jl. Raya Karangsembung KM 20 Segmen 2","uploads/laporan_cirebon_0068.jpg","-6.7406043","108.7964843","2025-06-13 13:34:00","diterima"
"70","Jl. Raya Susukan KM 16 Segmen 7","uploads/laporan_cirebon_0069.jpg","-6.8146054","108.6883473","2023-01-09 21:43:32","selesai"
"71","Jl. Sunan Gunung Jati KM 25 Segmen 7","uploads/laporan_cirebon_0070.jpg","-6.8234056","108.7579316","2025-12-17 08:28:17","diperbaiki"
"72","Jl. Cipto Mangunkusumo KM 18 Segmen 4","uploads/laporan_cirebon_0071.jpg","-6.5788855","108.4370385","2023-07-27 10:14:31","selesai"
"73","Jl. Raya Waled KM 18 Segmen 6","uploads/laporan_cirebon_0072.jpg","-6.5674861","108.7989702","2025-08-10 00:20:02","selesai"
"74","Jl. Raya Greged KM 14 Segmen 8","uploads/laporan_cirebon_0073.jpg","-6.5859772","108.7295181","2025-01-07 16:08:44","diperbaiki"
"75","Jl. Raya Losari KM 21 Segmen 5","uploads/laporan_cirebon_0074.jpg","-6.6319652","108.6250109","2025-08-31 21:52:31","diterima"
"76","Jl. Raya Mundu KM 3 Segmen 5","uploads/laporan_cirebon_0075.jpg","-6.8179272","108.5378483","2025-04-19 09:20:04","diterima"
"77","Jl. Raya Weru KM 8 Segmen 7","uploads/laporan_cirebon_0076.jpg","-6.6571176","108.712017","2023-04-11 01:37:30","diperbaiki"
"78","Jl. Raya Klangenan KM 18 Segmen 8","uploads/laporan_cirebon_0077.jpg","-6.754479","108.4772122","2024-10-14 23:05:08","diperbaiki"
"79","Jl. Raya Tengah Tani KM 23 Segmen 1","uploads/laporan_cirebon_0078.jpg","-6.6001438","108.7398295","2024-08-14 04:37:57","diperbaiki"
"80","Jl. Raya Jamblang KM 10 Segmen 7","uploads/laporan_cirebon_0079.jpg","-6.6012932","108.8281123","2024-10-13 05:14:44","diperbaiki"
"81","Jl. Raya Pasaleman KM 20 Segmen 4","uploads/laporan_cirebon_0080.jpg","-6.7291197","108.5082796","2025-01-24 17:02:45","diterima"
"82","Jl. Raya Klangenan KM 22 Segmen 7","uploads/laporan_cirebon_0081.jpg","-6.6465365","108.7750377","2023-07-18 13:18:32","ditolak"
"83","Jl. Raya Pasaleman KM 1 Segmen 7","uploads/laporan_cirebon_0082.jpg","-6.6928375","108.6916099","2023-05-11 16:47:17","selesai"
"84","Jl. Raya Sumber KM 15 Segmen 3","uploads/laporan_cirebon_0083.jpg","-6.8824004","108.5581788","2023-11-26 02:16:02","diperbaiki"
"85","Jl. Raya Klangenan KM 25 Segmen 7","uploads/laporan_cirebon_0084.jpg","-6.8026102","108.8270659","2024-10-17 04:04:33","diterima"
"86","Jl. Pangeran Cakrabuana KM 16 Segmen 1","uploads/laporan_cirebon_0085.jpg","-6.6378415","108.4044802","2024-06-27 22:28:02","diterima"
"87","Jl. Fatahillah KM 25 Segmen 1","uploads/laporan_cirebon_0086.jpg","-6.6360184","108.8263175","2023-11-06 23:42:17","selesai"
"88","Jl. Raya Suranenggala KM 5 Segmen 4","uploads/laporan_cirebon_0087.jpg","-6.8558227","108.6946457","2025-05-26 09:18:35","ditolak"
"89","Jl. Raya Pangenan KM 23 Segmen 5","uploads/laporan_cirebon_0088.jpg","-6.6315857","108.4588609","2025-08-01 14:49:38","ditolak"
"90","Jl. Raya Plumbon KM 25 Segmen 3","uploads/laporan_cirebon_0089.jpg","-6.5623477","108.4308064","2023-02-10 04:21:39","ditolak"
"91","Jl. Raya Pabuaran KM 22 Segmen 7","uploads/laporan_cirebon_0090.jpg","-6.7611709","108.7160569","2023-04-29 08:21:14","diperbaiki"
"92","Jl. Raya Losari KM 4 Segmen 5","uploads/laporan_cirebon_0091.jpg","-6.6023974","108.6621935","2023-07-08 08:15:35","selesai"
"93","Jl. Raya Pabuaran KM 2 Segmen 6","uploads/laporan_cirebon_0092.jpg","-6.7135392","108.690915","2023-04-18 09:53:36","diperbaiki"
"94","Jl. Raya Klangenan KM 1 Segmen 7","uploads/laporan_cirebon_0093.jpg","-6.6121842","108.4296033","2024-07-16 22:20:55","selesai"
"95","Jl. Raya Pangenan KM 23 Segmen 3","uploads/laporan_cirebon_0094.jpg","-6.7475795","108.7248838","2025-10-07 17:48:36","diterima"
"96","Jl. Raya Pasaleman KM 25 Segmen 8","uploads/laporan_cirebon_0095.jpg","-6.7372942","108.7680953","2025-07-09 16:03:17","diterima"
"97","Jl. Raya Losari KM 3 Segmen 5","uploads/laporan_cirebon_0096.jpg","-6.5914291","108.4946158","2024-12-23 04:35:14","diperbaiki"
"98","Jl. Raya Susukan KM 11 Segmen 1","uploads/laporan_cirebon_0097.jpg","-6.7269927","108.5327567","2025-01-27 16:10:44","diterima"
"99","Jl. Raya Gebang KM 11 Segmen 5","uploads/laporan_cirebon_0098.jpg","-6.591888","108.7095564","2024-03-05 11:02:20","diperbaiki"
"100","Jl. Raya Waled KM 7 Segmen 2","uploads/laporan_cirebon_0099.jpg","-6.8155254","108.5710212","2025-05-12 17:28:09","selesai"
"101","Jl. Raya Karangsembung KM 21 Segmen 8","uploads/laporan_cirebon_0100.jpg","-6.7431389","108.3881043","2024-04-02 08:53:51","diterima"
"102","Jl. Raya Losari KM 10 Segmen 6","uploads/laporan_cirebon_0101.jpg","-6.7343588","108.6295333","2024-10-23 06:55:54","ditolak"
"103","Jl. Raya Pabedilan KM 11 Segmen 6","uploads/laporan_cirebon_0102.jpg","-6.6540008","108.5073307","2024-01-26 20:00:30","diterima"
"104","Jl. Raya Palimanan KM 11 Segmen 2","uploads/laporan_cirebon_0103.jpg","-6.6399916","108.8269125","2025-12-08 10:09:44","diterima"
"105","Jl. Raya Ciledug KM 24 Segmen 8","uploads/laporan_cirebon_0104.jpg","-6.8032251","108.6571058","2025-03-26 06:52:48","diperbaiki"
"106","Jl. Sunan Gunung Jati KM 7 Segmen 5","uploads/laporan_cirebon_0105.jpg","-6.8203809","108.4643375","2023-01-23 06:29:21","selesai"
"107","Jl. Raya Sumber KM 9 Segmen 1","uploads/laporan_cirebon_0106.jpg","-6.5589968","108.6400787","2025-12-19 16:36:17","ditolak"
"108","Jl. Raya Sedong KM 4 Segmen 1","uploads/laporan_cirebon_0107.jpg","-6.6990775","108.6006166","2024-11-15 12:52:01","diterima"
"109","Jl. Cipto Mangunkusumo KM 9 Segmen 8","uploads/laporan_cirebon_0108.jpg","-6.8600695","108.4107114","2025-02-03 04:38:26","diterima"
"110","Jl. Cipto Mangunkusumo KM 5 Segmen 3","uploads/laporan_cirebon_0109.jpg","-6.6161003","108.8260891","2023-05-13 14:46:27","ditolak"
"111","Jl. Raya Plumbon KM 18 Segmen 7","uploads/laporan_cirebon_0110.jpg","-6.6877888","108.7516482","2023-12-17 21:13:34","selesai"
"112","Jl. Raya Susukan KM 15 Segmen 8","uploads/laporan_cirebon_0111.jpg","-6.7959264","108.6566068","2024-10-28 10:56:06","diterima"
"113","Jl. Raya Suranenggala KM 2 Segmen 2","uploads/laporan_cirebon_0112.jpg","-6.5683434","108.4776603","2023-11-25 02:35:22","diterima"
"114","Jl. Pangeran Cakrabuana KM 6 Segmen 4","uploads/laporan_cirebon_0113.jpg","-6.8391653","108.4152805","2023-01-05 10:45:29","diperbaiki"
"115","Jl. Raya Gunung Jati KM 16 Segmen 5","uploads/laporan_cirebon_0114.jpg","-6.8885761","108.5154093","2024-03-15 11:30:17","selesai"
"116","Jl. Raya Pangenan KM 3 Segmen 4","uploads/laporan_cirebon_0115.jpg","-6.5766311","108.7502792","2025-08-29 06:51:05","diperbaiki"
"117","Jl. Raya Palimanan KM 14 Segmen 2","uploads/laporan_cirebon_0116.jpg","-6.7094032","108.6843883","2024-02-17 22:29:46","selesai"
"118","Jl. Fatahillah KM 2 Segmen 3","uploads/laporan_cirebon_0117.jpg","-6.62258","108.6596707","2025-06-03 12:34:36","ditolak"
"119","Jl. Raya Mundu KM 4 Segmen 8","uploads/laporan_cirebon_0118.jpg","-6.6589627","108.7088748","2024-02-28 05:04:25","diperbaiki"
"120","Jl. Raya Sedong KM 15 Segmen 2","uploads/laporan_cirebon_0119.jpg","-6.6906872","108.7980288","2024-05-16 00:01:10","selesai"
"121","Jl. Kartini KM 3 Segmen 4","uploads/laporan_cirebon_0120.jpg","-6.5633311","108.7729005","2025-06-12 19:58:37","diperbaiki"
"122","Jl. Kartini KM 25 Segmen 5","uploads/laporan_cirebon_0121.jpg","-6.6983136","108.7386612","2023-09-30 10:35:01","diperbaiki"
"123","Jl. Raya Mundu KM 9 Segmen 3","uploads/laporan_cirebon_0122.jpg","-6.5510691","108.5848659","2025-02-03 03:51:59","ditolak"
"124","Jl. Raya Karangsembung KM 12 Segmen 7","uploads/laporan_cirebon_0123.jpg","-6.7833421","108.6949627","2023-09-08 02:59:06","diterima"
"125","Jl. Raya Sedong KM 10 Segmen 7","uploads/laporan_cirebon_0124.jpg","-6.6152519","108.6385454","2024-12-07 20:08:20","diterima"
"126","Jl. Raya Gebang KM 11 Segmen 2","uploads/laporan_cirebon_0125.jpg","-6.5604353","108.5699623","2025-03-10 16:32:19","selesai"
"127","Jl. Tuparev KM 22 Segmen 8","uploads/laporan_cirebon_0126.jpg","-6.7553634","108.4681638","2024-07-16 07:06:43","selesai"
"128","Jl. Raya Sedong KM 21 Segmen 8","uploads/laporan_cirebon_0127.jpg","-6.6340033","108.4756724","2025-05-03 11:23:32","diterima"
"129","Jl. Raya Beber KM 15 Segmen 8","uploads/laporan_cirebon_0128.jpg","-6.8575009","108.837379","2025-08-04 03:22:51","selesai"
"130","Jl. Raya Plered KM 10 Segmen 1","uploads/laporan_cirebon_0129.jpg","-6.706712","108.4238083","2023-06-26 13:08:13","diperbaiki"
"131","Jl. Raya Plumbon KM 21 Segmen 3","uploads/laporan_cirebon_0130.jpg","-6.7255686","108.7168036","2025-03-01 19:07:25","selesai"
"132","Jl. Raya Kapetakan KM 16 Segmen 8","uploads/laporan_cirebon_0131.jpg","-6.8146942","108.6390946","2024-08-19 04:07:23","diterima"
"133","Jl. Raya Gunung Jati KM 17 Segmen 3","uploads/laporan_cirebon_0132.jpg","-6.5975906","108.5098363","2024-10-06 21:10:29","diterima"
"134","Jl. Raya Greged KM 9 Segmen 1","uploads/laporan_cirebon_0133.jpg","-6.8010064","108.5203212","2025-07-01 01:37:27","diperbaiki"
"135","Jl. Raya Sedong KM 5 Segmen 8","uploads/laporan_cirebon_0134.jpg","-6.7114968","108.5422083","2025-05-07 15:58:21","selesai"
"136","Jl. Raya Susukan KM 15 Segmen 6","uploads/laporan_cirebon_0135.jpg","-6.5956394","108.8409641","2024-01-07 06:18:57","diperbaiki"
"137","Jl. Raya Babakan KM 25 Segmen 7","uploads/laporan_cirebon_0136.jpg","-6.8847234","108.7300114","2024-08-15 12:19:38","diperbaiki"
"138","Jl. Raya Weru KM 16 Segmen 1","uploads/laporan_cirebon_0137.jpg","-6.8558138","108.8337162","2024-05-31 00:39:34","selesai"
"139","Jl. Raya Mundu KM 4 Segmen 8","uploads/laporan_cirebon_0138.jpg","-6.8946283","108.447753","2025-10-14 11:01:01","ditolak"
"140","Jl. Fatahillah KM 16 Segmen 5","uploads/laporan_cirebon_0139.jpg","-6.7815036","108.7055712","2025-10-06 18:39:59","diterima"
"141","Jl. Raya Klangenan KM 22 Segmen 7","uploads/laporan_cirebon_0140.jpg","-6.5660511","108.6745956","2025-01-28 07:00:02","selesai"
"142","Jl. Siliwangi KM 20 Segmen 2","uploads/laporan_cirebon_0141.jpg","-6.8178304","108.7016678","2024-03-22 17:15:56","ditolak"
"143","Jl. Pangeran Cakrabuana KM 14 Segmen 2","uploads/laporan_cirebon_0142.jpg","-6.6338706","108.7108287","2023-06-06 10:10:53","diperbaiki"
"144","Jl. Raya Talun KM 1 Segmen 1","uploads/laporan_cirebon_0143.jpg","-6.7864689","108.406376","2024-07-11 03:28:55","diperbaiki"
"145","Jl. Raya Weru KM 8 Segmen 7","uploads/laporan_cirebon_0144.jpg","-6.7019252","108.7524842","2023-09-22 08:26:59","diterima"
"146","Jl. Raya Suranenggala KM 13 Segmen 4","uploads/laporan_cirebon_0145.jpg","-6.7258165","108.6540839","2023-12-27 23:36:45","diperbaiki"
"147","Jl. Raya Gebang KM 15 Segmen 5","uploads/laporan_cirebon_0146.jpg","-6.6666057","108.802487","2024-12-24 00:53:54","ditolak"
"148","Jl. Raya Pasaleman KM 6 Segmen 2","uploads/laporan_cirebon_0147.jpg","-6.7453946","108.5424158","2025-07-02 01:15:39","diterima"
"149","Jl. Raya Astanajapura KM 23 Segmen 5","uploads/laporan_cirebon_0148.jpg","-6.7401075","108.5219972","2024-08-20 21:24:13","selesai"
"150","Jl. Sunan Gunung Jati KM 8 Segmen 7","uploads/laporan_cirebon_0149.jpg","-6.6998271","108.6501616","2025-12-22 14:00:49","diterima"
"151","Jl. Raya Gegesik KM 9 Segmen 1","uploads/laporan_cirebon_0150.jpg","-6.7019248","108.7023258","2023-03-18 11:30:07","ditolak"
"152","Jl. Raya Sedong KM 10 Segmen 4","uploads/laporan_cirebon_0151.jpg","-6.6875273","108.5455908","2025-09-16 05:50:05","diterima"
"153","Jl. Raya Gebang KM 22 Segmen 3","uploads/laporan_cirebon_0152.jpg","-6.6801132","108.8045997","2025-10-01 08:19:28","diterima"
"154","Jl. Raya Mundu KM 2 Segmen 6","uploads/laporan_cirebon_0153.jpg","-6.6436741","108.4223627","2024-04-03 17:30:54","diterima"
"155","Jl. Raya Kapetakan KM 6 Segmen 4","uploads/laporan_cirebon_0154.jpg","-6.8537441","108.6335216","2024-07-22 15:09:26","diperbaiki"
"156","Jl. Raya Lemahabang KM 6 Segmen 5","uploads/laporan_cirebon_0155.jpg","-6.5800829","108.8237683","2024-04-03 18:40:14","selesai"
"157","Jl. Raya Klangenan KM 4 Segmen 8","uploads/laporan_cirebon_0156.jpg","-6.5629873","108.4461558","2023-12-17 18:31:31","selesai"
"158","Jl. Raya Gegesik KM 18 Segmen 6","uploads/laporan_cirebon_0157.jpg","-6.868394","108.56545","2024-02-16 02:43:49","diperbaiki"
"159","Jl. Raya Pangenan KM 12 Segmen 5","uploads/laporan_cirebon_0158.jpg","-6.695404","108.7665361","2024-07-31 08:32:28","diterima"
"160","Jl. Raya Babakan KM 16 Segmen 1","uploads/laporan_cirebon_0159.jpg","-6.6831586","108.8232895","2024-05-24 19:57:37","ditolak"
"161","Jl. Raya Babakan KM 21 Segmen 2","uploads/laporan_cirebon_0160.jpg","-6.6776086","108.5982057","2025-12-25 09:03:04","diterima"
"162","Jl. Raya Kapetakan KM 4 Segmen 3","uploads/laporan_cirebon_0161.jpg","-6.8841286","108.3974897","2025-02-04 13:22:37","diterima"
"163","Jl. Raya Losari KM 18 Segmen 3","uploads/laporan_cirebon_0162.jpg","-6.763974","108.5543754","2025-12-18 05:48:18","ditolak"
"164","Jl. Raya Kapetakan KM 19 Segmen 3","uploads/laporan_cirebon_0163.jpg","-6.5901052","108.6878133","2025-01-30 11:10:47","selesai"
"165","Jl. Raya Lemahabang KM 2 Segmen 6","uploads/laporan_cirebon_0164.jpg","-6.8239556","108.5890071","2024-01-03 01:55:01","selesai"
"166","Jl. Sunan Gunung Jati KM 22 Segmen 6","uploads/laporan_cirebon_0165.jpg","-6.7094369","108.839586","2024-07-11 11:19:48","diterima"
"167","Jl. Raya Lemahabang KM 7 Segmen 2","uploads/laporan_cirebon_0166.jpg","-6.5678462","108.7673698","2023-05-23 16:49:58","selesai"
"168","Jl. Raya Gunung Jati KM 1 Segmen 1","uploads/laporan_cirebon_0167.jpg","-6.6246219","108.4944774","2023-07-15 21:46:57","selesai"
"169","Jl. Raya Ciledug KM 3 Segmen 4","uploads/laporan_cirebon_0168.jpg","-6.6947659","108.7621349","2023-12-29 05:49:13","diterima"
"170","Jl. Raya Weru KM 20 Segmen 1","uploads/laporan_cirebon_0169.jpg","-6.8029538","108.8424932","2023-07-22 05:27:28","diperbaiki"
"171","Jl. Raya Arjawinangun KM 4 Segmen 1","uploads/laporan_cirebon_0170.jpg","-6.8538689","108.5483739","2024-01-05 21:43:59","diperbaiki"
"172","Jl. Kartini KM 6 Segmen 5","uploads/laporan_cirebon_0171.jpg","-6.8816603","108.7286075","2025-03-28 12:53:24","diterima"
"173","Jl. Fatahillah KM 16 Segmen 8","uploads/laporan_cirebon_0172.jpg","-6.627694","108.6212218","2023-06-19 16:49:41","diperbaiki"
"174","Jl. Raya Babakan KM 20 Segmen 1","uploads/laporan_cirebon_0173.jpg","-6.645465","108.8071133","2025-10-20 20:41:13","diperbaiki"
"175","Jl. Raya Pangenan KM 21 Segmen 1","uploads/laporan_cirebon_0174.jpg","-6.8787111","108.6051215","2024-09-16 04:22:35","diperbaiki"
"176","Jl. Sunan Gunung Jati KM 16 Segmen 8","uploads/laporan_cirebon_0175.jpg","-6.8742782","108.4179715","2025-08-03 05:58:18","diterima"
"177","Jl. Raya Sumber KM 9 Segmen 6","uploads/laporan_cirebon_0176.jpg","-6.7666835","108.6607742","2024-04-03 09:35:05","diperbaiki"
"178","Jl. Raya Gunung Jati KM 14 Segmen 2","uploads/laporan_cirebon_0177.jpg","-6.6224164","108.4337746","2025-10-14 08:28:05","selesai"
"179","Jl. Raya Pabedilan KM 24 Segmen 4","uploads/laporan_cirebon_0178.jpg","-6.7494755","108.7974028","2024-10-05 03:05:17","diterima"
"180","Jl. Raya Pangenan KM 13 Segmen 7","uploads/laporan_cirebon_0179.jpg","-6.6446356","108.5268977","2024-04-30 18:43:23","selesai"
"181","Jl. Raya Dukupuntang KM 5 Segmen 8","uploads/laporan_cirebon_0180.jpg","-6.8765033","108.7709328","2023-05-26 02:52:12","diperbaiki"
"182","Jl. Raya Dukupuntang KM 5 Segmen 1","uploads/laporan_cirebon_0181.jpg","-6.6947372","108.6439456","2024-05-27 09:05:34","selesai"
"183","Jl. Raya Kapetakan KM 12 Segmen 7","uploads/laporan_cirebon_0182.jpg","-6.5961677","108.7188985","2024-03-23 02:36:05","selesai"
"184","Jl. Raya Jamblang KM 4 Segmen 4","uploads/laporan_cirebon_0183.jpg","-6.8458444","108.606629","2023-06-18 09:40:25","diperbaiki"
"185","Jl. Raya Pabedilan KM 12 Segmen 2","uploads/laporan_cirebon_0184.jpg","-6.633088","108.649827","2024-10-28 21:28:12","selesai"
"186","Jl. Raya Suranenggala KM 20 Segmen 1","uploads/laporan_cirebon_0185.jpg","-6.6868518","108.6891807","2025-12-13 13:28:47","diterima"
"187","Jl. Raya Arjawinangun KM 9 Segmen 5","uploads/laporan_cirebon_0186.jpg","-6.5774619","108.544981","2023-10-10 02:17:21","selesai"
"188","Jl. Raya Pabuaran KM 22 Segmen 7","uploads/laporan_cirebon_0187.jpg","-6.8756451","108.7282555","2023-02-17 21:58:46","diterima"
"189","Jl. Raya Waled KM 7 Segmen 7","uploads/laporan_cirebon_0188.jpg","-6.7530586","108.5402211","2024-07-29 03:34:45","diterima"
"190","Jl. Raya Kedawung KM 25 Segmen 2","uploads/laporan_cirebon_0189.jpg","-6.5908302","108.4531226","2025-08-18 01:40:37","diterima"
"191","Jl. Pangeran Cakrabuana KM 9 Segmen 8","uploads/laporan_cirebon_0190.jpg","-6.6683215","108.608261","2024-11-17 23:36:06","diperbaiki"
"192","Jl. Raya Ciledug KM 25 Segmen 2","uploads/laporan_cirebon_0191.jpg","-6.7791895","108.4321182","2025-11-19 20:47:44","selesai"
"193","Jl. Raya Sedong KM 17 Segmen 5","uploads/laporan_cirebon_0192.jpg","-6.8841039","108.5657738","2025-07-20 07:27:14","diterima"
"194","Jl. Raya Ciledug KM 10 Segmen 4","uploads/laporan_cirebon_0193.jpg","-6.6314277","108.7391556","2024-03-25 22:22:16","diterima"
"195","Jl. Tuparev KM 16 Segmen 7","uploads/laporan_cirebon_0194.jpg","-6.8385068","108.5586975","2025-12-29 09:45:58","diterima"
"196","Jl. Raya Pabedilan KM 22 Segmen 6","uploads/laporan_cirebon_0195.jpg","-6.8747736","108.7850293","2023-03-08 00:08:33","diperbaiki"
"197","Jl. Raya Pangenan KM 3 Segmen 6","uploads/laporan_cirebon_0196.jpg","-6.6984843","108.6494979","2025-09-21 17:12:40","diperbaiki"
"198","Jl. Raya Plumbon KM 13 Segmen 1","uploads/laporan_cirebon_0197.jpg","-6.5618301","108.4607804","2025-08-18 12:22:48","diperbaiki"
"199","Jl. Raya Dukupuntang KM 3 Segmen 7","uploads/laporan_cirebon_0198.jpg","-6.6044305","108.4943587","2025-07-04 01:42:46","diperbaiki"
"200","Jl. Pangeran Cakrabuana KM 13 Segmen 5","uploads/laporan_cirebon_0199.jpg","-6.6389683","108.4841389","2023-09-19 11:26:30","diterima"
"201","Jl. Raya Plumbon KM 17 Segmen 4","uploads/laporan_cirebon_0200.jpg","-6.582927","108.5442064","2025-09-29 22:51:29","selesai"
"202","Jl. Raya Losari KM 4 Segmen 3","uploads/laporan_cirebon_0201.jpg","-6.8104111","108.4615445","2023-08-26 18:23:55","selesai"
"203","Jl. Fatahillah KM 6 Segmen 8","uploads/laporan_cirebon_0202.jpg","-6.7376164","108.6449557","2025-06-19 11:08:10","diperbaiki"
"204","Jl. Raya Pabuaran KM 21 Segmen 6","uploads/laporan_cirebon_0203.jpg","-6.5975136","108.6747922","2023-08-23 19:05:59","diperbaiki"
"205","Jl. Raya Karangsembung KM 15 Segmen 5","uploads/laporan_cirebon_0204.jpg","-6.6212846","108.6579673","2024-07-01 00:21:25","diperbaiki"
"206","Jl. Raya Talun KM 15 Segmen 8","uploads/laporan_cirebon_0205.jpg","-6.8868375","108.5533067","2024-03-22 06:00:27","diterima"
"207","Jl. Pangeran Cakrabuana KM 20 Segmen 7","uploads/laporan_cirebon_0206.jpg","-6.7380509","108.6405287","2023-03-06 00:26:15","diperbaiki"
"208","Jl. Raya Pabuaran KM 21 Segmen 4","uploads/laporan_cirebon_0207.jpg","-6.7874656","108.6035456","2023-08-23 15:30:30","ditolak"
"209","Jl. Raya Mundu KM 4 Segmen 6","uploads/laporan_cirebon_0208.jpg","-6.556165","108.4196347","2025-10-01 00:21:50","diterima"
"210","Jl. Raya Losari KM 23 Segmen 8","uploads/laporan_cirebon_0209.jpg","-6.5531549","108.6263122","2025-08-05 14:11:36","diterima"
"211","Jl. Raya Dukupuntang KM 10 Segmen 7","uploads/laporan_cirebon_0210.jpg","-6.7569307","108.5390326","2025-07-18 01:48:02","diterima"
"212","Jl. Raya Klangenan KM 3 Segmen 6","uploads/laporan_cirebon_0211.jpg","-6.8669229","108.6988383","2024-03-17 16:46:01","diterima"
"213","Jl. Raya Gunung Jati KM 5 Segmen 6","uploads/laporan_cirebon_0212.jpg","-6.8714743","108.6918977","2024-06-27 17:15:51","diterima"
"214","Jl. Raya Gegesik KM 5 Segmen 2","uploads/laporan_cirebon_0213.jpg","-6.7916463","108.5570393","2024-05-25 13:29:36","selesai"
"215","Jl. Raya Waled KM 3 Segmen 7","uploads/laporan_cirebon_0214.jpg","-6.722029","108.3885684","2024-04-25 02:21:42","diterima"
"216","Jl. Raya Ciledug KM 11 Segmen 8","uploads/laporan_cirebon_0215.jpg","-6.8327982","108.849989","2023-08-29 23:46:29","diterima"
"217","Jl. Sunan Gunung Jati KM 17 Segmen 1","uploads/laporan_cirebon_0216.jpg","-6.6683248","108.7919046","2025-08-18 08:52:59","diterima"
"218","Jl. Raya Susukan KM 5 Segmen 3","uploads/laporan_cirebon_0217.jpg","-6.8367039","108.7056375","2025-08-28 19:00:47","selesai"
"219","Jl. Raya Plered KM 24 Segmen 8","uploads/laporan_cirebon_0218.jpg","-6.8847077","108.5512207","2024-01-05 06:46:03","ditolak"
"220","Jl. Raya Suranenggala KM 10 Segmen 8","uploads/laporan_cirebon_0219.jpg","-6.818099","108.4924092","2024-12-29 21:10:08","ditolak"
"221","Jl. Raya Palimanan KM 12 Segmen 8","uploads/laporan_cirebon_0220.jpg","-6.738412","108.5124327","2024-08-16 12:14:10","diperbaiki"
"222","Jl. Raya Kapetakan KM 6 Segmen 4","uploads/laporan_cirebon_0221.jpg","-6.6195593","108.4450473","2024-01-24 15:47:43","diterima"
"223","Jl. Raya Karangsembung KM 12 Segmen 2","uploads/laporan_cirebon_0222.jpg","-6.6510097","108.6224774","2023-07-13 23:19:27","diterima"
"224","Jl. Raya Plered KM 9 Segmen 8","uploads/laporan_cirebon_0223.jpg","-6.5831428","108.4492539","2024-11-10 21:09:33","diterima"
"225","Jl. Raya Babakan KM 15 Segmen 6","uploads/laporan_cirebon_0224.jpg","-6.5743348","108.5750015","2024-09-08 03:52:30","diperbaiki"
"226","Jl. Raya Losari KM 13 Segmen 2","uploads/laporan_cirebon_0225.jpg","-6.7687806","108.3932481","2023-06-04 05:05:11","selesai"
"227","Jl. Raya Klangenan KM 5 Segmen 3","uploads/laporan_cirebon_0226.jpg","-6.8865939","108.8111762","2025-01-04 05:23:47","selesai"
"228","Jl. Raya Sumber KM 25 Segmen 8","uploads/laporan_cirebon_0227.jpg","-6.7429895","108.3824681","2023-05-04 08:45:03","diterima"
"229","Jl. Raya Ciledug KM 5 Segmen 7","uploads/laporan_cirebon_0228.jpg","-6.8610846","108.5154077","2024-04-13 02:43:49","diterima"
"230","Jl. Raya Losari KM 14 Segmen 8","uploads/laporan_cirebon_0229.jpg","-6.8780175","108.7732432","2025-02-15 17:59:02","diperbaiki"
"231","Jl. Kartini KM 21 Segmen 4","uploads/laporan_cirebon_0230.jpg","-6.6485095","108.5168978","2023-01-03 17:19:21","selesai"
"232","Jl. Raya Losari KM 19 Segmen 7","uploads/laporan_cirebon_0231.jpg","-6.8344401","108.694061","2025-03-24 11:55:07","ditolak"
"233","Jl. Fatahillah KM 17 Segmen 1","uploads/laporan_cirebon_0232.jpg","-6.7633412","108.6009635","2025-09-14 18:31:29","diperbaiki"
"234","Jl. Raya Dukupuntang KM 9 Segmen 1","uploads/laporan_cirebon_0233.jpg","-6.7750171","108.411753","2024-01-10 20:49:33","selesai"
"235","Jl. Sunan Gunung Jati KM 25 Segmen 6","uploads/laporan_cirebon_0234.jpg","-6.8533066","108.5455806","2024-06-10 04:57:23","selesai"
"236","Jl. Raya Arjawinangun KM 25 Segmen 8","uploads/laporan_cirebon_0235.jpg","-6.5567133","108.6049097","2023-10-11 10:48:58","selesai"
"237","Jl. Fatahillah KM 23 Segmen 8","uploads/laporan_cirebon_0236.jpg","-6.8870557","108.4747478","2023-11-07 03:46:27","selesai"
"238","Jl. Raya Kedawung KM 10 Segmen 7","uploads/laporan_cirebon_0237.jpg","-6.5538071","108.6352244","2024-01-29 19:13:18","diterima"
"239","Jl. Raya Palimanan KM 10 Segmen 6","uploads/laporan_cirebon_0238.jpg","-6.5982515","108.4024679","2025-10-15 22:26:14","diterima"
"240","Jl. Raya Plumbon KM 12 Segmen 7","uploads/laporan_cirebon_0239.jpg","-6.5886797","108.7293546","2024-08-23 22:09:42","diterima"
"241","Jl. Raya Arjawinangun KM 16 Segmen 8","uploads/laporan_cirebon_0240.jpg","-6.7714286","108.7547267","2024-02-19 15:04:05","selesai"
"242","Jl. Raya Astanajapura KM 3 Segmen 7","uploads/laporan_cirebon_0241.jpg","-6.6891413","108.7665004","2025-04-27 15:45:34","diterima"
"243","Jl. Sunan Gunung Jati KM 3 Segmen 6","uploads/laporan_cirebon_0242.jpg","-6.6686783","108.5240531","2025-07-25 10:21:45","selesai"
"244","Jl. Raya Plered KM 23 Segmen 8","uploads/laporan_cirebon_0243.jpg","-6.7769586","108.3999069","2024-07-01 23:21:49","selesai"
"245","Jl. Raya Astanajapura KM 9 Segmen 1","uploads/laporan_cirebon_0244.jpg","-6.8737356","108.6796309","2024-07-18 16:13:14","diperbaiki"
"246","Jl. Raya Plered KM 1 Segmen 3","uploads/laporan_cirebon_0245.jpg","-6.6029657","108.6987018","2024-11-11 23:16:01","diterima"
"247","Jl. Fatahillah KM 8 Segmen 6","uploads/laporan_cirebon_0246.jpg","-6.7732473","108.8262495","2023-02-20 14:24:44","selesai"
"248","Jl. Raya Mundu KM 12 Segmen 6","uploads/laporan_cirebon_0247.jpg","-6.7446212","108.4161362","2023-08-03 04:38:44","diperbaiki"
"249","Jl. Raya Gegesik KM 11 Segmen 5","uploads/laporan_cirebon_0248.jpg","-6.8126359","108.4333208","2023-10-17 07:22:26","diperbaiki"
"250","Jl. Raya Susukan KM 18 Segmen 2","uploads/laporan_cirebon_0249.jpg","-6.8083782","108.5023362","2024-11-24 13:16:03","diterima"
"251","Jl. Raya Suranenggala KM 10 Segmen 8","uploads/laporan_cirebon_0250.jpg","-6.8299376","108.4437924","2023-04-26 07:51:36","diperbaiki"
"252","Jl. Raya Mundu KM 3 Segmen 6","uploads/laporan_cirebon_0251.jpg","-6.6662561","108.713484","2025-05-04 16:22:47","diperbaiki"
"253","Jl. Raya Talun KM 6 Segmen 3","uploads/laporan_cirebon_0252.jpg","-6.6222063","108.6191152","2023-07-08 19:43:12","ditolak"
"254","Jl. Raya Sumber KM 8 Segmen 8","uploads/laporan_cirebon_0253.jpg","-6.8908006","108.6403901","2024-07-27 09:00:18","diperbaiki"
"255","Jl. Raya Pabedilan KM 5 Segmen 2","uploads/laporan_cirebon_0254.jpg","-6.8769882","108.5671352","2025-01-13 20:55:43","diperbaiki"
"256","Jl. Raya Kapetakan KM 19 Segmen 2","uploads/laporan_cirebon_0255.jpg","-6.8561356","108.529003","2023-04-26 12:04:20","diperbaiki"
"257","Jl. Raya Waled KM 12 Segmen 3","uploads/laporan_cirebon_0256.jpg","-6.5927139","108.7467236","2025-09-21 04:14:47","diperbaiki"
"258","Jl. Raya Sumber KM 14 Segmen 1","uploads/laporan_cirebon_0257.jpg","-6.6090132","108.623508","2024-04-17 17:35:05","diterima"
"259","Jl. Raya Kedawung KM 23 Segmen 4","uploads/laporan_cirebon_0258.jpg","-6.7788919","108.8222249","2024-03-17 13:05:18","selesai"
"260","Jl. Raya Gebang KM 7 Segmen 5","uploads/laporan_cirebon_0259.jpg","-6.8561904","108.5223276","2025-04-09 00:30:09","diterima"
"261","Jl. Raya Plered KM 19 Segmen 3","uploads/laporan_cirebon_0260.jpg","-6.8400798","108.6735052","2025-07-29 08:12:49","diterima"
"262","Jl. Raya Pabuaran KM 2 Segmen 1","uploads/laporan_cirebon_0261.jpg","-6.871572","108.825817","2025-06-15 06:35:24","diterima"
"263","Jl. Raya Ciledug KM 25 Segmen 7","uploads/laporan_cirebon_0262.jpg","-6.6836621","108.3942344","2025-09-01 13:22:08","diperbaiki"
"264","Jl. Raya Talun KM 16 Segmen 4","uploads/laporan_cirebon_0263.jpg","-6.6183591","108.7019457","2024-04-07 08:08:18","diperbaiki"
"265","Jl. Cipto Mangunkusumo KM 6 Segmen 8","uploads/laporan_cirebon_0264.jpg","-6.7545324","108.5982878","2024-06-12 18:17:53","selesai"
"266","Jl. Raya Kedawung KM 23 Segmen 6","uploads/laporan_cirebon_0265.jpg","-6.6430301","108.7845654","2024-09-11 16:13:57","diterima"
"267","Jl. Raya Dukupuntang KM 17 Segmen 2","uploads/laporan_cirebon_0266.jpg","-6.7883094","108.5992421","2024-02-20 19:04:00","diperbaiki"
"268","Jl. Raya Weru KM 4 Segmen 1","uploads/laporan_cirebon_0267.jpg","-6.7984258","108.5605504","2025-08-14 05:56:02","diperbaiki"
"269","Jl. Raya Plered KM 11 Segmen 6","uploads/laporan_cirebon_0268.jpg","-6.8335581","108.4548909","2025-03-10 21:19:58","diperbaiki"
"270","Jl. Raya Talun KM 16 Segmen 1","uploads/laporan_cirebon_0269.jpg","-6.8684828","108.5648238","2024-12-11 13:47:37","ditolak"
"271","Jl. Raya Ciledug KM 19 Segmen 6","uploads/laporan_cirebon_0270.jpg","-6.8829697","108.5122375","2025-07-17 12:06:51","selesai"
"272","Jl. Raya Karangsembung KM 10 Segmen 1","uploads/laporan_cirebon_0271.jpg","-6.6034897","108.5825361","2024-02-16 03:15:51","selesai"
"273","Jl. Raya Gegesik KM 12 Segmen 1","uploads/laporan_cirebon_0272.jpg","-6.7597964","108.6480324","2023-10-30 16:16:32","diperbaiki"
"274","Jl. Raya Beber KM 3 Segmen 7","uploads/laporan_cirebon_0273.jpg","-6.7235106","108.7392699","2024-03-10 19:44:33","selesai"
"275","Jl. Raya Suranenggala KM 22 Segmen 2","uploads/laporan_cirebon_0274.jpg","-6.8549678","108.4254403","2024-08-03 00:50:32","selesai"
"276","Jl. Raya Klangenan KM 18 Segmen 6","uploads/laporan_cirebon_0275.jpg","-6.6357622","108.4735572","2025-03-02 04:27:47","diperbaiki"
"277","Jl. Siliwangi KM 2 Segmen 1","uploads/laporan_cirebon_0276.jpg","-6.8520373","108.5365291","2025-01-06 05:27:43","diperbaiki"
"278","Jl. Raya Weru KM 20 Segmen 3","uploads/laporan_cirebon_0277.jpg","-6.785212","108.668142","2023-09-10 17:30:55","diperbaiki"
"279","Jl. Raya Suranenggala KM 24 Segmen 5","uploads/laporan_cirebon_0278.jpg","-6.6921964","108.618438","2025-03-03 02:31:08","diperbaiki"
"280","Jl. Raya Pabuaran KM 10 Segmen 8","uploads/laporan_cirebon_0279.jpg","-6.6144879","108.5531282","2025-11-13 00:19:23","diterima"
"281","Jl. Raya Kapetakan KM 19 Segmen 5","uploads/laporan_cirebon_0280.jpg","-6.6211358","108.7209024","2025-12-05 03:07:35","selesai"
"282","Jl. Raya Gunung Jati KM 16 Segmen 5","uploads/laporan_cirebon_0281.jpg","-6.5615253","108.7479649","2025-06-17 22:05:10","diperbaiki"
"283","Jl. Cipto Mangunkusumo KM 19 Segmen 8","uploads/laporan_cirebon_0282.jpg","-6.8403208","108.6756419","2025-08-21 00:25:31","selesai"
"284","Jl. Raya Susukan KM 5 Segmen 4","uploads/laporan_cirebon_0283.jpg","-6.8889503","108.8256564","2023-06-21 00:12:07","diterima"
"285","Jl. Raya Mundu KM 11 Segmen 7","uploads/laporan_cirebon_0284.jpg","-6.8469991","108.7045351","2024-09-29 18:58:43","diperbaiki"
"286","Jl. Raya Suranenggala KM 16 Segmen 1","uploads/laporan_cirebon_0285.jpg","-6.6529787","108.6237811","2025-05-21 14:22:28","diterima"
"287","Jl. Raya Karangsembung KM 17 Segmen 7","uploads/laporan_cirebon_0286.jpg","-6.7901866","108.4613957","2025-04-08 11:25:03","diterima"
"288","Jl. Raya Jamblang KM 22 Segmen 5","uploads/laporan_cirebon_0287.jpg","-6.6864732","108.4703642","2024-01-19 05:53:58","diterima"
"289","Jl. Raya Talun KM 8 Segmen 5","uploads/laporan_cirebon_0288.jpg","-6.630089","108.7113034","2025-12-08 13:00:32","selesai"
"290","Jl. Raya Kedawung KM 16 Segmen 6","uploads/laporan_cirebon_0289.jpg","-6.7038293","108.8192081","2024-03-01 02:14:09","diterima"
"291","Jl. Raya Pabuaran KM 22 Segmen 7","uploads/laporan_cirebon_0290.jpg","-6.5864838","108.5654303","2024-06-20 10:33:11","ditolak"
"292","Jl. Raya Weru KM 10 Segmen 1","uploads/laporan_cirebon_0291.jpg","-6.7993294","108.7156464","2024-06-22 08:22:03","ditolak"
"293","Jl. Raya Gebang KM 24 Segmen 8","uploads/laporan_cirebon_0292.jpg","-6.8251046","108.7691373","2024-02-26 11:33:37","ditolak"
"294","Jl. Raya Lemahabang KM 5 Segmen 2","uploads/laporan_cirebon_0293.jpg","-6.684513","108.6558103","2024-01-12 22:29:27","diterima"
"295","Jl. Raya Waled KM 8 Segmen 4","uploads/laporan_cirebon_0294.jpg","-6.8816281","108.5742516","2025-01-04 03:29:39","diterima"
"296","Jl. Raya Sumber KM 1 Segmen 3","uploads/laporan_cirebon_0295.jpg","-6.7575824","108.8194651","2025-01-09 06:22:05","diperbaiki"
"297","Jl. Raya Palimanan KM 25 Segmen 5","uploads/laporan_cirebon_0296.jpg","-6.7875913","108.683572","2023-05-20 06:20:14","selesai"
"298","Jl. Raya Babakan KM 18 Segmen 1","uploads/laporan_cirebon_0297.jpg","-6.5803696","108.4622804","2023-10-01 08:52:40","ditolak"
"299","Jl. Siliwangi KM 13 Segmen 8","uploads/laporan_cirebon_0298.jpg","-6.8347909","108.7320315","2024-03-25 23:06:39","selesai"
"300","Jl. Tuparev KM 10 Segmen 2","uploads/laporan_cirebon_0299.jpg","-6.5750408","108.5374698","2024-12-07 02:21:40","ditolak"
"301","Jl. Raya Pasaleman KM 17 Segmen 8","uploads/laporan_cirebon_0300.jpg","-6.588759","108.443074","2025-02-22 13:24:39","diperbaiki"
"302","Jl. Raya Palimanan KM 4 Segmen 6","uploads/laporan_cirebon_0301.jpg","-6.843127","108.5956898","2024-02-04 22:31:47","selesai"
"303","Jl. Tuparev KM 24 Segmen 6","uploads/laporan_cirebon_0302.jpg","-6.6232313","108.6468572","2023-10-28 08:34:29","diterima"
"304","Jl. Raya Gegesik KM 14 Segmen 6","uploads/laporan_cirebon_0303.jpg","-6.8696418","108.6945503","2023-10-15 08:08:32","ditolak"
"305","Jl. Raya Karangsembung KM 11 Segmen 4","uploads/laporan_cirebon_0304.jpg","-6.8976095","108.56028","2024-11-25 06:30:26","selesai"
"306","Jl. Raya Klangenan KM 10 Segmen 1","uploads/laporan_cirebon_0305.jpg","-6.8084564","108.5489895","2024-01-03 08:59:55","diterima"
"307","Jl. Raya Plumbon KM 15 Segmen 5","uploads/laporan_cirebon_0306.jpg","-6.8440991","108.7024546","2025-12-29 05:30:26","selesai"
"308","Jl. Raya Plumbon KM 21 Segmen 5","uploads/laporan_cirebon_0307.jpg","-6.7713596","108.4837991","2023-07-27 18:48:18","diperbaiki"
"309","Jl. Raya Pangenan KM 24 Segmen 6","uploads/laporan_cirebon_0308.jpg","-6.754454","108.6381402","2025-01-01 16:44:34","selesai"
"310","Jl. Raya Ciledug KM 25 Segmen 4","uploads/laporan_cirebon_0309.jpg","-6.6618803","108.6600328","2023-05-08 11:20:46","diperbaiki"
"311","Jl. Raya Waled KM 23 Segmen 6","uploads/laporan_cirebon_0310.jpg","-6.872664","108.6451593","2023-04-07 05:30:24","selesai"
"312","Jl. Raya Greged KM 7 Segmen 3","uploads/laporan_cirebon_0311.jpg","-6.842412","108.7816084","2024-11-17 16:00:35","diterima"
"313","Jl. Raya Ciledug KM 23 Segmen 8","uploads/laporan_cirebon_0312.jpg","-6.8681704","108.6198764","2023-03-28 17:15:11","diperbaiki"
"314","Jl. Raya Greged KM 14 Segmen 8","uploads/laporan_cirebon_0313.jpg","-6.7026311","108.6426347","2025-11-11 09:35:53","selesai"
"315","Jl. Kartini KM 13 Segmen 5","uploads/laporan_cirebon_0314.jpg","-6.6142414","108.7305281","2025-06-17 16:00:24","diterima"
"316","Jl. Raya Astanajapura KM 12 Segmen 2","uploads/laporan_cirebon_0315.jpg","-6.7105928","108.4083201","2023-04-18 12:13:12","ditolak"
"317","Jl. Raya Karangsembung KM 2 Segmen 5","uploads/laporan_cirebon_0316.jpg","-6.7568966","108.7414169","2025-09-23 20:47:07","ditolak"
"318","Jl. Raya Kapetakan KM 12 Segmen 7","uploads/laporan_cirebon_0317.jpg","-6.743012","108.8110441","2024-08-09 17:05:02","diperbaiki"
"319","Jl. Raya Pasaleman KM 5 Segmen 6","uploads/laporan_cirebon_0318.jpg","-6.8584784","108.846638","2024-09-02 21:17:16","diperbaiki"
"320","Jl. Raya Babakan KM 1 Segmen 1","uploads/laporan_cirebon_0319.jpg","-6.5575283","108.5976118","2025-04-26 01:23:36","diperbaiki"
"321","Jl. Raya Susukan KM 8 Segmen 4","uploads/laporan_cirebon_0320.jpg","-6.7387812","108.452907","2023-10-21 02:03:37","ditolak"
"322","Jl. Raya Plumbon KM 2 Segmen 7","uploads/laporan_cirebon_0321.jpg","-6.6847769","108.8200318","2023-01-25 14:19:03","diterima"
"323","Jl. Fatahillah KM 4 Segmen 1","uploads/laporan_cirebon_0322.jpg","-6.7437456","108.6958511","2023-03-17 21:47:05","diterima"
"324","Jl. Siliwangi KM 13 Segmen 8","uploads/laporan_cirebon_0323.jpg","-6.8179813","108.4821165","2023-03-29 23:23:10","diterima"
"325","Jl. Raya Beber KM 8 Segmen 6","uploads/laporan_cirebon_0324.jpg","-6.6978838","108.743093","2024-05-13 10:15:43","diterima"
"326","Jl. Raya Weru KM 22 Segmen 4","uploads/laporan_cirebon_0325.jpg","-6.7552539","108.5093223","2025-05-15 02:57:20","ditolak"
"327","Jl. Raya Arjawinangun KM 21 Segmen 7","uploads/laporan_cirebon_0326.jpg","-6.7054523","108.4020355","2024-06-19 07:42:55","ditolak"
"328","Jl. Raya Susukan KM 17 Segmen 6","uploads/laporan_cirebon_0327.jpg","-6.6562921","108.5718818","2024-04-11 03:39:12","diperbaiki"
"329","Jl. Raya Pasaleman KM 16 Segmen 4","uploads/laporan_cirebon_0328.jpg","-6.6027307","108.5213461","2023-08-13 12:49:23","selesai"
"330","Jl. Cipto Mangunkusumo KM 18 Segmen 7","uploads/laporan_cirebon_0329.jpg","-6.5612748","108.6419248","2023-07-28 14:20:24","diperbaiki"
"331","Jl. Raya Gebang KM 7 Segmen 6","uploads/laporan_cirebon_0330.jpg","-6.673653","108.8134463","2024-07-30 17:46:18","diterima"
"332","Jl. Raya Palimanan KM 2 Segmen 5","uploads/laporan_cirebon_0331.jpg","-6.7679912","108.6643356","2023-03-03 17:26:22","selesai"
"333","Jl. Raya Palimanan KM 25 Segmen 4","uploads/laporan_cirebon_0332.jpg","-6.732212","108.7886527","2024-06-01 12:48:33","diterima"
"334","Jl. Tuparev KM 7 Segmen 4","uploads/laporan_cirebon_0333.jpg","-6.5632729","108.4351386","2025-01-14 06:27:51","ditolak"
"335","Jl. Raya Gunung Jati KM 23 Segmen 4","uploads/laporan_cirebon_0334.jpg","-6.7611788","108.4924856","2024-05-14 21:40:35","selesai"
"336","Jl. Raya Susukan KM 15 Segmen 6","uploads/laporan_cirebon_0335.jpg","-6.7920522","108.549033","2025-02-11 18:50:28","diperbaiki"
"337","Jl. Raya Karangsembung KM 25 Segmen 6","uploads/laporan_cirebon_0336.jpg","-6.5799843","108.5542313","2024-10-05 07:26:07","diterima"
"338","Jl. Raya Babakan KM 24 Segmen 3","uploads/laporan_cirebon_0337.jpg","-6.894323","108.6400564","2025-06-26 13:17:14","diperbaiki"
"339","Jl. Raya Kapetakan KM 10 Segmen 3","uploads/laporan_cirebon_0338.jpg","-6.8313329","108.4881088","2025-06-04 10:17:33","selesai"
"340","Jl. Raya Sedong KM 18 Segmen 6","uploads/laporan_cirebon_0339.jpg","-6.8099356","108.7661482","2025-09-24 03:06:11","selesai"
"341","Jl. Raya Pangenan KM 6 Segmen 6","uploads/laporan_cirebon_0340.jpg","-6.840757","108.7185474","2025-01-28 20:45:07","diterima"
"342","Jl. Raya Pasaleman KM 21 Segmen 1","uploads/laporan_cirebon_0341.jpg","-6.7166195","108.7743622","2023-04-26 18:14:18","ditolak"
"343","Jl. Cipto Mangunkusumo KM 25 Segmen 1","uploads/laporan_cirebon_0342.jpg","-6.7556627","108.775996","2023-12-26 19:27:44","diterima"
"344","Jl. Raya Weru KM 1 Segmen 4","uploads/laporan_cirebon_0343.jpg","-6.7229935","108.5554043","2025-08-18 01:34:01","selesai"
"345","Jl. Raya Suranenggala KM 16 Segmen 8","uploads/laporan_cirebon_0344.jpg","-6.8944939","108.6301399","2024-10-01 06:48:40","diterima"
"346","Jl. Raya Waled KM 24 Segmen 5","uploads/laporan_cirebon_0345.jpg","-6.7124917","108.5147436","2025-02-19 10:58:14","selesai"
"347","Jl. Raya Astanajapura KM 6 Segmen 2","uploads/laporan_cirebon_0346.jpg","-6.5786829","108.6264611","2024-01-10 14:58:09","diterima"
"348","Jl. Raya Waled KM 9 Segmen 6","uploads/laporan_cirebon_0347.jpg","-6.8064363","108.5665413","2024-08-02 19:22:15","ditolak"
"349","Jl. Raya Pangenan KM 19 Segmen 4","uploads/laporan_cirebon_0348.jpg","-6.5534184","108.4861529","2025-11-28 21:55:12","selesai"
"350","Jl. Pangeran Cakrabuana KM 21 Segmen 1","uploads/laporan_cirebon_0349.jpg","-6.8672748","108.5582541","2025-05-08 21:12:11","diperbaiki"
"351","Jl. Tuparev KM 23 Segmen 3","uploads/laporan_cirebon_0350.jpg","-6.8710599","108.777305","2025-09-29 02:53:04","selesai"
"352","Jl. Raya Pabuaran KM 4 Segmen 1","uploads/laporan_cirebon_0351.jpg","-6.8195817","108.8035983","2025-12-11 17:21:23","selesai"
"353","Jl. Raya Karangsembung KM 9 Segmen 1","uploads/laporan_cirebon_0352.jpg","-6.5765443","108.7016815","2024-03-11 20:03:48","selesai"
"354","Jl. Raya Pabuaran KM 22 Segmen 1","uploads/laporan_cirebon_0353.jpg","-6.8372259","108.779701","2023-01-25 14:46:33","ditolak"
"355","Jl. Raya Tengah Tani KM 5 Segmen 7","uploads/laporan_cirebon_0354.jpg","-6.5748938","108.5206601","2025-05-26 08:53:08","diterima"
"356","Jl. Raya Susukan KM 22 Segmen 6","uploads/laporan_cirebon_0355.jpg","-6.7656538","108.7276802","2025-12-07 02:21:34","selesai"
"357","Jl. Raya Greged KM 24 Segmen 6","uploads/laporan_cirebon_0356.jpg","-6.8812062","108.5854315","2023-04-29 09:09:56","diterima"
"358","Jl. Raya Suranenggala KM 20 Segmen 7","uploads/laporan_cirebon_0357.jpg","-6.5608778","108.533397","2025-09-12 08:49:01","diterima"
"359","Jl. Raya Mundu KM 16 Segmen 4","uploads/laporan_cirebon_0358.jpg","-6.7754661","108.8223371","2024-11-02 03:27:30","diterima"
"360","Jl. Raya Tengah Tani KM 22 Segmen 7","uploads/laporan_cirebon_0359.jpg","-6.8700071","108.6707495","2024-01-19 03:18:49","selesai"
"361","Jl. Pangeran Cakrabuana KM 9 Segmen 3","uploads/laporan_cirebon_0360.jpg","-6.767","108.7484284","2023-08-28 22:51:33","selesai"
"362","Jl. Raya Kedawung KM 12 Segmen 2","uploads/laporan_cirebon_0361.jpg","-6.8679678","108.8231913","2024-11-22 03:57:17","diperbaiki"
"363","Jl. Raya Lemahabang KM 4 Segmen 3","uploads/laporan_cirebon_0362.jpg","-6.869446","108.5825604","2025-05-15 12:54:25","diperbaiki"
"364","Jl. Raya Kapetakan KM 4 Segmen 1","uploads/laporan_cirebon_0363.jpg","-6.8686334","108.6404833","2025-07-16 13:57:37","diperbaiki"
"365","Jl. Raya Kedawung KM 13 Segmen 1","uploads/laporan_cirebon_0364.jpg","-6.7978534","108.5622658","2023-05-12 20:49:36","selesai"
"366","Jl. Raya Pabedilan KM 8 Segmen 3","uploads/laporan_cirebon_0365.jpg","-6.6601394","108.4596658","2024-02-23 01:01:32","diterima"
"367","Jl. Raya Sedong KM 5 Segmen 2","uploads/laporan_cirebon_0366.jpg","-6.8414774","108.5097021","2024-04-10 22:34:26","diperbaiki"
"368","Jl. Fatahillah KM 12 Segmen 5","uploads/laporan_cirebon_0367.jpg","-6.5695222","108.7188227","2025-02-09 11:51:16","diperbaiki"
"369","Jl. Raya Palimanan KM 15 Segmen 2","uploads/laporan_cirebon_0368.jpg","-6.8525787","108.3831807","2024-09-06 23:27:58","diterima"
"370","Jl. Raya Suranenggala KM 13 Segmen 6","uploads/laporan_cirebon_0369.jpg","-6.745922","108.5823896","2025-10-08 15:24:47","ditolak"
"371","Jl. Raya Sumber KM 10 Segmen 6","uploads/laporan_cirebon_0370.jpg","-6.6888761","108.7067874","2025-01-14 09:46:39","diterima"
"372","Jl. Raya Gegesik KM 11 Segmen 5","uploads/laporan_cirebon_0371.jpg","-6.642794","108.6774642","2025-06-13 21:20:08","selesai"
"373","Jl. Raya Kedawung KM 13 Segmen 5","uploads/laporan_cirebon_0372.jpg","-6.6142269","108.5646795","2023-06-27 05:02:44","ditolak"
"374","Jl. Raya Palimanan KM 19 Segmen 3","uploads/laporan_cirebon_0373.jpg","-6.6614006","108.6385466","2024-12-18 09:31:25","ditolak"
"375","Jl. Raya Ciledug KM 15 Segmen 5","uploads/laporan_cirebon_0374.jpg","-6.6090514","108.4125046","2024-09-27 20:54:14","selesai"
"376","Jl. Raya Sumber KM 21 Segmen 5","uploads/laporan_cirebon_0375.jpg","-6.8152926","108.6895716","2024-10-19 14:21:12","selesai"
"377","Jl. Fatahillah KM 15 Segmen 8","uploads/laporan_cirebon_0376.jpg","-6.6962146","108.6311527","2025-12-10 19:46:32","diperbaiki"
"378","Jl. Siliwangi KM 12 Segmen 2","uploads/laporan_cirebon_0377.jpg","-6.8617207","108.4966686","2025-10-29 20:35:03","diperbaiki"
"379","Jl. Raya Suranenggala KM 2 Segmen 7","uploads/laporan_cirebon_0378.jpg","-6.5616161","108.5358504","2024-10-30 23:32:45","diterima"
"380","Jl. Sunan Gunung Jati KM 9 Segmen 4","uploads/laporan_cirebon_0379.jpg","-6.7212633","108.623835","2025-06-21 02:17:26","selesai"
"381","Jl. Raya Babakan KM 15 Segmen 6","uploads/laporan_cirebon_0380.jpg","-6.763103","108.7430008","2025-07-03 15:13:26","selesai"
"382","Jl. Raya Weru KM 12 Segmen 1","uploads/laporan_cirebon_0381.jpg","-6.7310301","108.5188531","2023-05-14 15:53:56","diterima"
"383","Jl. Raya Weru KM 12 Segmen 5","uploads/laporan_cirebon_0382.jpg","-6.7799267","108.7486069","2025-03-20 19:34:08","diperbaiki"
"384","Jl. Raya Karangsembung KM 4 Segmen 8","uploads/laporan_cirebon_0383.jpg","-6.6473021","108.5926502","2023-04-15 15:26:27","diterima"
"385","Jl. Raya Plumbon KM 1 Segmen 6","uploads/laporan_cirebon_0384.jpg","-6.6732105","108.6982555","2023-09-13 14:33:52","ditolak"
"386","Jl. Raya Losari KM 17 Segmen 3","uploads/laporan_cirebon_0385.jpg","-6.7068314","108.5355651","2024-10-24 15:12:09","ditolak"
"387","Jl. Raya Babakan KM 13 Segmen 3","uploads/laporan_cirebon_0386.jpg","-6.8347646","108.6889347","2024-09-06 19:22:48","diterima"
"388","Jl. Raya Suranenggala KM 7 Segmen 8","uploads/laporan_cirebon_0387.jpg","-6.6927289","108.5627528","2025-12-31 01:26:53","diterima"
"389","Jl. Raya Lemahabang KM 25 Segmen 2","uploads/laporan_cirebon_0388.jpg","-6.6979282","108.7557661","2025-04-14 07:40:23","diterima"
"390","Jl. Raya Kedawung KM 7 Segmen 8","uploads/laporan_cirebon_0389.jpg","-6.8601158","108.6952297","2025-01-30 16:17:07","diperbaiki"
"391","Jl. Raya Kedawung KM 20 Segmen 7","uploads/laporan_cirebon_0390.jpg","-6.6860421","108.6558922","2024-06-24 18:34:14","diperbaiki"
"392","Jl. Raya Pangenan KM 20 Segmen 3","uploads/laporan_cirebon_0391.jpg","-6.6151916","108.7118145","2024-04-07 08:32:49","ditolak"
"393","Jl. Raya Tengah Tani KM 3 Segmen 3","uploads/laporan_cirebon_0392.jpg","-6.790385","108.4921292","2023-07-01 23:10:16","diterima"
"394","Jl. Raya Weru KM 17 Segmen 7","uploads/laporan_cirebon_0393.jpg","-6.7536163","108.4447976","2024-08-19 08:44:39","diperbaiki"
"395","Jl. Raya Sedong KM 21 Segmen 3","uploads/laporan_cirebon_0394.jpg","-6.7057806","108.6101318","2023-08-07 05:38:02","diterima"
"396","Jl. Raya Mundu KM 20 Segmen 1","uploads/laporan_cirebon_0395.jpg","-6.5970672","108.8273657","2025-01-23 02:31:48","diterima"
"397","Jl. Raya Susukan KM 18 Segmen 8","uploads/laporan_cirebon_0396.jpg","-6.756803","108.6111112","2024-11-20 18:59:32","diperbaiki"
"398","Jl. Pangeran Cakrabuana KM 19 Segmen 1","uploads/laporan_cirebon_0397.jpg","-6.6214417","108.4836489","2023-02-21 01:57:40","diterima"
"399","Jl. Raya Pasaleman KM 10 Segmen 3","uploads/laporan_cirebon_0398.jpg","-6.6267409","108.6458557","2025-02-08 17:37:11","diperbaiki"
"400","Jl. Raya Plumbon KM 19 Segmen 2","uploads/laporan_cirebon_0399.jpg","-6.8062389","108.6352599","2024-07-24 04:35:53","diperbaiki"
"401","Jl. Siliwangi KM 25 Segmen 8","uploads/laporan_cirebon_0400.jpg","-6.7087764","108.8451946","2023-06-09 09:21:41","selesai"
"402","Jl. Raya Losari KM 10 Segmen 1","uploads/laporan_cirebon_0401.jpg","-6.7425937","108.5438312","2023-05-16 09:57:41","diperbaiki"
"403","Jl. Raya Plumbon KM 25 Segmen 4","uploads/laporan_cirebon_0402.jpg","-6.8265426","108.7266781","2025-12-06 19:45:44","diperbaiki"
"404","Jl. Raya Suranenggala KM 21 Segmen 7","uploads/laporan_cirebon_0403.jpg","-6.8419064","108.4454404","2023-11-18 06:20:20","selesai"
"405","Jl. Cipto Mangunkusumo KM 19 Segmen 6","uploads/laporan_cirebon_0404.jpg","-6.7137017","108.6605231","2023-09-19 20:33:47","diterima"
"406","Jl. Raya Beber KM 10 Segmen 5","uploads/laporan_cirebon_0405.jpg","-6.5666609","108.621775","2025-11-21 13:06:50","selesai"
"407","Jl. Raya Sumber KM 25 Segmen 7","uploads/laporan_cirebon_0406.jpg","-6.578431","108.8464685","2025-10-16 04:35:08","diterima"
"408","Jl. Raya Sumber KM 8 Segmen 3","uploads/laporan_cirebon_0407.jpg","-6.6510118","108.7693864","2025-11-16 18:51:05","diperbaiki"
"409","Jl. Raya Weru KM 19 Segmen 5","uploads/laporan_cirebon_0408.jpg","-6.6802655","108.556331","2023-04-28 14:27:02","selesai"
"410","Jl. Pangeran Cakrabuana KM 13 Segmen 5","uploads/laporan_cirebon_0409.jpg","-6.6568537","108.7923392","2024-12-07 15:16:56","ditolak"
"411","Jl. Raya Kedawung KM 19 Segmen 1","uploads/laporan_cirebon_0410.jpg","-6.5958823","108.7781686","2023-05-25 23:34:21","selesai"
"412","Jl. Raya Pangenan KM 21 Segmen 6","uploads/laporan_cirebon_0411.jpg","-6.6024628","108.7539686","2024-09-10 02:55:20","diterima"
"413","Jl. Raya Astanajapura KM 7 Segmen 8","uploads/laporan_cirebon_0412.jpg","-6.8060121","108.7693215","2024-06-08 23:25:29","diperbaiki"
"414","Jl. Raya Sumber KM 19 Segmen 8","uploads/laporan_cirebon_0413.jpg","-6.6240937","108.8002527","2023-03-17 11:49:41","diterima"
"415","Jl. Raya Pangenan KM 1 Segmen 2","uploads/laporan_cirebon_0414.jpg","-6.5746985","108.4542523","2024-12-10 11:13:47","diterima"
"416","Jl. Raya Astanajapura KM 7 Segmen 3","uploads/laporan_cirebon_0415.jpg","-6.5912483","108.5218768","2024-03-01 23:11:09","diterima"
"417","Jl. Raya Dukupuntang KM 9 Segmen 2","uploads/laporan_cirebon_0416.jpg","-6.7698547","108.8047861","2023-09-15 10:13:20","diterima"
"418","Jl. Raya Talun KM 24 Segmen 4","uploads/laporan_cirebon_0417.jpg","-6.7497692","108.4228636","2023-05-29 03:42:17","diterima"
"419","Jl. Raya Karangsembung KM 3 Segmen 3","uploads/laporan_cirebon_0418.jpg","-6.6922122","108.6241388","2024-11-22 16:17:45","diterima"
"420","Jl. Raya Klangenan KM 4 Segmen 7","uploads/laporan_cirebon_0419.jpg","-6.6570891","108.6045191","2023-12-22 22:45:28","diperbaiki"
"421","Jl. Sunan Gunung Jati KM 4 Segmen 6","uploads/laporan_cirebon_0420.jpg","-6.7713534","108.52065","2024-08-17 19:52:29","selesai"
"422","Jl. Raya Sumber KM 21 Segmen 3","uploads/laporan_cirebon_0421.jpg","-6.8760559","108.6447469","2025-08-06 09:21:01","selesai"
"423","Jl. Raya Mundu KM 12 Segmen 4","uploads/laporan_cirebon_0422.jpg","-6.680172","108.4511458","2024-10-01 20:39:26","selesai"
"424","Jl. Raya Mundu KM 7 Segmen 2","uploads/laporan_cirebon_0423.jpg","-6.5861925","108.4458062","2023-07-11 14:38:02","diperbaiki"
"425","Jl. Raya Susukan KM 12 Segmen 7","uploads/laporan_cirebon_0424.jpg","-6.7899237","108.4457202","2024-03-06 13:06:09","selesai"
"426","Jl. Raya Losari KM 18 Segmen 5","uploads/laporan_cirebon_0425.jpg","-6.6273606","108.7045238","2025-10-20 02:07:52","selesai"
"427","Jl. Raya Ciledug KM 17 Segmen 4","uploads/laporan_cirebon_0426.jpg","-6.6382547","108.5189048","2023-03-27 01:29:04","selesai"
"428","Jl. Raya Losari KM 16 Segmen 7","uploads/laporan_cirebon_0427.jpg","-6.8605397","108.6148038","2025-07-11 22:18:24","diterima"
"429","Jl. Tuparev KM 12 Segmen 6","uploads/laporan_cirebon_0428.jpg","-6.853806","108.7845826","2025-06-02 05:45:24","diperbaiki"
"430","Jl. Raya Pasaleman KM 22 Segmen 3","uploads/laporan_cirebon_0429.jpg","-6.6330459","108.8285929","2023-04-24 16:19:59","diterima"
"431","Jl. Fatahillah KM 1 Segmen 5","uploads/laporan_cirebon_0430.jpg","-6.82449","108.8136123","2024-09-10 12:35:03","diperbaiki"
"432","Jl. Raya Greged KM 25 Segmen 7","uploads/laporan_cirebon_0431.jpg","-6.7517487","108.5690704","2025-09-22 07:57:39","diperbaiki"
"433","Jl. Raya Suranenggala KM 5 Segmen 5","uploads/laporan_cirebon_0432.jpg","-6.870741","108.4171401","2023-11-12 22:45:05","ditolak"
"434","Jl. Raya Weru KM 18 Segmen 6","uploads/laporan_cirebon_0433.jpg","-6.763244","108.6781183","2025-10-06 18:46:25","selesai"
"435","Jl. Fatahillah KM 10 Segmen 7","uploads/laporan_cirebon_0434.jpg","-6.6445146","108.77784","2023-04-01 05:53:24","diterima"
"436","Jl. Raya Astanajapura KM 4 Segmen 8","uploads/laporan_cirebon_0435.jpg","-6.6856961","108.4058635","2025-11-01 00:14:47","selesai"
"437","Jl. Raya Arjawinangun KM 4 Segmen 1","uploads/laporan_cirebon_0436.jpg","-6.6522348","108.7097048","2023-09-12 19:07:23","diperbaiki"
"438","Jl. Raya Jamblang KM 17 Segmen 5","uploads/laporan_cirebon_0437.jpg","-6.841563","108.4396574","2024-02-22 19:15:58","selesai"
"439","Jl. Raya Plumbon KM 25 Segmen 1","uploads/laporan_cirebon_0438.jpg","-6.7827461","108.5817825","2025-03-25 01:42:02","diterima"
"440","Jl. Raya Pabuaran KM 21 Segmen 2","uploads/laporan_cirebon_0439.jpg","-6.7263484","108.6200675","2023-03-28 09:55:11","diperbaiki"
"441","Jl. Raya Pabuaran KM 6 Segmen 6","uploads/laporan_cirebon_0440.jpg","-6.8449415","108.7434646","2025-06-10 20:00:05","selesai"
"442","Jl. Raya Plumbon KM 8 Segmen 1","uploads/laporan_cirebon_0441.jpg","-6.8845867","108.7855764","2024-01-16 04:32:20","diterima"
"443","Jl. Raya Dukupuntang KM 13 Segmen 3","uploads/laporan_cirebon_0442.jpg","-6.8373637","108.8313608","2023-02-25 05:26:58","diperbaiki"
"444","Jl. Raya Kapetakan KM 8 Segmen 6","uploads/laporan_cirebon_0443.jpg","-6.8131079","108.8104517","2024-05-12 07:02:47","diterima"
"445","Jl. Fatahillah KM 19 Segmen 6","uploads/laporan_cirebon_0444.jpg","-6.8582097","108.6964631","2023-03-24 02:45:36","diterima"
"446","Jl. Raya Waled KM 2 Segmen 7","uploads/laporan_cirebon_0445.jpg","-6.8758757","108.5985943","2024-03-14 20:09:46","selesai"
"447","Jl. Raya Talun KM 11 Segmen 2","uploads/laporan_cirebon_0446.jpg","-6.706418","108.3837455","2023-11-09 00:33:46","diterima"
"448","Jl. Raya Talun KM 24 Segmen 4","uploads/laporan_cirebon_0447.jpg","-6.7376257","108.6580947","2025-02-05 16:49:08","ditolak"
"449","Jl. Raya Palimanan KM 24 Segmen 4","uploads/laporan_cirebon_0448.jpg","-6.8473018","108.8182268","2023-02-07 10:26:20","diterima"
"450","Jl. Raya Jamblang KM 21 Segmen 1","uploads/laporan_cirebon_0449.jpg","-6.5671534","108.3806872","2025-10-18 09:03:49","diperbaiki"
"451","Jl. Raya Talun KM 4 Segmen 4","uploads/laporan_cirebon_0450.jpg","-6.7145649","108.4919388","2025-02-03 15:09:57","ditolak"
"452","Jl. Raya Weru KM 23 Segmen 5","uploads/laporan_cirebon_0451.jpg","-6.8674407","108.812999","2025-03-18 17:01:41","diperbaiki"
"453","Jl. Raya Dukupuntang KM 15 Segmen 2","uploads/laporan_cirebon_0452.jpg","-6.6967303","108.617551","2025-09-17 04:07:20","selesai"
"454","Jl. Fatahillah KM 19 Segmen 1","uploads/laporan_cirebon_0453.jpg","-6.747756","108.8331826","2024-01-04 02:29:24","diterima"
"455","Jl. Raya Kedawung KM 13 Segmen 6","uploads/laporan_cirebon_0454.jpg","-6.7886798","108.5078193","2023-04-27 07:32:57","ditolak"
"456","Jl. Raya Sumber KM 25 Segmen 2","uploads/laporan_cirebon_0455.jpg","-6.8456063","108.4572562","2024-12-25 06:47:38","diterima"
"457","Jl. Raya Plumbon KM 18 Segmen 6","uploads/laporan_cirebon_0456.jpg","-6.5623778","108.477589","2024-04-24 05:32:41","diperbaiki"
"458","Jl. Raya Plumbon KM 3 Segmen 3","uploads/laporan_cirebon_0457.jpg","-6.6173411","108.522981","2025-12-31 00:17:57","selesai"
"459","Jl. Siliwangi KM 7 Segmen 6","uploads/laporan_cirebon_0458.jpg","-6.8480867","108.714244","2024-07-06 22:03:04","diperbaiki"
"460","Jl. Cipto Mangunkusumo KM 22 Segmen 5","uploads/laporan_cirebon_0459.jpg","-6.8089416","108.845618","2023-02-18 13:49:27","ditolak"
"461","Jl. Raya Mundu KM 18 Segmen 4","uploads/laporan_cirebon_0460.jpg","-6.8668462","108.4278965","2023-08-06 10:51:44","diterima"
"462","Jl. Cipto Mangunkusumo KM 25 Segmen 4","uploads/laporan_cirebon_0461.jpg","-6.8542497","108.7671265","2024-08-01 13:06:12","selesai"
"463","Jl. Pangeran Cakrabuana KM 19 Segmen 5","uploads/laporan_cirebon_0462.jpg","-6.5789","108.415244","2023-04-11 10:41:30","diterima"
"464","Jl. Raya Mundu KM 5 Segmen 2","uploads/laporan_cirebon_0463.jpg","-6.5832227","108.7697974","2024-05-30 08:04:33","diterima"
"465","Jl. Raya Pangenan KM 2 Segmen 3","uploads/laporan_cirebon_0464.jpg","-6.5765539","108.5835835","2024-09-05 21:37:06","diperbaiki"
"466","Jl. Raya Susukan KM 22 Segmen 7","uploads/laporan_cirebon_0465.jpg","-6.8395175","108.4809166","2023-10-19 00:29:57","diterima"
"467","Jl. Raya Mundu KM 5 Segmen 1","uploads/laporan_cirebon_0466.jpg","-6.6850627","108.6699793","2025-10-02 19:17:16","diterima"
"468","Jl. Raya Kapetakan KM 18 Segmen 8","uploads/laporan_cirebon_0467.jpg","-6.8786573","108.5114947","2023-08-02 11:31:46","diperbaiki"
"469","Jl. Raya Waled KM 8 Segmen 1","uploads/laporan_cirebon_0468.jpg","-6.5537087","108.7475004","2024-07-12 03:40:11","diperbaiki"
"470","Jl. Raya Sedong KM 12 Segmen 6","uploads/laporan_cirebon_0469.jpg","-6.7640666","108.4645135","2024-05-10 15:37:02","diperbaiki"
"471","Jl. Kartini KM 25 Segmen 5","uploads/laporan_cirebon_0470.jpg","-6.8794931","108.8460197","2025-04-02 17:39:59","diperbaiki"
"472","Jl. Raya Tengah Tani KM 8 Segmen 3","uploads/laporan_cirebon_0471.jpg","-6.864953","108.6887263","2024-02-19 07:50:48","diperbaiki"
"473","Jl. Cipto Mangunkusumo KM 25 Segmen 4","uploads/laporan_cirebon_0472.jpg","-6.6985078","108.8418524","2024-08-26 16:26:28","diperbaiki"
"474","Jl. Raya Arjawinangun KM 6 Segmen 4","uploads/laporan_cirebon_0473.jpg","-6.6926182","108.7589188","2025-12-20 00:24:12","diperbaiki"
"475","Jl. Raya Tengah Tani KM 1 Segmen 6","uploads/laporan_cirebon_0474.jpg","-6.5683544","108.644895","2025-05-25 01:13:15","ditolak"
"476","Jl. Raya Sedong KM 18 Segmen 5","uploads/laporan_cirebon_0475.jpg","-6.8385551","108.397843","2023-03-29 13:05:38","diterima"
"477","Jl. Raya Babakan KM 1 Segmen 8","uploads/laporan_cirebon_0476.jpg","-6.8997608","108.8114112","2023-11-10 06:08:11","selesai"
"478","Jl. Raya Klangenan KM 23 Segmen 3","uploads/laporan_cirebon_0477.jpg","-6.5784267","108.7768135","2024-05-17 23:15:55","diterima"
"479","Jl. Raya Weru KM 19 Segmen 3","uploads/laporan_cirebon_0478.jpg","-6.6289717","108.777846","2024-07-21 03:04:46","ditolak"
"480","Jl. Raya Dukupuntang KM 23 Segmen 7","uploads/laporan_cirebon_0479.jpg","-6.6948942","108.5381837","2024-05-16 10:31:09","diterima"
"481","Jl. Raya Plered KM 24 Segmen 7","uploads/laporan_cirebon_0480.jpg","-6.6228551","108.8315112","2025-10-05 18:11:40","diterima"
"482","Jl. Raya Pabedilan KM 23 Segmen 6","uploads/laporan_cirebon_0481.jpg","-6.821867","108.6568066","2023-09-30 16:34:57","diperbaiki"
"483","Jl. Raya Beber KM 5 Segmen 3","uploads/laporan_cirebon_0482.jpg","-6.6449092","108.8259304","2025-06-09 03:49:44","diperbaiki"
"484","Jl. Raya Pabuaran KM 2 Segmen 3","uploads/laporan_cirebon_0483.jpg","-6.689164","108.812888","2025-08-08 00:56:29","diterima"
"485","Jl. Raya Pabuaran KM 4 Segmen 8","uploads/laporan_cirebon_0484.jpg","-6.8507748","108.7303114","2024-01-06 00:07:52","diterima"
"486","Jl. Raya Kedawung KM 6 Segmen 2","uploads/laporan_cirebon_0485.jpg","-6.6124184","108.6949115","2024-06-05 20:38:50","diperbaiki"
"487","Jl. Raya Gebang KM 7 Segmen 4","uploads/laporan_cirebon_0486.jpg","-6.6573884","108.5447261","2023-06-18 02:49:18","selesai"
"488","Jl. Cipto Mangunkusumo KM 13 Segmen 8","uploads/laporan_cirebon_0487.jpg","-6.6435954","108.8354779","2024-10-05 10:45:11","diperbaiki"
"489","Jl. Raya Susukan KM 12 Segmen 7","uploads/laporan_cirebon_0488.jpg","-6.8645","108.6053599","2025-06-17 06:28:14","selesai"
"490","Jl. Raya Babakan KM 6 Segmen 8","uploads/laporan_cirebon_0489.jpg","-6.8742017","108.7775084","2024-04-03 09:59:24","diterima"
"491","Jl. Raya Gebang KM 4 Segmen 2","uploads/laporan_cirebon_0490.jpg","-6.7803671","108.7973277","2023-09-08 05:57:15","selesai"
"492","Jl. Raya Pabedilan KM 3 Segmen 6","uploads/laporan_cirebon_0491.jpg","-6.6920893","108.668413","2025-01-20 04:43:54","selesai"
"493","Jl. Raya Astanajapura KM 21 Segmen 3","uploads/laporan_cirebon_0492.jpg","-6.6874388","108.5840742","2023-03-25 11:42:10","diterima"
"494","Jl. Raya Ciledug KM 7 Segmen 7","uploads/laporan_cirebon_0493.jpg","-6.6559812","108.7193579","2025-04-19 08:20:08","diterima"
"495","Jl. Raya Beber KM 10 Segmen 4","uploads/laporan_cirebon_0494.jpg","-6.8664294","108.564664","2025-05-04 03:54:29","selesai"
"496","Jl. Raya Weru KM 2 Segmen 6","uploads/laporan_cirebon_0495.jpg","-6.8986645","108.4211853","2025-10-25 16:54:10","selesai"
"497","Jl. Raya Karangsembung KM 7 Segmen 2","uploads/laporan_cirebon_0496.jpg","-6.8909925","108.4602911","2024-03-29 14:31:11","ditolak"
"498","Jl. Raya Karangsembung KM 4 Segmen 5","uploads/laporan_cirebon_0497.jpg","-6.6252932","108.6013439","2025-10-24 04:21:34","diterima"
"499","Jl. Raya Pasaleman KM 13 Segmen 3","uploads/laporan_cirebon_0498.jpg","-6.7701428","108.5592792","2023-10-18 03:18:58","diperbaiki"
"500","Jl. Raya Gebang KM 15 Segmen 8","uploads/laporan_cirebon_0499.jpg","-6.8078097","108.773427","2025-05-26 19:38:15","diterima"
"501","Jl. Sunan Gunung Jati KM 3 Segmen 6","uploads/laporan_cirebon_0500.jpg","-6.6171369","108.5745737","2025-07-05 09:35:43","diterima"
"502","Jl. Cipto Mangunkusumo KM 13 Segmen 7","uploads/laporan_cirebon_0501.jpg","-6.5620303","108.7029219","2025-01-07 21:44:10","diperbaiki"
"503","Jl. Raya Losari KM 16 Segmen 5","uploads/laporan_cirebon_0502.jpg","-6.8723657","108.8043053","2023-02-24 05:46:19","diperbaiki"
"504","Jl. Raya Waled KM 19 Segmen 3","uploads/laporan_cirebon_0503.jpg","-6.8579013","108.7358787","2023-09-26 20:23:42","ditolak"
"505","Jl. Raya Plered KM 7 Segmen 4","uploads/laporan_cirebon_0504.jpg","-6.8558349","108.5789862","2025-11-27 11:45:48","diperbaiki"
"506","Jl. Raya Weru KM 20 Segmen 5","uploads/laporan_cirebon_0505.jpg","-6.7880877","108.7217384","2023-04-15 09:23:12","diterima"
"507","Jl. Raya Pabedilan KM 13 Segmen 6","uploads/laporan_cirebon_0506.jpg","-6.6001815","108.6242534","2023-01-20 11:57:20","selesai"
"508","Jl. Raya Suranenggala KM 19 Segmen 7","uploads/laporan_cirebon_0507.jpg","-6.8606184","108.4503319","2025-05-30 11:09:09","diperbaiki"
"509","Jl. Sunan Gunung Jati KM 4 Segmen 2","uploads/laporan_cirebon_0508.jpg","-6.624989","108.7877134","2024-06-18 11:22:19","selesai"
"510","Jl. Raya Gebang KM 13 Segmen 8","uploads/laporan_cirebon_0509.jpg","-6.6997919","108.6023319","2023-09-25 19:04:16","diterima"
"511","Jl. Raya Weru KM 20 Segmen 7","uploads/laporan_cirebon_0510.jpg","-6.8864261","108.7980999","2024-05-30 05:59:41","selesai"
"512","Jl. Cipto Mangunkusumo KM 24 Segmen 8","uploads/laporan_cirebon_0511.jpg","-6.5777078","108.8016047","2023-02-01 17:20:12","diterima"
"513","Jl. Raya Talun KM 10 Segmen 5","uploads/laporan_cirebon_0512.jpg","-6.6050037","108.7833703","2025-11-30 04:08:03","diterima"
"514","Jl. Raya Babakan KM 5 Segmen 5","uploads/laporan_cirebon_0513.jpg","-6.5590232","108.588262","2024-05-13 17:50:16","diterima"
"515","Jl. Raya Kapetakan KM 20 Segmen 2","uploads/laporan_cirebon_0514.jpg","-6.8342225","108.4793535","2024-09-24 19:24:40","selesai"
"516","Jl. Raya Waled KM 12 Segmen 1","uploads/laporan_cirebon_0515.jpg","-6.7196556","108.454717","2024-04-28 14:30:34","selesai"
"517","Jl. Raya Gegesik KM 5 Segmen 1","uploads/laporan_cirebon_0516.jpg","-6.8391919","108.7913349","2023-11-09 02:38:11","selesai"
"518","Jl. Raya Losari KM 2 Segmen 8","uploads/laporan_cirebon_0517.jpg","-6.8823043","108.5493763","2023-11-06 14:21:01","diterima"
"519","Jl. Raya Pangenan KM 17 Segmen 7","uploads/laporan_cirebon_0518.jpg","-6.6776066","108.4382202","2023-02-17 18:28:42","diterima"
"520","Jl. Raya Sedong KM 20 Segmen 8","uploads/laporan_cirebon_0519.jpg","-6.8378457","108.789126","2025-06-30 23:28:53","diperbaiki"
"521","Jl. Raya Jamblang KM 6 Segmen 5","uploads/laporan_cirebon_0520.jpg","-6.6378636","108.7037598","2024-03-19 03:09:24","diterima"
"522","Jl. Cipto Mangunkusumo KM 6 Segmen 4","uploads/laporan_cirebon_0521.jpg","-6.6000111","108.6842685","2025-11-19 01:18:36","diterima"
"523","Jl. Raya Kapetakan KM 17 Segmen 1","uploads/laporan_cirebon_0522.jpg","-6.5973795","108.834555","2025-11-26 01:14:58","diterima"
"524","Jl. Raya Sumber KM 21 Segmen 3","uploads/laporan_cirebon_0523.jpg","-6.6896003","108.383978","2024-01-28 08:47:51","selesai"
"525","Jl. Raya Talun KM 23 Segmen 5","uploads/laporan_cirebon_0524.jpg","-6.7516676","108.5569435","2024-06-25 23:49:16","diperbaiki"
"526","Jl. Raya Ciledug KM 15 Segmen 5","uploads/laporan_cirebon_0525.jpg","-6.6629813","108.7674261","2024-09-09 05:55:11","diperbaiki"
"527","Jl. Tuparev KM 17 Segmen 6","uploads/laporan_cirebon_0526.jpg","-6.70349","108.6590731","2024-03-15 09:57:28","diterima"
"528","Jl. Sunan Gunung Jati KM 16 Segmen 2","uploads/laporan_cirebon_0527.jpg","-6.7823007","108.5099471","2024-05-20 08:59:18","selesai"
"529","Jl. Raya Gebang KM 21 Segmen 5","uploads/laporan_cirebon_0528.jpg","-6.834074","108.623128","2024-01-09 14:06:38","selesai"
"530","Jl. Raya Gunung Jati KM 13 Segmen 6","uploads/laporan_cirebon_0529.jpg","-6.6617355","108.7190031","2025-10-15 10:06:15","diperbaiki"
"531","Jl. Raya Beber KM 9 Segmen 7","uploads/laporan_cirebon_0530.jpg","-6.7583904","108.7262641","2025-06-24 23:41:56","selesai"
"532","Jl. Raya Pabuaran KM 7 Segmen 6","uploads/laporan_cirebon_0531.jpg","-6.6457075","108.4845107","2025-04-10 19:38:28","selesai"
"533","Jl. Raya Karangsembung KM 22 Segmen 6","uploads/laporan_cirebon_0532.jpg","-6.7224398","108.777347","2025-10-18 20:39:08","selesai"
"534","Jl. Raya Arjawinangun KM 10 Segmen 2","uploads/laporan_cirebon_0533.jpg","-6.7352267","108.7282319","2025-05-18 17:12:38","selesai"
"535","Jl. Raya Arjawinangun KM 22 Segmen 6","uploads/laporan_cirebon_0534.jpg","-6.6709479","108.4844592","2023-12-14 05:16:06","selesai"
"536","Jl. Raya Talun KM 14 Segmen 6","uploads/laporan_cirebon_0535.jpg","-6.7699111","108.6552182","2024-12-21 17:14:57","selesai"
"537","Jl. Raya Karangsembung KM 2 Segmen 2","uploads/laporan_cirebon_0536.jpg","-6.7347231","108.4714356","2023-07-06 10:03:42","selesai"
"538","Jl. Raya Susukan KM 17 Segmen 5","uploads/laporan_cirebon_0537.jpg","-6.7554125","108.7892991","2023-08-23 12:25:41","diterima"
"539","Jl. Raya Palimanan KM 11 Segmen 7","uploads/laporan_cirebon_0538.jpg","-6.5544829","108.7996372","2024-12-12 02:29:58","diterima"
"540","Jl. Raya Arjawinangun KM 25 Segmen 2","uploads/laporan_cirebon_0539.jpg","-6.7293467","108.6765854","2023-10-02 23:29:11","diterima"
"541","Jl. Cipto Mangunkusumo KM 1 Segmen 8","uploads/laporan_cirebon_0540.jpg","-6.8042652","108.7377608","2023-09-20 05:04:41","diperbaiki"
"542","Jl. Raya Plered KM 16 Segmen 2","uploads/laporan_cirebon_0541.jpg","-6.8547079","108.5838444","2024-10-29 08:33:17","diperbaiki"
"543","Jl. Raya Karangsembung KM 13 Segmen 1","uploads/laporan_cirebon_0542.jpg","-6.8867961","108.4737247","2024-08-02 21:13:42","ditolak"
"544","Jl. Raya Kedawung KM 25 Segmen 4","uploads/laporan_cirebon_0543.jpg","-6.8937294","108.3819382","2024-01-22 19:47:54","diterima"
"545","Jl. Raya Jamblang KM 10 Segmen 3","uploads/laporan_cirebon_0544.jpg","-6.8640521","108.6165681","2024-04-20 19:47:52","diterima"
"546","Jl. Siliwangi KM 10 Segmen 5","uploads/laporan_cirebon_0545.jpg","-6.7404258","108.6245356","2025-03-25 11:31:19","diterima"
"547","Jl. Raya Sumber KM 11 Segmen 8","uploads/laporan_cirebon_0546.jpg","-6.7742622","108.4685602","2024-09-18 22:31:50","diterima"
"548","Jl. Raya Babakan KM 24 Segmen 3","uploads/laporan_cirebon_0547.jpg","-6.8260834","108.3902992","2025-02-23 05:06:09","diterima"
"549","Jl. Raya Dukupuntang KM 23 Segmen 1","uploads/laporan_cirebon_0548.jpg","-6.7686826","108.6809509","2025-04-10 23:18:26","selesai"
"550","Jl. Raya Gunung Jati KM 2 Segmen 2","uploads/laporan_cirebon_0549.jpg","-6.6712513","108.3892786","2025-12-07 18:44:04","diterima"
"551","Jl. Raya Mundu KM 13 Segmen 2","uploads/laporan_cirebon_0550.jpg","-6.7084512","108.6029663","2023-08-27 03:59:31","diterima"
"552","Jl. Tuparev KM 10 Segmen 7","uploads/laporan_cirebon_0551.jpg","-6.6684174","108.691367","2024-02-24 16:28:39","selesai"
"553","Jl. Raya Sumber KM 14 Segmen 2","uploads/laporan_cirebon_0552.jpg","-6.7209453","108.670318","2024-03-15 11:04:20","diterima"
"554","Jl. Sunan Gunung Jati KM 16 Segmen 4","uploads/laporan_cirebon_0553.jpg","-6.6868494","108.7456407","2025-03-23 23:18:01","ditolak"
"555","Jl. Raya Jamblang KM 23 Segmen 7","uploads/laporan_cirebon_0554.jpg","-6.7966271","108.3985207","2025-02-10 08:26:41","ditolak"
"556","Jl. Raya Karangsembung KM 11 Segmen 4","uploads/laporan_cirebon_0555.jpg","-6.8990417","108.6956676","2023-06-21 20:09:46","selesai"
"557","Jl. Raya Sedong KM 5 Segmen 2","uploads/laporan_cirebon_0556.jpg","-6.6271658","108.4152727","2023-06-07 15:22:57","ditolak"
"558","Jl. Raya Babakan KM 15 Segmen 5","uploads/laporan_cirebon_0557.jpg","-6.8075562","108.4035377","2023-09-29 16:21:19","selesai"
"559","Jl. Raya Beber KM 12 Segmen 6","uploads/laporan_cirebon_0558.jpg","-6.7509017","108.4344735","2023-03-13 13:52:09","diterima"
"560","Jl. Raya Sumber KM 22 Segmen 3","uploads/laporan_cirebon_0559.jpg","-6.7849687","108.800428","2025-08-24 05:38:47","diterima"
"561","Jl. Pangeran Cakrabuana KM 12 Segmen 6","uploads/laporan_cirebon_0560.jpg","-6.8359957","108.5683654","2024-12-10 11:59:45","diterima"
"562","Jl. Raya Susukan KM 23 Segmen 8","uploads/laporan_cirebon_0561.jpg","-6.6200353","108.6849578","2023-09-17 08:57:42","diterima"
"563","Jl. Cipto Mangunkusumo KM 6 Segmen 2","uploads/laporan_cirebon_0562.jpg","-6.7543903","108.6576526","2025-06-03 02:44:54","selesai"
"564","Jl. Raya Arjawinangun KM 20 Segmen 7","uploads/laporan_cirebon_0563.jpg","-6.6272925","108.6673385","2025-11-29 13:40:20","selesai"
"565","Jl. Raya Sumber KM 16 Segmen 8","uploads/laporan_cirebon_0564.jpg","-6.8604719","108.5733036","2023-03-13 16:58:21","diterima"
"566","Jl. Raya Kedawung KM 1 Segmen 4","uploads/laporan_cirebon_0565.jpg","-6.5577366","108.6948268","2024-06-09 19:45:43","diperbaiki"
"567","Jl. Raya Suranenggala KM 4 Segmen 7","uploads/laporan_cirebon_0566.jpg","-6.6684004","108.4968312","2024-06-21 09:28:30","selesai"
"568","Jl. Raya Susukan KM 5 Segmen 1","uploads/laporan_cirebon_0567.jpg","-6.8959243","108.8191546","2025-02-24 15:55:30","selesai"
"569","Jl. Raya Sedong KM 6 Segmen 2","uploads/laporan_cirebon_0568.jpg","-6.6369995","108.5306979","2024-05-29 07:39:13","ditolak"
"570","Jl. Cipto Mangunkusumo KM 17 Segmen 4","uploads/laporan_cirebon_0569.jpg","-6.7073266","108.5579597","2024-01-01 08:26:06","diterima"
"571","Jl. Raya Mundu KM 19 Segmen 8","uploads/laporan_cirebon_0570.jpg","-6.869193","108.6142744","2024-05-06 06:37:40","diterima"
"572","Jl. Raya Sedong KM 24 Segmen 1","uploads/laporan_cirebon_0571.jpg","-6.8640748","108.5737991","2025-05-15 18:20:58","diperbaiki"
"573","Jl. Pangeran Cakrabuana KM 20 Segmen 5","uploads/laporan_cirebon_0572.jpg","-6.5884612","108.6442963","2025-10-14 04:06:25","selesai"
"574","Jl. Raya Klangenan KM 12 Segmen 1","uploads/laporan_cirebon_0573.jpg","-6.614194","108.7768292","2024-05-30 23:50:11","diperbaiki"
"575","Jl. Raya Suranenggala KM 20 Segmen 8","uploads/laporan_cirebon_0574.jpg","-6.6491697","108.5507484","2024-12-04 06:37:58","diterima"
"576","Jl. Raya Babakan KM 1 Segmen 6","uploads/laporan_cirebon_0575.jpg","-6.7757014","108.6778208","2024-03-29 20:56:10","diperbaiki"
"577","Jl. Raya Dukupuntang KM 23 Segmen 2","uploads/laporan_cirebon_0576.jpg","-6.8839777","108.457153","2023-08-07 11:19:30","selesai"
"578","Jl. Raya Kapetakan KM 4 Segmen 5","uploads/laporan_cirebon_0577.jpg","-6.6862019","108.4681454","2024-09-02 15:14:34","diterima"
"579","Jl. Raya Palimanan KM 23 Segmen 6","uploads/laporan_cirebon_0578.jpg","-6.862282","108.5748011","2025-09-10 23:54:56","selesai"
"580","Jl. Raya Tengah Tani KM 4 Segmen 8","uploads/laporan_cirebon_0579.jpg","-6.7399142","108.6569786","2025-02-22 12:50:53","diterima"
"581","Jl. Raya Sedong KM 1 Segmen 1","uploads/laporan_cirebon_0580.jpg","-6.7063708","108.5834209","2025-06-28 05:52:52","diperbaiki"
"582","Jl. Raya Greged KM 25 Segmen 3","uploads/laporan_cirebon_0581.jpg","-6.6578638","108.4616156","2023-07-19 17:25:11","diterima"
"583","Jl. Raya Gunung Jati KM 20 Segmen 6","uploads/laporan_cirebon_0582.jpg","-6.7235615","108.5607914","2025-08-04 07:55:49","ditolak"
"584","Jl. Raya Losari KM 9 Segmen 7","uploads/laporan_cirebon_0583.jpg","-6.5627423","108.8361311","2024-12-04 18:18:41","selesai"
"585","Jl. Raya Sumber KM 14 Segmen 5","uploads/laporan_cirebon_0584.jpg","-6.6049239","108.6374688","2024-05-02 22:26:33","selesai"
"586","Jl. Raya Pabedilan KM 21 Segmen 4","uploads/laporan_cirebon_0585.jpg","-6.8296888","108.6733588","2024-03-27 16:35:19","selesai"
"587","Jl. Raya Sumber KM 23 Segmen 3","uploads/laporan_cirebon_0586.jpg","-6.7236373","108.7063266","2024-05-16 02:14:58","selesai"
"588","Jl. Raya Jamblang KM 18 Segmen 8","uploads/laporan_cirebon_0587.jpg","-6.6960178","108.8230566","2024-10-10 19:42:19","selesai"
"589","Jl. Raya Pasaleman KM 10 Segmen 7","uploads/laporan_cirebon_0588.jpg","-6.6170933","108.6256831","2023-02-09 13:12:49","diperbaiki"
"590","Jl. Cipto Mangunkusumo KM 22 Segmen 1","uploads/laporan_cirebon_0589.jpg","-6.8300342","108.732587","2023-09-08 07:06:22","ditolak"
"591","Jl. Raya Gebang KM 5 Segmen 1","uploads/laporan_cirebon_0590.jpg","-6.6582918","108.5187161","2025-04-20 23:21:28","diterima"
"592","Jl. Raya Mundu KM 4 Segmen 4","uploads/laporan_cirebon_0591.jpg","-6.6401555","108.6437972","2024-01-05 09:12:04","diperbaiki"
"593","Jl. Raya Beber KM 23 Segmen 1","uploads/laporan_cirebon_0592.jpg","-6.5757303","108.5621507","2025-11-30 15:11:50","diterima"
"594","Jl. Raya Pabedilan KM 2 Segmen 1","uploads/laporan_cirebon_0593.jpg","-6.6397155","108.475451","2024-11-19 13:37:03","selesai"
"595","Jl. Raya Dukupuntang KM 25 Segmen 4","uploads/laporan_cirebon_0594.jpg","-6.6283486","108.8332162","2024-04-02 06:44:25","diperbaiki"
"596","Jl. Fatahillah KM 6 Segmen 3","uploads/laporan_cirebon_0595.jpg","-6.6427222","108.4360963","2023-03-05 09:57:14","diperbaiki"
"597","Jl. Raya Pabedilan KM 9 Segmen 3","uploads/laporan_cirebon_0596.jpg","-6.8436749","108.7776267","2023-01-10 01:27:57","diterima"
"598","Jl. Raya Weru KM 2 Segmen 3","uploads/laporan_cirebon_0597.jpg","-6.5749801","108.6605338","2025-08-29 18:21:32","selesai"
"599","Jl. Raya Talun KM 16 Segmen 6","uploads/laporan_cirebon_0598.jpg","-6.8744917","108.7126103","2025-03-27 11:08:52","diterima"
"600","Jl. Raya Arjawinangun KM 17 Segmen 2","uploads/laporan_cirebon_0599.jpg","-6.6248096","108.4549041","2025-04-23 22:29:44","diperbaiki"
"601","Jl. Pangeran Cakrabuana KM 12 Segmen 4","uploads/laporan_cirebon_0600.jpg","-6.5908111","108.6917672","2024-05-29 14:03:18","diperbaiki"
"602","Jl. Raya Ciledug KM 25 Segmen 8","uploads/laporan_cirebon_0601.jpg","-6.5511791","108.7671335","2025-10-05 22:39:46","diterima"
"603","Jl. Raya Jamblang KM 15 Segmen 4","uploads/laporan_cirebon_0602.jpg","-6.5834262","108.6684395","2025-08-23 04:28:05","diterima"
"604","Jl. Siliwangi KM 22 Segmen 6","uploads/laporan_cirebon_0603.jpg","-6.7665196","108.7542171","2023-06-26 09:53:24","diperbaiki"
"605","Jl. Raya Pasaleman KM 24 Segmen 5","uploads/laporan_cirebon_0604.jpg","-6.891353","108.6229279","2024-08-05 18:26:56","diperbaiki"
"606","Jl. Raya Greged KM 15 Segmen 8","uploads/laporan_cirebon_0605.jpg","-6.8846519","108.8021924","2023-10-27 08:22:55","diterima"
"607","Jl. Pangeran Cakrabuana KM 4 Segmen 3","uploads/laporan_cirebon_0606.jpg","-6.5599299","108.7434597","2025-04-08 14:21:14","diterima"
"608","Jl. Fatahillah KM 7 Segmen 4","uploads/laporan_cirebon_0607.jpg","-6.5972672","108.5793784","2023-06-11 17:40:20","diterima"
"609","Jl. Raya Astanajapura KM 21 Segmen 2","uploads/laporan_cirebon_0608.jpg","-6.6385882","108.4522647","2024-12-14 16:09:27","selesai"
"610","Jl. Siliwangi KM 3 Segmen 2","uploads/laporan_cirebon_0609.jpg","-6.8810062","108.7532809","2025-05-17 05:53:14","diterima"
"611","Jl. Raya Babakan KM 9 Segmen 7","uploads/laporan_cirebon_0610.jpg","-6.7641886","108.6762021","2024-11-03 23:20:36","diterima"
"612","Jl. Raya Susukan KM 22 Segmen 2","uploads/laporan_cirebon_0611.jpg","-6.712808","108.6814687","2025-08-18 20:44:06","diterima"
"613","Jl. Raya Tengah Tani KM 2 Segmen 2","uploads/laporan_cirebon_0612.jpg","-6.774805","108.6163334","2024-03-26 12:53:29","selesai"
"614","Jl. Raya Talun KM 20 Segmen 2","uploads/laporan_cirebon_0613.jpg","-6.8014689","108.8155447","2024-08-15 19:07:43","diperbaiki"
"615","Jl. Kartini KM 16 Segmen 3","uploads/laporan_cirebon_0614.jpg","-6.7132863","108.4440993","2024-08-30 16:15:33","selesai"
"616","Jl. Raya Pasaleman KM 10 Segmen 3","uploads/laporan_cirebon_0615.jpg","-6.7956802","108.7968797","2025-10-03 19:58:36","diperbaiki"
"617","Jl. Tuparev KM 18 Segmen 3","uploads/laporan_cirebon_0616.jpg","-6.8568677","108.382364","2025-07-16 03:54:23","diperbaiki"
"618","Jl. Raya Pabedilan KM 3 Segmen 5","uploads/laporan_cirebon_0617.jpg","-6.8264815","108.7284723","2024-06-18 10:43:07","diterima"
"619","Jl. Raya Greged KM 5 Segmen 3","uploads/laporan_cirebon_0618.jpg","-6.8356025","108.6699359","2024-01-28 21:53:47","diterima"
"620","Jl. Raya Arjawinangun KM 22 Segmen 1","uploads/laporan_cirebon_0619.jpg","-6.6020143","108.8182138","2025-05-02 21:39:09","diperbaiki"
"621","Jl. Raya Pabedilan KM 3 Segmen 5","uploads/laporan_cirebon_0620.jpg","-6.6649102","108.4978232","2023-11-03 23:15:40","selesai"
"622","Jl. Raya Sedong KM 11 Segmen 6","uploads/laporan_cirebon_0621.jpg","-6.8551247","108.6880723","2023-06-05 16:57:00","diterima"
"623","Jl. Fatahillah KM 7 Segmen 6","uploads/laporan_cirebon_0622.jpg","-6.7299486","108.5343227","2025-10-21 16:02:36","diterima"
"624","Jl. Raya Tengah Tani KM 5 Segmen 6","uploads/laporan_cirebon_0623.jpg","-6.6173051","108.8305697","2023-09-20 06:20:12","diterima"
"625","Jl. Raya Losari KM 8 Segmen 7","uploads/laporan_cirebon_0624.jpg","-6.8031621","108.5489584","2025-11-21 23:35:07","selesai"
"626","Jl. Raya Karangsembung KM 15 Segmen 8","uploads/laporan_cirebon_0625.jpg","-6.7744404","108.5235717","2025-05-07 06:48:59","diterima"
"627","Jl. Raya Gunung Jati KM 3 Segmen 5","uploads/laporan_cirebon_0626.jpg","-6.5994502","108.4458008","2025-04-17 00:08:09","diterima"
"628","Jl. Fatahillah KM 24 Segmen 2","uploads/laporan_cirebon_0627.jpg","-6.5877632","108.779306","2025-09-08 11:44:33","diterima"
"629","Jl. Raya Tengah Tani KM 19 Segmen 7","uploads/laporan_cirebon_0628.jpg","-6.6307799","108.4799975","2023-02-27 05:38:46","diperbaiki"
"630","Jl. Raya Pasaleman KM 18 Segmen 8","uploads/laporan_cirebon_0629.jpg","-6.6711322","108.4498575","2024-09-02 00:23:56","diterima"
"631","Jl. Raya Tengah Tani KM 24 Segmen 5","uploads/laporan_cirebon_0630.jpg","-6.8531416","108.6155279","2023-05-21 23:05:55","diperbaiki"
"632","Jl. Raya Greged KM 1 Segmen 4","uploads/laporan_cirebon_0631.jpg","-6.6032064","108.7590738","2025-08-12 03:55:13","selesai"
"633","Jl. Raya Greged KM 5 Segmen 8","uploads/laporan_cirebon_0632.jpg","-6.8442722","108.6461879","2025-05-29 06:01:12","selesai"
"634","Jl. Raya Weru KM 24 Segmen 8","uploads/laporan_cirebon_0633.jpg","-6.5712887","108.3989973","2025-01-27 19:37:01","diterima"
"635","Jl. Raya Gebang KM 12 Segmen 4","uploads/laporan_cirebon_0634.jpg","-6.885017","108.4771838","2024-07-15 11:25:37","diperbaiki"
"636","Jl. Raya Pangenan KM 2 Segmen 1","uploads/laporan_cirebon_0635.jpg","-6.5567936","108.5323134","2025-12-29 12:11:20","ditolak"
"637","Jl. Raya Lemahabang KM 24 Segmen 5","uploads/laporan_cirebon_0636.jpg","-6.697479","108.6479753","2024-08-08 09:53:11","selesai"
"638","Jl. Raya Dukupuntang KM 19 Segmen 2","uploads/laporan_cirebon_0637.jpg","-6.719168","108.5568745","2023-12-13 13:17:11","diperbaiki"
"639","Jl. Raya Jamblang KM 12 Segmen 8","uploads/laporan_cirebon_0638.jpg","-6.6225699","108.7969708","2023-01-11 12:58:46","diperbaiki"
"640","Jl. Raya Sumber KM 15 Segmen 3","uploads/laporan_cirebon_0639.jpg","-6.8195032","108.6218344","2024-03-12 12:20:14","diterima"
"641","Jl. Raya Arjawinangun KM 6 Segmen 6","uploads/laporan_cirebon_0640.jpg","-6.6892929","108.7639689","2025-10-24 06:57:14","diterima"
"642","Jl. Raya Klangenan KM 24 Segmen 2","uploads/laporan_cirebon_0641.jpg","-6.7314692","108.6050429","2023-11-24 14:36:45","diperbaiki"
"643","Jl. Raya Kapetakan KM 1 Segmen 4","uploads/laporan_cirebon_0642.jpg","-6.8848995","108.6495387","2023-09-08 14:19:47","diterima"
"644","Jl. Raya Greged KM 2 Segmen 3","uploads/laporan_cirebon_0643.jpg","-6.8804308","108.501382","2023-10-07 23:17:09","diperbaiki"
"645","Jl. Raya Gegesik KM 20 Segmen 1","uploads/laporan_cirebon_0644.jpg","-6.5925219","108.7221479","2024-03-16 14:57:15","ditolak"
"646","Jl. Raya Ciledug KM 15 Segmen 8","uploads/laporan_cirebon_0645.jpg","-6.5964442","108.4601664","2024-09-30 09:29:53","selesai"
"647","Jl. Raya Tengah Tani KM 25 Segmen 3","uploads/laporan_cirebon_0646.jpg","-6.6818759","108.6200783","2023-09-18 20:07:05","selesai"
"648","Jl. Raya Klangenan KM 15 Segmen 2","uploads/laporan_cirebon_0647.jpg","-6.8195652","108.5611671","2023-06-18 22:47:14","diterima"
"649","Jl. Raya Waled KM 17 Segmen 7","uploads/laporan_cirebon_0648.jpg","-6.61072","108.6645902","2023-10-03 21:46:42","diperbaiki"
"650","Jl. Raya Suranenggala KM 20 Segmen 1","uploads/laporan_cirebon_0649.jpg","-6.5927866","108.6297721","2023-07-02 20:19:45","diterima"
"651","Jl. Raya Sumber KM 20 Segmen 1","uploads/laporan_cirebon_0650.jpg","-6.5860609","108.7441891","2025-10-05 20:06:48","diperbaiki"
"652","Jl. Raya Kapetakan KM 12 Segmen 1","uploads/laporan_cirebon_0651.jpg","-6.655825","108.5816094","2025-01-19 05:51:53","selesai"
"653","Jl. Raya Susukan KM 12 Segmen 2","uploads/laporan_cirebon_0652.jpg","-6.7510787","108.4996235","2023-12-28 11:42:31","ditolak"
"654","Jl. Pangeran Cakrabuana KM 10 Segmen 7","uploads/laporan_cirebon_0653.jpg","-6.8097683","108.3825706","2023-01-12 08:13:55","diperbaiki"
"655","Jl. Raya Plumbon KM 17 Segmen 1","uploads/laporan_cirebon_0654.jpg","-6.7687395","108.4765468","2024-05-06 00:40:10","diperbaiki"
"656","Jl. Sunan Gunung Jati KM 5 Segmen 7","uploads/laporan_cirebon_0655.jpg","-6.6719484","108.4992074","2025-04-13 02:26:20","diperbaiki"
"657","Jl. Raya Dukupuntang KM 20 Segmen 5","uploads/laporan_cirebon_0656.jpg","-6.5528705","108.5668034","2023-11-13 17:15:00","diperbaiki"
"658","Jl. Raya Pabedilan KM 16 Segmen 3","uploads/laporan_cirebon_0657.jpg","-6.7704255","108.6408083","2024-01-30 12:30:58","ditolak"
"659","Jl. Raya Pabuaran KM 12 Segmen 7","uploads/laporan_cirebon_0658.jpg","-6.6424761","108.7818495","2025-10-21 10:50:46","diterima"
"660","Jl. Raya Babakan KM 15 Segmen 3","uploads/laporan_cirebon_0659.jpg","-6.8649025","108.6189215","2024-06-10 00:52:38","selesai"
"661","Jl. Raya Suranenggala KM 23 Segmen 1","uploads/laporan_cirebon_0660.jpg","-6.8437417","108.833348","2023-01-09 12:14:56","selesai"
"662","Jl. Raya Weru KM 16 Segmen 7","uploads/laporan_cirebon_0661.jpg","-6.8691508","108.5036532","2024-07-30 08:44:08","diterima"
"663","Jl. Siliwangi KM 24 Segmen 7","uploads/laporan_cirebon_0662.jpg","-6.5742603","108.5683031","2025-10-16 14:59:08","diperbaiki"
"664","Jl. Raya Gunung Jati KM 2 Segmen 3","uploads/laporan_cirebon_0663.jpg","-6.675898","108.5863169","2023-11-10 15:11:27","selesai"
"665","Jl. Raya Waled KM 10 Segmen 4","uploads/laporan_cirebon_0664.jpg","-6.8882367","108.661772","2025-03-12 13:55:33","selesai"
"666","Jl. Raya Suranenggala KM 6 Segmen 1","uploads/laporan_cirebon_0665.jpg","-6.774091","108.687859","2023-09-02 20:57:58","diterima"
"667","Jl. Raya Lemahabang KM 25 Segmen 7","uploads/laporan_cirebon_0666.jpg","-6.7764053","108.5657173","2025-06-29 17:39:08","diterima"
"668","Jl. Tuparev KM 24 Segmen 2","uploads/laporan_cirebon_0667.jpg","-6.5782879","108.6383085","2025-05-18 20:16:32","ditolak"
"669","Jl. Raya Jamblang KM 12 Segmen 5","uploads/laporan_cirebon_0668.jpg","-6.8207966","108.8326369","2024-12-07 17:38:40","ditolak"
"670","Jl. Raya Pabuaran KM 1 Segmen 5","uploads/laporan_cirebon_0669.jpg","-6.8387378","108.6179319","2025-05-18 02:15:45","diterima"
"671","Jl. Raya Beber KM 11 Segmen 2","uploads/laporan_cirebon_0670.jpg","-6.6189702","108.8296534","2025-04-15 21:29:30","selesai"
"672","Jl. Raya Pabuaran KM 9 Segmen 8","uploads/laporan_cirebon_0671.jpg","-6.5618806","108.6446892","2024-01-14 04:53:03","selesai"
"673","Jl. Raya Pangenan KM 22 Segmen 8","uploads/laporan_cirebon_0672.jpg","-6.5862167","108.7851509","2025-01-19 00:09:00","diterima"
"674","Jl. Fatahillah KM 13 Segmen 4","uploads/laporan_cirebon_0673.jpg","-6.6630805","108.4880672","2024-05-05 18:17:36","diperbaiki"
"675","Jl. Raya Jamblang KM 17 Segmen 1","uploads/laporan_cirebon_0674.jpg","-6.6547135","108.5037744","2024-03-22 13:55:55","diterima"
"676","Jl. Raya Klangenan KM 3 Segmen 3","uploads/laporan_cirebon_0675.jpg","-6.7332056","108.5461628","2025-06-10 12:33:24","diterima"
"677","Jl. Raya Palimanan KM 16 Segmen 4","uploads/laporan_cirebon_0676.jpg","-6.8177985","108.4937666","2024-02-17 14:01:46","diterima"
"678","Jl. Raya Palimanan KM 8 Segmen 6","uploads/laporan_cirebon_0677.jpg","-6.8454016","108.430144","2023-05-03 05:13:43","selesai"
"679","Jl. Raya Sedong KM 20 Segmen 1","uploads/laporan_cirebon_0678.jpg","-6.6325145","108.6344928","2023-03-07 22:41:00","selesai"
"680","Jl. Raya Dukupuntang KM 20 Segmen 6","uploads/laporan_cirebon_0679.jpg","-6.7276809","108.8431198","2025-06-11 18:38:05","selesai"
"681","Jl. Raya Sedong KM 6 Segmen 5","uploads/laporan_cirebon_0680.jpg","-6.7607422","108.7325796","2023-07-19 12:21:20","diterima"
"682","Jl. Raya Astanajapura KM 16 Segmen 1","uploads/laporan_cirebon_0681.jpg","-6.7241337","108.565047","2025-12-02 11:33:33","selesai"
"683","Jl. Raya Pangenan KM 4 Segmen 8","uploads/laporan_cirebon_0682.jpg","-6.7895221","108.3839567","2025-11-13 11:23:01","diterima"
"684","Jl. Raya Tengah Tani KM 4 Segmen 6","uploads/laporan_cirebon_0683.jpg","-6.7734392","108.7850658","2023-10-19 00:32:55","diperbaiki"
"685","Jl. Raya Losari KM 9 Segmen 8","uploads/laporan_cirebon_0684.jpg","-6.5645156","108.5412553","2023-10-13 23:47:55","diperbaiki"
"686","Jl. Raya Ciledug KM 14 Segmen 6","uploads/laporan_cirebon_0685.jpg","-6.7722227","108.5682785","2024-12-01 11:23:41","diterima"
"687","Jl. Raya Sumber KM 19 Segmen 4","uploads/laporan_cirebon_0686.jpg","-6.6150333","108.7187833","2024-01-02 14:27:14","diperbaiki"
"688","Jl. Raya Susukan KM 7 Segmen 3","uploads/laporan_cirebon_0687.jpg","-6.6199869","108.7271147","2025-01-05 01:14:03","selesai"
"689","Jl. Raya Arjawinangun KM 14 Segmen 8","uploads/laporan_cirebon_0688.jpg","-6.8529349","108.7998371","2025-09-06 23:24:36","diperbaiki"
"690","Jl. Raya Kedawung KM 16 Segmen 5","uploads/laporan_cirebon_0689.jpg","-6.8121591","108.7834959","2023-03-16 09:43:54","diperbaiki"
"691","Jl. Raya Plered KM 2 Segmen 4","uploads/laporan_cirebon_0690.jpg","-6.6151637","108.6039735","2025-09-05 17:57:55","diterima"
"692","Jl. Raya Klangenan KM 9 Segmen 6","uploads/laporan_cirebon_0691.jpg","-6.7738927","108.642021","2024-02-05 15:18:18","diterima"
"693","Jl. Raya Kapetakan KM 4 Segmen 6","uploads/laporan_cirebon_0692.jpg","-6.596421","108.8326648","2023-11-06 08:41:45","diperbaiki"
"694","Jl. Raya Pasaleman KM 6 Segmen 5","uploads/laporan_cirebon_0693.jpg","-6.7757118","108.6964006","2025-01-27 14:05:02","selesai"
"695","Jl. Raya Mundu KM 3 Segmen 7","uploads/laporan_cirebon_0694.jpg","-6.6852177","108.5979635","2023-08-14 07:20:14","selesai"
"696","Jl. Raya Klangenan KM 14 Segmen 7","uploads/laporan_cirebon_0695.jpg","-6.6028847","108.4135317","2023-09-09 22:46:43","diterima"
"697","Jl. Raya Kedawung KM 11 Segmen 5","uploads/laporan_cirebon_0696.jpg","-6.6513483","108.6645309","2024-09-06 14:38:35","diterima"
"698","Jl. Raya Mundu KM 25 Segmen 6","uploads/laporan_cirebon_0697.jpg","-6.6382366","108.6248398","2024-11-30 18:58:40","diperbaiki"
"699","Jl. Raya Arjawinangun KM 1 Segmen 3","uploads/laporan_cirebon_0698.jpg","-6.6452797","108.6911506","2025-12-24 18:52:29","selesai"
"700","Jl. Raya Ciledug KM 6 Segmen 7","uploads/laporan_cirebon_0699.jpg","-6.8639467","108.4099824","2025-01-05 08:38:42","diperbaiki"
"701","Jl. Kartini KM 25 Segmen 7","uploads/laporan_cirebon_0700.jpg","-6.716606","108.8481265","2023-06-11 17:43:54","diterima"
"702","Jl. Raya Weru KM 3 Segmen 7","uploads/laporan_cirebon_0701.jpg","-6.7917203","108.4962764","2024-03-17 17:49:20","diperbaiki"
"703","Jl. Raya Sumber KM 5 Segmen 3","uploads/laporan_cirebon_0702.jpg","-6.89","108.6918681","2024-05-20 11:23:01","selesai"
"704","Jl. Raya Pangenan KM 18 Segmen 5","uploads/laporan_cirebon_0703.jpg","-6.7080092","108.443504","2025-12-20 00:15:57","diperbaiki"
"705","Jl. Raya Tengah Tani KM 20 Segmen 8","uploads/laporan_cirebon_0704.jpg","-6.6791334","108.67885","2025-05-26 09:51:56","diperbaiki"
"706","Jl. Raya Pasaleman KM 10 Segmen 6","uploads/laporan_cirebon_0705.jpg","-6.7314219","108.4867504","2023-05-20 09:48:57","diperbaiki"
"707","Jl. Raya Dukupuntang KM 14 Segmen 5","uploads/laporan_cirebon_0706.jpg","-6.8454989","108.3849612","2025-03-24 05:38:36","selesai"
"708","Jl. Raya Sumber KM 12 Segmen 5","uploads/laporan_cirebon_0707.jpg","-6.7357807","108.383909","2025-02-03 11:32:28","ditolak"
"709","Jl. Raya Karangsembung KM 10 Segmen 1","uploads/laporan_cirebon_0708.jpg","-6.6319458","108.7550434","2025-07-16 16:54:47","diterima"
"710","Jl. Tuparev KM 18 Segmen 6","uploads/laporan_cirebon_0709.jpg","-6.8340002","108.7946162","2024-11-10 07:30:23","diperbaiki"
"711","Jl. Raya Plered KM 23 Segmen 7","uploads/laporan_cirebon_0710.jpg","-6.6100506","108.4836784","2023-05-04 08:09:10","diperbaiki"
"712","Jl. Raya Losari KM 17 Segmen 5","uploads/laporan_cirebon_0711.jpg","-6.8003631","108.7291756","2024-02-22 21:24:41","diperbaiki"
"713","Jl. Fatahillah KM 6 Segmen 3","uploads/laporan_cirebon_0712.jpg","-6.7986416","108.6793396","2025-08-17 21:37:18","diperbaiki"
"714","Jl. Raya Suranenggala KM 16 Segmen 4","uploads/laporan_cirebon_0713.jpg","-6.7877747","108.4515102","2025-04-11 08:09:19","diterima"
"715","Jl. Sunan Gunung Jati KM 10 Segmen 5","uploads/laporan_cirebon_0714.jpg","-6.8562363","108.5860558","2023-01-14 00:52:14","diterima"
"716","Jl. Raya Weru KM 1 Segmen 8","uploads/laporan_cirebon_0715.jpg","-6.8239842","108.5775142","2025-02-13 12:32:25","ditolak"
"717","Jl. Raya Pangenan KM 23 Segmen 1","uploads/laporan_cirebon_0716.jpg","-6.784413","108.7764668","2023-08-16 05:32:56","diterima"
"718","Jl. Raya Gegesik KM 3 Segmen 8","uploads/laporan_cirebon_0717.jpg","-6.8364387","108.8009785","2024-01-24 18:38:17","selesai"
"719","Jl. Tuparev KM 4 Segmen 4","uploads/laporan_cirebon_0718.jpg","-6.7653207","108.8382369","2024-01-20 05:52:27","selesai"
"720","Jl. Siliwangi KM 7 Segmen 8","uploads/laporan_cirebon_0719.jpg","-6.642637","108.4241613","2025-10-31 21:34:24","ditolak"
"721","Jl. Raya Karangsembung KM 13 Segmen 5","uploads/laporan_cirebon_0720.jpg","-6.5723247","108.4545474","2023-03-07 19:48:17","selesai"
"722","Jl. Raya Pabedilan KM 17 Segmen 2","uploads/laporan_cirebon_0721.jpg","-6.8113405","108.6801044","2023-11-05 23:57:14","diperbaiki"
"723","Jl. Cipto Mangunkusumo KM 22 Segmen 4","uploads/laporan_cirebon_0722.jpg","-6.5593541","108.4909039","2024-11-05 17:43:10","diterima"
"724","Jl. Raya Plered KM 9 Segmen 2","uploads/laporan_cirebon_0723.jpg","-6.7614671","108.494252","2023-03-07 12:37:34","diperbaiki"
"725","Jl. Raya Karangsembung KM 23 Segmen 3","uploads/laporan_cirebon_0724.jpg","-6.7700105","108.4220556","2023-09-03 06:25:28","diperbaiki"
"726","Jl. Raya Suranenggala KM 11 Segmen 1","uploads/laporan_cirebon_0725.jpg","-6.8790787","108.6829502","2025-12-25 18:24:29","diperbaiki"
"727","Jl. Sunan Gunung Jati KM 5 Segmen 8","uploads/laporan_cirebon_0726.jpg","-6.8185639","108.8413876","2025-09-28 17:08:38","selesai"
"728","Jl. Raya Mundu KM 24 Segmen 4","uploads/laporan_cirebon_0727.jpg","-6.8925265","108.5575514","2023-07-29 14:10:46","diterima"
"729","Jl. Siliwangi KM 16 Segmen 8","uploads/laporan_cirebon_0728.jpg","-6.7043413","108.635085","2025-01-31 14:57:14","diterima"
"730","Jl. Raya Arjawinangun KM 18 Segmen 6","uploads/laporan_cirebon_0729.jpg","-6.7867117","108.6001455","2025-07-19 07:24:21","ditolak"
"731","Jl. Raya Pabedilan KM 6 Segmen 2","uploads/laporan_cirebon_0730.jpg","-6.7141019","108.5912106","2024-02-14 09:22:20","diperbaiki"
"732","Jl. Raya Pangenan KM 1 Segmen 7","uploads/laporan_cirebon_0731.jpg","-6.6432198","108.7949782","2025-08-21 00:22:50","selesai"
"733","Jl. Raya Suranenggala KM 8 Segmen 6","uploads/laporan_cirebon_0732.jpg","-6.6476488","108.689396","2025-04-17 12:45:19","selesai"
"734","Jl. Raya Palimanan KM 17 Segmen 8","uploads/laporan_cirebon_0733.jpg","-6.6319931","108.4524418","2024-03-16 02:49:02","diterima"
"735","Jl. Raya Kedawung KM 4 Segmen 2","uploads/laporan_cirebon_0734.jpg","-6.7168798","108.4113395","2023-07-21 21:20:07","diterima"
"736","Jl. Siliwangi KM 7 Segmen 2","uploads/laporan_cirebon_0735.jpg","-6.7301204","108.4264142","2025-06-06 07:52:37","selesai"
"737","Jl. Raya Susukan KM 22 Segmen 8","uploads/laporan_cirebon_0736.jpg","-6.7159625","108.7096176","2024-02-02 21:04:48","diterima"
"738","Jl. Raya Babakan KM 20 Segmen 2","uploads/laporan_cirebon_0737.jpg","-6.8954199","108.8128865","2025-10-15 23:06:29","diperbaiki"
"739","Jl. Pangeran Cakrabuana KM 15 Segmen 1","uploads/laporan_cirebon_0738.jpg","-6.7736759","108.7294344","2024-10-08 10:51:33","selesai"
"740","Jl. Cipto Mangunkusumo KM 20 Segmen 5","uploads/laporan_cirebon_0739.jpg","-6.7148427","108.7251212","2024-04-17 09:22:58","diterima"
"741","Jl. Raya Ciledug KM 17 Segmen 2","uploads/laporan_cirebon_0740.jpg","-6.8645712","108.4885785","2024-08-21 21:11:03","diterima"
"742","Jl. Raya Waled KM 22 Segmen 4","uploads/laporan_cirebon_0741.jpg","-6.7004903","108.8253266","2025-05-17 18:32:10","selesai"
"743","Jl. Raya Kapetakan KM 24 Segmen 2","uploads/laporan_cirebon_0742.jpg","-6.6318008","108.6509849","2025-11-14 01:54:19","diperbaiki"
"744","Jl. Raya Astanajapura KM 4 Segmen 3","uploads/laporan_cirebon_0743.jpg","-6.6226384","108.6384838","2025-02-23 07:18:38","diterima"
"745","Jl. Raya Plered KM 18 Segmen 8","uploads/laporan_cirebon_0744.jpg","-6.573268","108.8041679","2025-05-04 19:31:07","ditolak"
"746","Jl. Raya Kedawung KM 12 Segmen 7","uploads/laporan_cirebon_0745.jpg","-6.6325355","108.5823764","2024-05-17 18:07:27","selesai"
"747","Jl. Raya Pabuaran KM 18 Segmen 4","uploads/laporan_cirebon_0746.jpg","-6.7687279","108.6386122","2024-01-31 00:07:45","diperbaiki"
"748","Jl. Raya Mundu KM 15 Segmen 7","uploads/laporan_cirebon_0747.jpg","-6.8999315","108.3962916","2024-03-18 05:15:50","diperbaiki"
"749","Jl. Raya Waled KM 5 Segmen 5","uploads/laporan_cirebon_0748.jpg","-6.8977009","108.8426654","2023-12-01 00:10:29","selesai"
"750","Jl. Kartini KM 25 Segmen 5","uploads/laporan_cirebon_0749.jpg","-6.5783108","108.6202976","2025-06-05 19:03:09","ditolak"
"751","Jl. Raya Weru KM 4 Segmen 1","uploads/laporan_cirebon_0750.jpg","-6.7388706","108.4533703","2024-02-16 22:28:31","diperbaiki"
"752","Jl. Raya Tengah Tani KM 8 Segmen 4","uploads/laporan_cirebon_0751.jpg","-6.8103147","108.5211421","2025-06-05 12:18:10","diperbaiki"
"753","Jl. Raya Ciledug KM 24 Segmen 2","uploads/laporan_cirebon_0752.jpg","-6.6467468","108.752665","2023-09-26 21:16:19","diperbaiki"
"754","Jl. Raya Pabuaran KM 4 Segmen 5","uploads/laporan_cirebon_0753.jpg","-6.8869199","108.7599204","2024-08-16 00:04:12","diterima"
"755","Jl. Cipto Mangunkusumo KM 25 Segmen 6","uploads/laporan_cirebon_0754.jpg","-6.7782244","108.7640566","2024-10-09 08:03:17","ditolak"
"756","Jl. Raya Plumbon KM 25 Segmen 4","uploads/laporan_cirebon_0755.jpg","-6.6383125","108.7792547","2023-01-19 01:18:16","selesai"
"757","Jl. Raya Susukan KM 2 Segmen 5","uploads/laporan_cirebon_0756.jpg","-6.7164658","108.5300788","2025-05-27 20:28:45","diterima"
"758","Jl. Raya Greged KM 23 Segmen 4","uploads/laporan_cirebon_0757.jpg","-6.8463809","108.6966086","2024-09-02 14:43:43","ditolak"
"759","Jl. Raya Gunung Jati KM 19 Segmen 2","uploads/laporan_cirebon_0758.jpg","-6.82227","108.516198","2024-09-04 20:24:17","diterima"
"760","Jl. Raya Klangenan KM 3 Segmen 8","uploads/laporan_cirebon_0759.jpg","-6.6999958","108.4031762","2024-09-12 09:55:49","diterima"
"761","Jl. Raya Gegesik KM 17 Segmen 7","uploads/laporan_cirebon_0760.jpg","-6.6291612","108.4412763","2023-07-29 19:20:47","diperbaiki"
"762","Jl. Raya Palimanan KM 16 Segmen 7","uploads/laporan_cirebon_0761.jpg","-6.671713","108.4721667","2025-08-15 05:01:35","ditolak"
"763","Jl. Raya Waled KM 8 Segmen 4","uploads/laporan_cirebon_0762.jpg","-6.8749246","108.7450828","2024-05-17 16:39:35","selesai"
"764","Jl. Raya Pabuaran KM 3 Segmen 2","uploads/laporan_cirebon_0763.jpg","-6.6648884","108.5790641","2024-06-25 08:51:29","diterima"
"765","Jl. Raya Jamblang KM 20 Segmen 1","uploads/laporan_cirebon_0764.jpg","-6.6306115","108.45955","2024-06-27 13:22:20","selesai"
"766","Jl. Raya Mundu KM 20 Segmen 3","uploads/laporan_cirebon_0765.jpg","-6.7458378","108.8143802","2023-12-30 00:07:23","diterima"
"767","Jl. Raya Dukupuntang KM 5 Segmen 2","uploads/laporan_cirebon_0766.jpg","-6.8606699","108.4056329","2025-08-22 23:38:56","ditolak"
"768","Jl. Raya Beber KM 1 Segmen 6","uploads/laporan_cirebon_0767.jpg","-6.6571717","108.4323007","2024-11-30 10:30:41","diperbaiki"
"769","Jl. Raya Klangenan KM 7 Segmen 4","uploads/laporan_cirebon_0768.jpg","-6.8286695","108.625935","2024-02-07 02:28:09","diperbaiki"
"770","Jl. Raya Suranenggala KM 24 Segmen 3","uploads/laporan_cirebon_0769.jpg","-6.6567251","108.6940825","2024-08-08 07:54:51","diperbaiki"
"771","Jl. Raya Waled KM 2 Segmen 5","uploads/laporan_cirebon_0770.jpg","-6.8403881","108.5134864","2025-12-18 07:23:49","selesai"
"772","Jl. Cipto Mangunkusumo KM 15 Segmen 1","uploads/laporan_cirebon_0771.jpg","-6.8766908","108.6903752","2025-10-27 04:44:48","selesai"
"773","Jl. Raya Dukupuntang KM 4 Segmen 1","uploads/laporan_cirebon_0772.jpg","-6.7976265","108.7951991","2024-08-23 17:37:49","diterima"
"774","Jl. Raya Susukan KM 17 Segmen 2","uploads/laporan_cirebon_0773.jpg","-6.5836448","108.6077912","2025-07-16 20:44:25","diperbaiki"
"775","Jl. Raya Arjawinangun KM 7 Segmen 8","uploads/laporan_cirebon_0774.jpg","-6.7037594","108.7148605","2023-03-04 01:04:37","diterima"
"776","Jl. Raya Waled KM 10 Segmen 6","uploads/laporan_cirebon_0775.jpg","-6.7285235","108.7298636","2023-01-29 19:57:58","diterima"
"777","Jl. Raya Jamblang KM 12 Segmen 5","uploads/laporan_cirebon_0776.jpg","-6.8173283","108.8397748","2025-02-17 23:00:32","diterima"
"778","Jl. Cipto Mangunkusumo KM 21 Segmen 5","uploads/laporan_cirebon_0777.jpg","-6.592463","108.798489","2023-02-16 01:34:05","ditolak"
"779","Jl. Raya Lemahabang KM 8 Segmen 3","uploads/laporan_cirebon_0778.jpg","-6.7803748","108.5646379","2023-08-02 12:26:56","diterima"
"780","Jl. Raya Susukan KM 17 Segmen 4","uploads/laporan_cirebon_0779.jpg","-6.7539333","108.6492623","2024-10-24 18:46:02","ditolak"
"781","Jl. Raya Gunung Jati KM 11 Segmen 8","uploads/laporan_cirebon_0780.jpg","-6.7102182","108.4771759","2023-08-04 13:30:26","diperbaiki"
"782","Jl. Raya Palimanan KM 5 Segmen 5","uploads/laporan_cirebon_0781.jpg","-6.6590138","108.8023623","2023-07-30 09:34:42","diperbaiki"
"783","Jl. Raya Weru KM 21 Segmen 3","uploads/laporan_cirebon_0782.jpg","-6.7888763","108.6419499","2023-07-04 04:47:53","diterima"
"784","Jl. Raya Weru KM 24 Segmen 1","uploads/laporan_cirebon_0783.jpg","-6.6320977","108.793662","2024-10-05 11:32:08","ditolak"
"785","Jl. Raya Talun KM 15 Segmen 5","uploads/laporan_cirebon_0784.jpg","-6.846815","108.4683288","2023-07-24 15:23:09","diterima"
"786","Jl. Raya Suranenggala KM 20 Segmen 5","uploads/laporan_cirebon_0785.jpg","-6.6880384","108.6678102","2025-07-15 16:56:17","diterima"
"787","Jl. Kartini KM 12 Segmen 2","uploads/laporan_cirebon_0786.jpg","-6.6591506","108.604003","2025-02-19 15:01:04","selesai"
"788","Jl. Raya Karangsembung KM 23 Segmen 6","uploads/laporan_cirebon_0787.jpg","-6.8356082","108.5621063","2025-01-06 09:17:37","diterima"
"789","Jl. Raya Palimanan KM 8 Segmen 1","uploads/laporan_cirebon_0788.jpg","-6.7569938","108.8353431","2024-02-24 12:03:41","ditolak"
"790","Jl. Raya Babakan KM 24 Segmen 4","uploads/laporan_cirebon_0789.jpg","-6.6347782","108.4110841","2024-11-13 16:44:21","selesai"
"791","Jl. Raya Sedong KM 23 Segmen 6","uploads/laporan_cirebon_0790.jpg","-6.5966288","108.7971659","2024-10-26 11:25:52","diperbaiki"
"792","Jl. Siliwangi KM 20 Segmen 7","uploads/laporan_cirebon_0791.jpg","-6.6479297","108.5652508","2025-06-07 18:15:42","diperbaiki"
"793","Jl. Raya Waled KM 21 Segmen 1","uploads/laporan_cirebon_0792.jpg","-6.7177728","108.5922565","2023-03-08 04:22:47","selesai"
"794","Jl. Raya Losari KM 17 Segmen 7","uploads/laporan_cirebon_0793.jpg","-6.5556593","108.3984483","2024-08-25 02:14:19","diperbaiki"
"795","Jl. Cipto Mangunkusumo KM 7 Segmen 5","uploads/laporan_cirebon_0794.jpg","-6.7461561","108.7956669","2024-03-20 10:40:06","diperbaiki"
"796","Jl. Raya Astanajapura KM 10 Segmen 1","uploads/laporan_cirebon_0795.jpg","-6.6585165","108.8047276","2024-12-21 10:28:33","selesai"
"797","Jl. Raya Mundu KM 3 Segmen 2","uploads/laporan_cirebon_0796.jpg","-6.83708","108.6551604","2025-12-17 16:00:58","diperbaiki"
"798","Jl. Raya Gegesik KM 14 Segmen 6","uploads/laporan_cirebon_0797.jpg","-6.74219","108.4640729","2025-07-06 07:33:21","selesai"
"799","Jl. Raya Palimanan KM 15 Segmen 2","uploads/laporan_cirebon_0798.jpg","-6.8124712","108.7051072","2023-09-13 01:08:25","selesai"
"800","Jl. Raya Plumbon KM 3 Segmen 2","uploads/laporan_cirebon_0799.jpg","-6.6528207","108.678014","2023-05-13 19:27:30","diperbaiki"
"801","Jl. Raya Susukan KM 24 Segmen 3","uploads/laporan_cirebon_0800.jpg","-6.7674625","108.5588853","2023-09-23 18:03:13","ditolak"
"802","Jl. Raya Pabuaran KM 22 Segmen 3","uploads/laporan_cirebon_0801.jpg","-6.8432566","108.4479655","2023-03-21 23:59:37","diperbaiki"
"803","Jl. Raya Talun KM 24 Segmen 8","uploads/laporan_cirebon_0802.jpg","-6.7989268","108.4649271","2023-07-24 16:19:24","ditolak"
"804","Jl. Tuparev KM 20 Segmen 5","uploads/laporan_cirebon_0803.jpg","-6.8957273","108.613885","2025-02-13 21:43:48","diperbaiki"
"805","Jl. Tuparev KM 20 Segmen 8","uploads/laporan_cirebon_0804.jpg","-6.8167426","108.6567653","2025-01-09 06:49:42","diperbaiki"
"806","Jl. Raya Mundu KM 3 Segmen 1","uploads/laporan_cirebon_0805.jpg","-6.8143504","108.6372506","2025-08-21 01:33:09","selesai"
"807","Jl. Raya Ciledug KM 2 Segmen 3","uploads/laporan_cirebon_0806.jpg","-6.8481103","108.6870401","2023-02-27 08:03:36","diterima"
"808","Jl. Siliwangi KM 22 Segmen 5","uploads/laporan_cirebon_0807.jpg","-6.7841111","108.4212203","2023-06-19 10:37:32","diperbaiki"
"809","Jl. Raya Arjawinangun KM 6 Segmen 5","uploads/laporan_cirebon_0808.jpg","-6.6861186","108.7050114","2025-07-13 13:03:05","diperbaiki"
"810","Jl. Raya Pabedilan KM 6 Segmen 8","uploads/laporan_cirebon_0809.jpg","-6.6377328","108.5492887","2023-02-25 23:12:49","diterima"
"811","Jl. Raya Talun KM 11 Segmen 6","uploads/laporan_cirebon_0810.jpg","-6.5858646","108.7655244","2024-10-26 02:47:14","selesai"
"812","Jl. Fatahillah KM 10 Segmen 8","uploads/laporan_cirebon_0811.jpg","-6.852909","108.7064711","2024-03-02 14:03:53","diterima"
"813","Jl. Raya Kapetakan KM 17 Segmen 4","uploads/laporan_cirebon_0812.jpg","-6.6564597","108.6676653","2023-06-20 02:04:57","diperbaiki"
"814","Jl. Raya Waled KM 3 Segmen 8","uploads/laporan_cirebon_0813.jpg","-6.6465741","108.6642457","2024-03-22 10:07:07","diperbaiki"
"815","Jl. Raya Kedawung KM 9 Segmen 6","uploads/laporan_cirebon_0814.jpg","-6.5755131","108.6687163","2025-02-10 10:01:07","diperbaiki"
"816","Jl. Raya Sedong KM 16 Segmen 3","uploads/laporan_cirebon_0815.jpg","-6.5907177","108.4893792","2024-03-27 13:10:47","ditolak"
"817","Jl. Tuparev KM 4 Segmen 1","uploads/laporan_cirebon_0816.jpg","-6.73729","108.7544643","2023-11-19 08:51:13","selesai"
"818","Jl. Raya Kapetakan KM 14 Segmen 1","uploads/laporan_cirebon_0817.jpg","-6.7831727","108.6433953","2025-09-17 14:51:17","diterima"
"819","Jl. Raya Palimanan KM 23 Segmen 5","uploads/laporan_cirebon_0818.jpg","-6.8109539","108.4118829","2024-04-11 18:23:55","diperbaiki"
"820","Jl. Raya Kedawung KM 25 Segmen 1","uploads/laporan_cirebon_0819.jpg","-6.8601571","108.536643","2024-09-07 12:47:20","selesai"
"821","Jl. Raya Suranenggala KM 1 Segmen 3","uploads/laporan_cirebon_0820.jpg","-6.8320945","108.7718979","2025-11-10 22:36:32","diperbaiki"
"822","Jl. Raya Karangsembung KM 2 Segmen 3","uploads/laporan_cirebon_0821.jpg","-6.7314766","108.6747842","2025-04-14 10:36:03","selesai"
"823","Jl. Raya Pangenan KM 14 Segmen 1","uploads/laporan_cirebon_0822.jpg","-6.607713","108.5206916","2025-11-19 20:02:24","diterima"
"824","Jl. Raya Pasaleman KM 1 Segmen 4","uploads/laporan_cirebon_0823.jpg","-6.6979108","108.5359081","2024-07-03 13:59:50","diterima"
"825","Jl. Raya Weru KM 9 Segmen 1","uploads/laporan_cirebon_0824.jpg","-6.7812967","108.5563632","2025-04-10 06:08:51","selesai"
"826","Jl. Raya Pabuaran KM 20 Segmen 7","uploads/laporan_cirebon_0825.jpg","-6.8344174","108.434917","2024-04-24 04:33:51","selesai"
"827","Jl. Raya Kedawung KM 23 Segmen 1","uploads/laporan_cirebon_0826.jpg","-6.8049759","108.420795","2024-01-05 10:56:42","diperbaiki"
"828","Jl. Raya Talun KM 7 Segmen 5","uploads/laporan_cirebon_0827.jpg","-6.8387455","108.5558814","2023-02-28 09:11:16","selesai"
"829","Jl. Pangeran Cakrabuana KM 15 Segmen 1","uploads/laporan_cirebon_0828.jpg","-6.6203412","108.8053292","2023-08-28 15:26:09","diterima"
"830","Jl. Raya Karangsembung KM 24 Segmen 5","uploads/laporan_cirebon_0829.jpg","-6.6285634","108.4473487","2023-06-02 22:05:01","selesai"
"831","Jl. Raya Waled KM 22 Segmen 3","uploads/laporan_cirebon_0830.jpg","-6.8281845","108.3971797","2024-08-25 09:20:09","selesai"
"832","Jl. Raya Waled KM 4 Segmen 1","uploads/laporan_cirebon_0831.jpg","-6.7911565","108.4006941","2025-07-12 11:38:48","selesai"
"833","Jl. Raya Klangenan KM 15 Segmen 1","uploads/laporan_cirebon_0832.jpg","-6.863914","108.7401047","2024-04-30 17:07:43","diterima"
"834","Jl. Raya Talun KM 21 Segmen 4","uploads/laporan_cirebon_0833.jpg","-6.7876919","108.4704965","2024-03-06 01:14:32","diperbaiki"
"835","Jl. Raya Mundu KM 22 Segmen 2","uploads/laporan_cirebon_0834.jpg","-6.804571","108.4540231","2023-06-28 02:23:34","diterima"
"836","Jl. Raya Suranenggala KM 18 Segmen 2","uploads/laporan_cirebon_0835.jpg","-6.8276979","108.5446495","2024-05-10 00:58:41","diterima"
"837","Jl. Raya Beber KM 19 Segmen 4","uploads/laporan_cirebon_0836.jpg","-6.8400538","108.5263475","2024-06-10 12:06:04","diperbaiki"
"838","Jl. Cipto Mangunkusumo KM 5 Segmen 1","uploads/laporan_cirebon_0837.jpg","-6.7352425","108.6974831","2023-06-14 20:14:30","diperbaiki"
"839","Jl. Pangeran Cakrabuana KM 14 Segmen 7","uploads/laporan_cirebon_0838.jpg","-6.837356","108.660177","2025-07-10 02:33:13","selesai"
"840","Jl. Raya Mundu KM 20 Segmen 6","uploads/laporan_cirebon_0839.jpg","-6.7906458","108.7641977","2025-11-08 10:51:22","selesai"
"841","Jl. Pangeran Cakrabuana KM 25 Segmen 8","uploads/laporan_cirebon_0840.jpg","-6.7012737","108.4236706","2025-12-21 12:40:25","diperbaiki"
"842","Jl. Raya Pangenan KM 10 Segmen 8","uploads/laporan_cirebon_0841.jpg","-6.7353089","108.8253007","2023-08-12 13:19:57","selesai"
"843","Jl. Raya Suranenggala KM 9 Segmen 6","uploads/laporan_cirebon_0842.jpg","-6.7627731","108.7088189","2025-10-30 14:43:51","diterima"
"844","Jl. Raya Kedawung KM 15 Segmen 8","uploads/laporan_cirebon_0843.jpg","-6.8894076","108.6034072","2024-06-30 05:39:48","diperbaiki"
"845","Jl. Raya Plered KM 10 Segmen 6","uploads/laporan_cirebon_0844.jpg","-6.6884459","108.4398752","2023-06-10 04:35:27","diperbaiki"
"846","Jl. Sunan Gunung Jati KM 11 Segmen 2","uploads/laporan_cirebon_0845.jpg","-6.6226492","108.6303904","2024-09-14 22:31:16","diperbaiki"
"847","Jl. Raya Losari KM 20 Segmen 4","uploads/laporan_cirebon_0846.jpg","-6.7082178","108.8377291","2024-08-19 12:42:53","diterima"
"848","Jl. Raya Ciledug KM 23 Segmen 7","uploads/laporan_cirebon_0847.jpg","-6.6254901","108.5846162","2024-06-15 21:10:18","diperbaiki"
"849","Jl. Raya Losari KM 6 Segmen 2","uploads/laporan_cirebon_0848.jpg","-6.6412215","108.7145971","2025-01-26 05:53:34","diterima"
"850","Jl. Raya Gunung Jati KM 15 Segmen 6","uploads/laporan_cirebon_0849.jpg","-6.7057193","108.7663508","2023-10-01 23:14:34","diterima"
"851","Jl. Raya Gegesik KM 3 Segmen 2","uploads/laporan_cirebon_0850.jpg","-6.660072","108.6603105","2024-08-11 21:49:35","diterima"
"852","Jl. Cipto Mangunkusumo KM 3 Segmen 4","uploads/laporan_cirebon_0851.jpg","-6.6140382","108.7970129","2025-09-15 11:45:01","selesai"
"853","Jl. Raya Weru KM 22 Segmen 3","uploads/laporan_cirebon_0852.jpg","-6.741459","108.5170065","2025-08-14 13:11:37","diperbaiki"
"854","Jl. Raya Palimanan KM 7 Segmen 6","uploads/laporan_cirebon_0853.jpg","-6.7950926","108.7533429","2025-11-21 22:47:35","diterima"
"855","Jl. Raya Astanajapura KM 23 Segmen 6","uploads/laporan_cirebon_0854.jpg","-6.5533988","108.6538817","2025-08-08 05:01:39","ditolak"
"856","Jl. Raya Gegesik KM 5 Segmen 5","uploads/laporan_cirebon_0855.jpg","-6.8781563","108.8035056","2023-03-24 19:43:47","diterima"
"857","Jl. Raya Pabedilan KM 12 Segmen 2","uploads/laporan_cirebon_0856.jpg","-6.5985633","108.7868694","2024-01-01 17:25:35","diperbaiki"
"858","Jl. Raya Tengah Tani KM 13 Segmen 6","uploads/laporan_cirebon_0857.jpg","-6.6508792","108.5708353","2024-11-07 08:03:39","diperbaiki"
"859","Jl. Raya Arjawinangun KM 16 Segmen 3","uploads/laporan_cirebon_0858.jpg","-6.8341206","108.5607597","2024-07-13 23:30:21","selesai"
"860","Jl. Raya Weru KM 10 Segmen 3","uploads/laporan_cirebon_0859.jpg","-6.8530029","108.4137206","2023-01-25 16:37:45","diterima"
"861","Jl. Raya Sedong KM 22 Segmen 7","uploads/laporan_cirebon_0860.jpg","-6.5587587","108.4438146","2023-08-02 10:56:32","selesai"
"862","Jl. Raya Kapetakan KM 15 Segmen 7","uploads/laporan_cirebon_0861.jpg","-6.681863","108.5935653","2024-10-21 03:30:51","diperbaiki"
"863","Jl. Raya Mundu KM 13 Segmen 6","uploads/laporan_cirebon_0862.jpg","-6.8209907","108.5796428","2023-01-12 20:00:36","diperbaiki"
"864","Jl. Raya Losari KM 23 Segmen 5","uploads/laporan_cirebon_0863.jpg","-6.7562068","108.6366981","2024-07-24 08:38:03","diterima"
"865","Jl. Siliwangi KM 19 Segmen 8","uploads/laporan_cirebon_0864.jpg","-6.6532911","108.4331873","2025-01-18 07:50:52","ditolak"
"866","Jl. Pangeran Cakrabuana KM 5 Segmen 5","uploads/laporan_cirebon_0865.jpg","-6.7372723","108.4167703","2025-08-06 00:04:51","diterima"
"867","Jl. Raya Karangsembung KM 21 Segmen 2","uploads/laporan_cirebon_0866.jpg","-6.6605741","108.6334227","2025-06-19 17:06:52","diterima"
"868","Jl. Cipto Mangunkusumo KM 11 Segmen 1","uploads/laporan_cirebon_0867.jpg","-6.7358959","108.6209517","2024-12-30 05:15:05","diperbaiki"
"869","Jl. Raya Klangenan KM 14 Segmen 6","uploads/laporan_cirebon_0868.jpg","-6.5637965","108.7551649","2024-03-25 13:28:20","diterima"
"870","Jl. Raya Gunung Jati KM 24 Segmen 5","uploads/laporan_cirebon_0869.jpg","-6.6455599","108.6449419","2023-04-06 16:49:12","selesai"
"871","Jl. Raya Tengah Tani KM 6 Segmen 1","uploads/laporan_cirebon_0870.jpg","-6.670288","108.517124","2025-08-28 03:13:30","diterima"
"872","Jl. Raya Sedong KM 3 Segmen 3","uploads/laporan_cirebon_0871.jpg","-6.7230414","108.7801793","2024-03-07 21:57:14","diterima"
"873","Jl. Raya Suranenggala KM 9 Segmen 5","uploads/laporan_cirebon_0872.jpg","-6.5997496","108.3866754","2023-06-23 13:51:47","selesai"
"874","Jl. Raya Tengah Tani KM 24 Segmen 3","uploads/laporan_cirebon_0873.jpg","-6.6692955","108.5537904","2023-09-30 18:21:44","diterima"
"875","Jl. Raya Losari KM 16 Segmen 3","uploads/laporan_cirebon_0874.jpg","-6.6202198","108.7851468","2024-06-16 21:17:58","ditolak"
"876","Jl. Raya Weru KM 20 Segmen 3","uploads/laporan_cirebon_0875.jpg","-6.606835","108.7337978","2024-10-03 18:48:45","selesai"
"877","Jl. Raya Losari KM 22 Segmen 8","uploads/laporan_cirebon_0876.jpg","-6.6459003","108.4586231","2025-06-16 19:21:24","selesai"
"878","Jl. Raya Jamblang KM 2 Segmen 5","uploads/laporan_cirebon_0877.jpg","-6.6355806","108.4345174","2023-09-18 15:35:44","diperbaiki"
"879","Jl. Raya Karangsembung KM 10 Segmen 8","uploads/laporan_cirebon_0878.jpg","-6.6388473","108.7336411","2025-04-07 12:48:56","diterima"
"880","Jl. Raya Susukan KM 16 Segmen 5","uploads/laporan_cirebon_0879.jpg","-6.8491976","108.7890305","2023-01-19 17:17:10","diterima"
"881","Jl. Raya Mundu KM 13 Segmen 6","uploads/laporan_cirebon_0880.jpg","-6.563383","108.7009519","2023-03-06 00:14:51","diterima"
"882","Jl. Raya Pasaleman KM 21 Segmen 6","uploads/laporan_cirebon_0881.jpg","-6.5653357","108.5829394","2025-10-10 05:46:46","selesai"
"883","Jl. Raya Klangenan KM 9 Segmen 5","uploads/laporan_cirebon_0882.jpg","-6.6191893","108.5000116","2025-06-26 18:41:27","diperbaiki"
"884","Jl. Raya Losari KM 24 Segmen 4","uploads/laporan_cirebon_0883.jpg","-6.7180167","108.6985275","2023-10-07 18:46:44","diterima"
"885","Jl. Tuparev KM 22 Segmen 1","uploads/laporan_cirebon_0884.jpg","-6.6089087","108.3856219","2023-06-02 01:28:25","diperbaiki"
"886","Jl. Raya Mundu KM 12 Segmen 4","uploads/laporan_cirebon_0885.jpg","-6.6461623","108.4983912","2023-02-23 04:10:08","diterima"
"887","Jl. Pangeran Cakrabuana KM 2 Segmen 4","uploads/laporan_cirebon_0886.jpg","-6.5673289","108.679899","2023-07-06 16:04:15","diterima"
"888","Jl. Raya Gunung Jati KM 5 Segmen 7","uploads/laporan_cirebon_0887.jpg","-6.6702619","108.8029517","2025-05-29 15:34:28","selesai"
"889","Jl. Raya Arjawinangun KM 4 Segmen 3","uploads/laporan_cirebon_0888.jpg","-6.8113325","108.5994691","2023-04-28 21:49:44","selesai"
"890","Jl. Raya Lemahabang KM 25 Segmen 7","uploads/laporan_cirebon_0889.jpg","-6.6577225","108.6937622","2024-05-17 16:22:47","diterima"
"891","Jl. Fatahillah KM 9 Segmen 1","uploads/laporan_cirebon_0890.jpg","-6.7660203","108.5363477","2023-04-04 14:08:55","diterima"
"892","Jl. Raya Gebang KM 6 Segmen 8","uploads/laporan_cirebon_0891.jpg","-6.8757105","108.8403283","2023-11-09 00:29:12","selesai"
"893","Jl. Raya Arjawinangun KM 21 Segmen 8","uploads/laporan_cirebon_0892.jpg","-6.8620493","108.6340971","2024-11-01 05:17:55","diterima"
"894","Jl. Sunan Gunung Jati KM 15 Segmen 5","uploads/laporan_cirebon_0893.jpg","-6.8638495","108.4142722","2025-06-06 20:16:08","selesai"
"895","Jl. Raya Mundu KM 1 Segmen 8","uploads/laporan_cirebon_0894.jpg","-6.847901","108.6809576","2023-03-01 01:36:52","selesai"
"896","Jl. Raya Lemahabang KM 5 Segmen 6","uploads/laporan_cirebon_0895.jpg","-6.5833839","108.6500809","2025-03-11 21:52:15","selesai"
"897","Jl. Raya Sedong KM 16 Segmen 7","uploads/laporan_cirebon_0896.jpg","-6.7586305","108.7220507","2023-04-20 04:30:20","diperbaiki"
"898","Jl. Tuparev KM 13 Segmen 8","uploads/laporan_cirebon_0897.jpg","-6.8575787","108.6315929","2024-07-11 20:26:42","diterima"
"899","Jl. Raya Talun KM 13 Segmen 1","uploads/laporan_cirebon_0898.jpg","-6.6787046","108.8306472","2023-05-22 03:18:35","diperbaiki"
"900","Jl. Raya Klangenan KM 3 Segmen 8","uploads/laporan_cirebon_0899.jpg","-6.6338414","108.5162806","2023-11-12 19:52:48","diterima"
"901","Jl. Siliwangi KM 13 Segmen 4","uploads/laporan_cirebon_0900.jpg","-6.7953954","108.5633492","2023-06-16 03:36:00","selesai"
"902","Jl. Raya Jamblang KM 16 Segmen 2","uploads/laporan_cirebon_0901.jpg","-6.590175","108.5858524","2023-10-22 14:44:54","diterima"
"903","Jl. Raya Palimanan KM 1 Segmen 4","uploads/laporan_cirebon_0902.jpg","-6.7287686","108.4096065","2025-04-20 00:14:27","selesai"
"904","Jl. Raya Sedong KM 18 Segmen 8","uploads/laporan_cirebon_0903.jpg","-6.5616991","108.3877166","2024-06-11 08:27:56","diterima"
"905","Jl. Siliwangi KM 13 Segmen 2","uploads/laporan_cirebon_0904.jpg","-6.8259126","108.6873095","2025-03-23 22:18:49","diperbaiki"
"906","Jl. Raya Pasaleman KM 5 Segmen 4","uploads/laporan_cirebon_0905.jpg","-6.5763145","108.3973325","2023-08-09 05:52:31","diperbaiki"
"907","Jl. Kartini KM 16 Segmen 1","uploads/laporan_cirebon_0906.jpg","-6.8150611","108.6849296","2023-01-23 14:34:25","diterima"
"908","Jl. Cipto Mangunkusumo KM 10 Segmen 2","uploads/laporan_cirebon_0907.jpg","-6.7403354","108.460224","2025-07-07 10:39:40","diterima"
"909","Jl. Sunan Gunung Jati KM 4 Segmen 8","uploads/laporan_cirebon_0908.jpg","-6.6917579","108.6693454","2023-04-09 07:54:55","selesai"
"910","Jl. Raya Astanajapura KM 11 Segmen 7","uploads/laporan_cirebon_0909.jpg","-6.7865178","108.838651","2025-06-14 00:36:23","diperbaiki"
"911","Jl. Raya Kedawung KM 7 Segmen 1","uploads/laporan_cirebon_0910.jpg","-6.6924202","108.5376868","2023-07-07 20:43:05","diterima"
"912","Jl. Raya Kapetakan KM 6 Segmen 6","uploads/laporan_cirebon_0911.jpg","-6.7063073","108.5861708","2025-06-23 09:00:12","diterima"
"913","Jl. Sunan Gunung Jati KM 21 Segmen 7","uploads/laporan_cirebon_0912.jpg","-6.6278184","108.3873463","2025-01-26 18:27:48","diterima"
"914","Jl. Tuparev KM 6 Segmen 2","uploads/laporan_cirebon_0913.jpg","-6.6526406","108.6590533","2024-03-17 01:16:43","diperbaiki"
"915","Jl. Raya Karangsembung KM 23 Segmen 3","uploads/laporan_cirebon_0914.jpg","-6.8278439","108.6807181","2025-03-23 21:05:30","diperbaiki"
"916","Jl. Raya Losari KM 6 Segmen 1","uploads/laporan_cirebon_0915.jpg","-6.6913048","108.7170834","2025-08-09 01:52:15","ditolak"
"917","Jl. Raya Talun KM 12 Segmen 7","uploads/laporan_cirebon_0916.jpg","-6.8984005","108.4907503","2023-07-02 20:00:32","ditolak"
"918","Jl. Sunan Gunung Jati KM 20 Segmen 6","uploads/laporan_cirebon_0917.jpg","-6.5980441","108.8437876","2025-02-27 17:29:27","diterima"
"919","Jl. Raya Ciledug KM 9 Segmen 1","uploads/laporan_cirebon_0918.jpg","-6.8321984","108.7544081","2025-11-30 18:44:19","selesai"
"920","Jl. Raya Karangsembung KM 16 Segmen 3","uploads/laporan_cirebon_0919.jpg","-6.8440841","108.8136563","2023-03-26 05:17:43","selesai"
"921","Jl. Raya Beber KM 7 Segmen 7","uploads/laporan_cirebon_0920.jpg","-6.8120164","108.6699051","2024-12-05 05:34:05","diterima"
"922","Jl. Cipto Mangunkusumo KM 18 Segmen 3","uploads/laporan_cirebon_0921.jpg","-6.844684","108.3936607","2025-03-11 04:00:07","diterima"
"923","Jl. Raya Losari KM 24 Segmen 8","uploads/laporan_cirebon_0922.jpg","-6.6925527","108.533207","2023-11-06 00:59:20","selesai"
"924","Jl. Raya Kedawung KM 8 Segmen 2","uploads/laporan_cirebon_0923.jpg","-6.7858537","108.4260901","2024-10-03 05:40:24","selesai"
"925","Jl. Raya Susukan KM 8 Segmen 2","uploads/laporan_cirebon_0924.jpg","-6.7351534","108.6076716","2024-11-08 09:13:38","diterima"
"926","Jl. Raya Suranenggala KM 15 Segmen 3","uploads/laporan_cirebon_0925.jpg","-6.7644344","108.4441102","2023-10-29 21:37:12","selesai"
"927","Jl. Raya Lemahabang KM 7 Segmen 6","uploads/laporan_cirebon_0926.jpg","-6.8554759","108.7053389","2023-04-03 22:58:38","diterima"
"928","Jl. Raya Plumbon KM 15 Segmen 8","uploads/laporan_cirebon_0927.jpg","-6.7536217","108.7373596","2023-12-08 19:44:05","selesai"
"929","Jl. Raya Gunung Jati KM 6 Segmen 3","uploads/laporan_cirebon_0928.jpg","-6.6976575","108.6397951","2023-12-24 02:55:20","diterima"
"930","Jl. Raya Waled KM 16 Segmen 4","uploads/laporan_cirebon_0929.jpg","-6.6929467","108.7733848","2024-03-09 23:14:41","diterima"
"931","Jl. Raya Astanajapura KM 24 Segmen 4","uploads/laporan_cirebon_0930.jpg","-6.813259","108.5840969","2023-12-12 18:55:09","selesai"
"932","Jl. Raya Tengah Tani KM 5 Segmen 1","uploads/laporan_cirebon_0931.jpg","-6.7537799","108.4007854","2025-01-01 10:12:06","selesai"
"933","Jl. Raya Greged KM 2 Segmen 7","uploads/laporan_cirebon_0932.jpg","-6.7141074","108.6052566","2025-12-18 12:07:30","selesai"
"934","Jl. Raya Mundu KM 16 Segmen 4","uploads/laporan_cirebon_0933.jpg","-6.870918","108.733947","2025-12-13 01:52:18","selesai"
"935","Jl. Raya Ciledug KM 5 Segmen 6","uploads/laporan_cirebon_0934.jpg","-6.7964734","108.6843909","2023-05-22 05:38:28","diterima"
"936","Jl. Raya Talun KM 6 Segmen 8","uploads/laporan_cirebon_0935.jpg","-6.5997273","108.7312247","2023-02-08 05:12:00","ditolak"
"937","Jl. Raya Pangenan KM 25 Segmen 3","uploads/laporan_cirebon_0936.jpg","-6.5940303","108.5705194","2024-07-29 17:16:32","selesai"
"938","Jl. Tuparev KM 21 Segmen 2","uploads/laporan_cirebon_0937.jpg","-6.7652923","108.7046528","2025-04-05 01:08:40","diterima"
"939","Jl. Raya Astanajapura KM 25 Segmen 5","uploads/laporan_cirebon_0938.jpg","-6.6556808","108.6678756","2025-06-12 21:06:18","selesai"
"940","Jl. Pangeran Cakrabuana KM 20 Segmen 6","uploads/laporan_cirebon_0939.jpg","-6.6424837","108.4057615","2025-11-14 07:53:08","diperbaiki"
"941","Jl. Cipto Mangunkusumo KM 4 Segmen 7","uploads/laporan_cirebon_0940.jpg","-6.7720432","108.6709927","2024-07-22 04:28:48","diperbaiki"
"942","Jl. Raya Pabedilan KM 23 Segmen 2","uploads/laporan_cirebon_0941.jpg","-6.7037346","108.7435805","2023-08-04 07:08:32","ditolak"
"943","Jl. Raya Losari KM 18 Segmen 2","uploads/laporan_cirebon_0942.jpg","-6.6728366","108.7265686","2025-06-20 11:25:05","selesai"
"944","Jl. Raya Ciledug KM 25 Segmen 4","uploads/laporan_cirebon_0943.jpg","-6.7878377","108.8020285","2025-02-21 13:18:00","selesai"
"945","Jl. Raya Lemahabang KM 2 Segmen 2","uploads/laporan_cirebon_0944.jpg","-6.7695152","108.592633","2025-02-18 06:24:52","diperbaiki"
"946","Jl. Raya Plumbon KM 16 Segmen 5","uploads/laporan_cirebon_0945.jpg","-6.7418076","108.5530286","2025-11-12 05:41:05","ditolak"
"947","Jl. Fatahillah KM 7 Segmen 8","uploads/laporan_cirebon_0946.jpg","-6.8694419","108.5636208","2023-10-06 01:35:16","diterima"
"948","Jl. Fatahillah KM 4 Segmen 3","uploads/laporan_cirebon_0947.jpg","-6.80342","108.7076286","2025-02-10 07:28:35","diterima"
"949","Jl. Raya Ciledug KM 17 Segmen 1","uploads/laporan_cirebon_0948.jpg","-6.7973907","108.8357001","2025-04-21 09:09:29","ditolak"
"950","Jl. Raya Karangsembung KM 12 Segmen 7","uploads/laporan_cirebon_0949.jpg","-6.744649","108.6830017","2024-03-29 03:32:02","diterima"
"951","Jl. Kartini KM 8 Segmen 6","uploads/laporan_cirebon_0950.jpg","-6.7559079","108.5411125","2025-09-30 21:32:07","selesai"
"952","Jl. Raya Sedong KM 19 Segmen 8","uploads/laporan_cirebon_0951.jpg","-6.7396975","108.6466083","2024-04-21 09:57:43","diterima"
"953","Jl. Raya Gebang KM 8 Segmen 8","uploads/laporan_cirebon_0952.jpg","-6.7698342","108.5154288","2023-03-15 19:10:40","diterima"
"954","Jl. Raya Beber KM 15 Segmen 3","uploads/laporan_cirebon_0953.jpg","-6.6834794","108.4555712","2025-04-11 21:03:09","diterima"
"955","Jl. Raya Arjawinangun KM 23 Segmen 3","uploads/laporan_cirebon_0954.jpg","-6.8435609","108.4349511","2024-05-07 03:40:00","diperbaiki"
"956","Jl. Raya Mundu KM 9 Segmen 6","uploads/laporan_cirebon_0955.jpg","-6.8354262","108.644369","2023-02-24 04:18:10","selesai"
"957","Jl. Raya Jamblang KM 5 Segmen 6","uploads/laporan_cirebon_0956.jpg","-6.7430498","108.8384689","2025-04-09 06:39:05","diterima"
"958","Jl. Kartini KM 13 Segmen 8","uploads/laporan_cirebon_0957.jpg","-6.6310186","108.8254609","2024-05-12 17:35:23","diterima"
"959","Jl. Raya Pasaleman KM 17 Segmen 6","uploads/laporan_cirebon_0958.jpg","-6.6734646","108.5189117","2024-03-26 12:32:25","ditolak"
"960","Jl. Raya Pabuaran KM 22 Segmen 3","uploads/laporan_cirebon_0959.jpg","-6.6201483","108.7224156","2024-11-18 01:53:20","diterima"
"961","Jl. Raya Plumbon KM 24 Segmen 8","uploads/laporan_cirebon_0960.jpg","-6.5849389","108.4455289","2025-05-06 04:16:38","diterima"
"962","Jl. Kartini KM 13 Segmen 4","uploads/laporan_cirebon_0961.jpg","-6.7439096","108.4234661","2023-03-27 18:48:09","selesai"
"963","Jl. Raya Palimanan KM 19 Segmen 4","uploads/laporan_cirebon_0962.jpg","-6.6265508","108.7405347","2023-11-01 07:48:33","diterima"
"964","Jl. Raya Pasaleman KM 15 Segmen 2","uploads/laporan_cirebon_0963.jpg","-6.5584562","108.5653791","2025-02-01 04:52:26","diterima"
"965","Jl. Raya Gunung Jati KM 17 Segmen 1","uploads/laporan_cirebon_0964.jpg","-6.5820436","108.5497005","2023-08-19 02:49:27","selesai"
"966","Jl. Raya Astanajapura KM 12 Segmen 7","uploads/laporan_cirebon_0965.jpg","-6.7695091","108.5137857","2024-06-30 02:27:54","diterima"
"967","Jl. Raya Mundu KM 18 Segmen 2","uploads/laporan_cirebon_0966.jpg","-6.8245067","108.7972683","2024-10-07 22:03:19","selesai"
"968","Jl. Raya Beber KM 6 Segmen 7","uploads/laporan_cirebon_0967.jpg","-6.6449881","108.5746711","2025-07-01 10:39:34","diperbaiki"
"969","Jl. Raya Weru KM 7 Segmen 5","uploads/laporan_cirebon_0968.jpg","-6.7338854","108.7877371","2024-06-05 08:14:33","diterima"
"970","Jl. Raya Tengah Tani KM 25 Segmen 7","uploads/laporan_cirebon_0969.jpg","-6.8690431","108.5724465","2024-02-29 21:26:18","diperbaiki"
"971","Jl. Raya Pabedilan KM 15 Segmen 3","uploads/laporan_cirebon_0970.jpg","-6.8302599","108.7711733","2024-03-25 22:58:08","diperbaiki"
"972","Jl. Siliwangi KM 10 Segmen 5","uploads/laporan_cirebon_0971.jpg","-6.7270648","108.7277323","2023-12-16 01:43:14","diterima"
"973","Jl. Tuparev KM 5 Segmen 5","uploads/laporan_cirebon_0972.jpg","-6.7949407","108.6810609","2025-09-16 03:42:28","diperbaiki"
"974","Jl. Raya Beber KM 14 Segmen 3","uploads/laporan_cirebon_0973.jpg","-6.7278397","108.7032863","2024-01-16 11:57:04","diterima"
"975","Jl. Raya Lemahabang KM 16 Segmen 2","uploads/laporan_cirebon_0974.jpg","-6.690388","108.550027","2025-01-16 16:48:46","diperbaiki"
"976","Jl. Raya Gebang KM 21 Segmen 8","uploads/laporan_cirebon_0975.jpg","-6.5590094","108.764592","2024-08-03 00:59:13","diperbaiki"
"977","Jl. Raya Pabuaran KM 1 Segmen 5","uploads/laporan_cirebon_0976.jpg","-6.8430035","108.4074999","2024-05-11 21:34:32","diperbaiki"
"978","Jl. Raya Sumber KM 12 Segmen 3","uploads/laporan_cirebon_0977.jpg","-6.8814891","108.5497468","2025-09-15 16:00:44","ditolak"
"979","Jl. Raya Jamblang KM 2 Segmen 5","uploads/laporan_cirebon_0978.jpg","-6.7979176","108.6803049","2023-04-30 15:18:22","diperbaiki"
"980","Jl. Raya Arjawinangun KM 25 Segmen 2","uploads/laporan_cirebon_0979.jpg","-6.6904331","108.4585539","2024-05-16 10:39:19","selesai"
"981","Jl. Raya Talun KM 9 Segmen 6","uploads/laporan_cirebon_0980.jpg","-6.8664583","108.6526219","2023-08-12 13:10:38","diterima"
"982","Jl. Raya Waled KM 10 Segmen 6","uploads/laporan_cirebon_0981.jpg","-6.6274173","108.5736374","2023-09-11 13:10:01","diterima"
"983","Jl. Raya Weru KM 17 Segmen 4","uploads/laporan_cirebon_0982.jpg","-6.6089493","108.7537002","2025-05-18 03:10:33","selesai"
"984","Jl. Raya Waled KM 18 Segmen 2","uploads/laporan_cirebon_0983.jpg","-6.7539288","108.8105346","2023-07-01 08:52:56","selesai"
"985","Jl. Kartini KM 16 Segmen 6","uploads/laporan_cirebon_0984.jpg","-6.7909493","108.5504072","2024-11-17 19:38:21","selesai"
"986","Jl. Raya Gunung Jati KM 17 Segmen 6","uploads/laporan_cirebon_0985.jpg","-6.8397275","108.5232016","2023-07-04 12:36:45","diterima"
"987","Jl. Raya Weru KM 23 Segmen 4","uploads/laporan_cirebon_0986.jpg","-6.7924001","108.4786253","2023-05-03 09:36:19","diperbaiki"
"988","Jl. Raya Plumbon KM 3 Segmen 1","uploads/laporan_cirebon_0987.jpg","-6.6288577","108.735947","2023-03-08 08:08:47","diterima"
"989","Jl. Siliwangi KM 22 Segmen 1","uploads/laporan_cirebon_0988.jpg","-6.7358212","108.8070088","2023-03-09 12:39:04","diterima"
"990","Jl. Tuparev KM 25 Segmen 2","uploads/laporan_cirebon_0989.jpg","-6.6261702","108.8124461","2023-11-16 08:54:40","diperbaiki"
"991","Jl. Raya Palimanan KM 6 Segmen 6","uploads/laporan_cirebon_0990.jpg","-6.8897593","108.4484118","2024-03-07 04:18:50","ditolak"
"992","Jl. Raya Jamblang KM 12 Segmen 3","uploads/laporan_cirebon_0991.jpg","-6.6007017","108.746977","2025-08-10 11:40:19","diterima"
"993","Jl. Raya Pabuaran KM 3 Segmen 2","uploads/laporan_cirebon_0992.jpg","-6.6131447","108.7387247","2025-04-01 19:32:14","diterima"
"994","Jl. Raya Palimanan KM 10 Segmen 3","uploads/laporan_cirebon_0993.jpg","-6.5844189","108.6324494","2023-06-03 14:16:12","ditolak"
"995","Jl. Raya Greged KM 23 Segmen 8","uploads/laporan_cirebon_0994.jpg","-6.7717379","108.6570089","2024-11-14 06:55:48","selesai"
"996","Jl. Sunan Gunung Jati KM 6 Segmen 6","uploads/laporan_cirebon_0995.jpg","-6.5565446","108.5793232","2025-03-10 03:40:01","diterima"
"997","Jl. Raya Plumbon KM 25 Segmen 6","uploads/laporan_cirebon_0996.jpg","-6.8567346","108.4318486","2023-07-31 10:10:49","diperbaiki"
"998","Jl. Raya Dukupuntang KM 23 Segmen 5","uploads/laporan_cirebon_0997.jpg","-6.7050038","108.399086","2024-05-25 00:01:44","diperbaiki"
"999","Jl. Raya Susukan KM 10 Segmen 8","uploads/laporan_cirebon_0998.jpg","-6.6898637","108.5266432","2024-11-20 22:52:28","diterima"
"1000","Jl. Raya Kapetakan KM 10 Segmen 7","uploads/laporan_cirebon_0999.jpg","-6.8339253","108.4127163","2025-01-09 05:30:58","ditolak"
"1001","Jl. Raya Dukupuntang KM 6 Segmen 1","uploads/laporan_cirebon_1000.jpg","-6.5504468","108.6110747","2023-06-13 16:05:31","diperbaiki"
"1002","Jl. Pasar Sawah Beber KM 1 Blok G-21","uploads/cirebon2026/laporan_beber_1001.jpg","-6.8000242","108.5133077","2025-01-21 08:57:30","ditolak"
"1003","Jl. Pasar Pasar Pabuaran KM 6 Blok D-54","uploads/cirebon2026/laporan_pabuaran_1002.jpg","-6.8910954","108.6962919","2025-12-26 01:44:10","diterima"
"1004","Jl. Sekolah Masjid Agung Kapetakan KM 18 Blok D-72","uploads/cirebon2026/laporan_kapetakan_1003.jpg","-6.599394","108.5221698","2025-04-14 23:30:41","diterima"
"1005","Jl. Lingkungan Masjid Agung Astanajapura KM 11 Blok B-74","uploads/cirebon2026/laporan_astanajapura_1004.jpg","-6.7872485","108.6147679","2025-11-02 06:24:07","diperbaiki"
"1006","Jl. Desa Lapangan Gegesik KM 4 Blok F-50","uploads/cirebon2026/laporan_gegesik_1005.jpg","-6.5768134","108.4325527","2024-08-27 15:28:22","selesai"
"1007","Jl. Penghubung Kantor Kecamatan Beber KM 7 Blok A-56","uploads/cirebon2026/laporan_beber_1006.jpg","-6.8022154","108.5265303","2025-09-03 14:54:14","selesai"
"1008","Jl. Pasar Pasar Losari KM 5 Blok B-44","uploads/cirebon2026/laporan_losari_1007.jpg","-6.8517846","108.7894553","2024-06-19 01:07:33","diperbaiki"
"1009","Jl. Kabupaten Balai Desa Pabuaran KM 2 Blok B-68","uploads/cirebon2026/laporan_pabuaran_1008.jpg","-6.9018608","108.6796409","2024-10-01 16:14:09","selesai"
"1010","Jl. Desa Tanggul Suranenggala KM 14 Blok D-6","uploads/cirebon2026/laporan_suranenggala_1009.jpg","-6.6306724","108.513452","2024-04-02 15:11:40","diperbaiki"
"1011","Jl. Pesisir Kantor Kecamatan Gebang KM 5 Blok F-11","uploads/cirebon2026/laporan_gebang_1010.jpg","-6.8527735","108.7265298","2024-07-27 12:19:18","diterima"
"1012","Jl. Penghubung Tambak Arjawinangun KM 14 Blok G-96","uploads/cirebon2026/laporan_arjawinangun_1011.jpg","-6.6426594","108.4084471","2025-01-12 19:55:01","selesai"
"1013","Jl. Pasar Tambak Panguragan KM 17 Blok B-1","uploads/cirebon2026/laporan_panguragan_1012.jpg","-6.6452418","108.4501062","2025-10-28 04:49:36","diterima"
"1014","Jl. Lingkungan Pelabuhan Gunungjati KM 13 Blok G-6","uploads/cirebon2026/laporan_gunungjati_1013.jpg","-6.6699043","108.5547489","2024-12-06 01:14:59","diterima"
"1015","Jl. Desa Balai Desa Lemahabang KM 9 Blok D-19","uploads/cirebon2026/laporan_lemahabang_1014.jpg","-6.8278136","108.6383807","2024-01-14 04:37:53","diperbaiki"
"1016","Jl. Pasar Lapangan Gunungjati KM 8 Blok C-31","uploads/cirebon2026/laporan_gunungjati_1015.jpg","-6.6710128","108.5589552","2025-10-07 12:47:03","selesai"
"1017","Jl. Lingkungan Gudang Garam Gebang KM 6 Blok G-82","uploads/cirebon2026/laporan_gebang_1016.jpg","-6.8346054","108.7355444","2025-05-19 22:50:54","diperbaiki"
"1018","Jl. Pasar Makam Sunan Gegesik KM 18 Blok G-68","uploads/cirebon2026/laporan_gegesik_1017.jpg","-6.5843038","108.4081306","2025-07-28 05:04:41","selesai"
"1019","Jl. Pasar Tanggul Gebang KM 2 Blok B-92","uploads/cirebon2026/laporan_gebang_1018.jpg","-6.8509563","108.7360258","2024-01-27 20:05:31","ditolak"
"1020","Jl. Pesisir Pelabuhan Pangenan KM 16 Blok B-29","uploads/cirebon2026/laporan_pangenan_1019.jpg","-6.8054486","108.6955251","2025-02-08 07:31:34","diperbaiki"
"1021","Jl. Desa Terminal Gempol KM 7 Blok E-95","uploads/cirebon2026/laporan_gempol_1020.jpg","-6.7074312","108.3678816","2025-03-15 02:11:38","ditolak"
"1022","Jl. Lingkungan Masjid Agung Talun KM 11 Blok A-27","uploads/cirebon2026/laporan_talun_1021.jpg","-6.7528643","108.511144","2026-02-16 18:05:34","diterima"
"1023","Jl. Kabupaten Sawah Pabedilan KM 5 Blok D-20","uploads/cirebon2026/laporan_pabedilan_1022.jpg","-6.9052618","108.8232456","2026-03-14 11:14:34","ditolak"
"1024","Jl. Pasar Perumahan Pabedilan KM 17 Blok H-69","uploads/cirebon2026/laporan_pabedilan_1023.jpg","-6.9201356","108.8143735","2024-07-13 07:18:57","diterima"
"1025","Jl. Irigasi Tambak Pangenan KM 2 Blok F-32","uploads/cirebon2026/laporan_pangenan_1024.jpg","-6.8004667","108.6887478","2024-11-28 10:11:20","selesai"
"1026","Jl. Pesisir Masjid Agung Gebang KM 18 Blok G-84","uploads/cirebon2026/laporan_gebang_1025.jpg","-6.8396214","108.7400685","2025-11-11 17:17:49","diterima"
"1027","Jl. Raya Sawah Gegesik KM 6 Blok F-85","uploads/cirebon2026/laporan_gegesik_1026.jpg","-6.5762152","108.4080995","2024-03-30 06:21:05","diterima"
"1028","Jl. Desa Tambak Arjawinangun KM 10 Blok F-14","uploads/cirebon2026/laporan_arjawinangun_1027.jpg","-6.6350907","108.422263","2026-01-23 03:32:45","diterima"
"1029","Jl. Raya Alun-alun Palimanan KM 1 Blok E-70","uploads/cirebon2026/laporan_palimanan_1028.jpg","-6.6953305","108.437639","2024-10-28 11:16:56","ditolak"
"1030","Jl. Pesisir Stasiun Lemahabang KM 14 Blok G-12","uploads/cirebon2026/laporan_lemahabang_1029.jpg","-6.8179266","108.6237209","2024-12-04 12:55:36","selesai"
"1031","Jl. Sekolah SMP Dukupuntang KM 16 Blok G-92","uploads/cirebon2026/laporan_dukupuntang_1030.jpg","-6.7575232","108.4469521","2024-06-08 10:53:52","selesai"
"1032","Jl. Raya Tanggul Sumber KM 17 Blok C-4","uploads/cirebon2026/laporan_sumber_1031.jpg","-6.7528209","108.4683345","2024-02-06 11:55:10","diperbaiki"
"1033","Jl. Lingkungan Masjid Agung Gempol KM 4 Blok A-75","uploads/cirebon2026/laporan_gempol_1032.jpg","-6.7184562","108.3826039","2025-05-07 12:14:54","selesai"
"1034","Jl. Kabupaten Terminal Palimanan KM 7 Blok F-19","uploads/cirebon2026/laporan_palimanan_1033.jpg","-6.7015496","108.4322227","2024-09-21 15:54:00","selesai"
"1035","Jl. Irigasi Alun-alun Plered KM 7 Blok A-43","uploads/cirebon2026/laporan_plered_1034.jpg","-6.7056121","108.5136431","2024-10-22 15:48:11","diperbaiki"
"1036","Jl. Raya Pelabuhan Sumber KM 2 Blok C-80","uploads/cirebon2026/laporan_sumber_1035.jpg","-6.763413","108.4908346","2024-07-08 15:52:17","selesai"
"1037","Jl. Raya SMA Depok KM 13 Blok A-70","uploads/cirebon2026/laporan_depok_1036.jpg","-6.7121611","108.4603549","2024-10-03 22:56:09","ditolak"
"1038","Jl. Penghubung Tambak Losari KM 4 Blok F-39","uploads/cirebon2026/laporan_losari_1037.jpg","-6.851371","108.7962638","2025-05-27 13:23:54","diperbaiki"
"1039","Jl. Raya SMP Susukanlebak KM 13 Blok B-97","uploads/cirebon2026/laporan_susukanlebak_1038.jpg","-6.8350926","108.6036751","2025-01-22 23:23:11","ditolak"
"1040","Jl. Pasar Sentra Batik Gebang KM 12 Blok C-1","uploads/cirebon2026/laporan_gebang_1039.jpg","-6.8522074","108.7386734","2024-09-15 12:02:05","diterima"
"1041","Jl. Pasar Masjid Agung Depok KM 14 Blok C-17","uploads/cirebon2026/laporan_depok_1040.jpg","-6.7137645","108.4587465","2025-05-31 01:29:04","selesai"
"1042","Jl. Pesisir Terminal Astanajapura KM 12 Blok H-75","uploads/cirebon2026/laporan_astanajapura_1041.jpg","-6.8049583","108.6149165","2024-01-25 06:30:49","selesai"
"1043","Jl. Pertanian Gudang Garam Astanajapura KM 10 Blok E-35","uploads/cirebon2026/laporan_astanajapura_1042.jpg","-6.7922317","108.6198162","2025-02-02 23:00:47","diperbaiki"
"1044","Jl. Sekolah Alun-alun Pasaleman KM 12 Blok D-36","uploads/cirebon2026/laporan_pasaleman_1043.jpg","-6.9378102","108.7647534","2025-11-19 18:01:06","diperbaiki"
"1045","Jl. Pertanian Jembatan Suranenggala KM 8 Blok B-56","uploads/cirebon2026/laporan_suranenggala_1044.jpg","-6.6368953","108.5211513","2026-01-12 08:50:16","ditolak"
"1046","Jl. Raya Jembatan Plumbon KM 18 Blok G-76","uploads/cirebon2026/laporan_plumbon_1045.jpg","-6.7024153","108.4905776","2026-02-14 15:16:58","diterima"
"1047","Jl. Penghubung Masjid Agung Greged KM 14 Blok C-81","uploads/cirebon2026/laporan_greged_1046.jpg","-6.8153813","108.5708925","2024-04-30 08:17:45","selesai"
"1048","Jl. Raya Masjid Agung Jamblang KM 15 Blok G-19","uploads/cirebon2026/laporan_jamblang_1047.jpg","-6.7029805","108.459902","2024-03-31 19:30:04","diperbaiki"
"1049","Jl. Sekolah Balai Desa Gegesik KM 6 Blok B-92","uploads/cirebon2026/laporan_gegesik_1048.jpg","-6.5733045","108.4123918","2024-09-06 18:19:16","diperbaiki"
"1050","Jl. Pesisir Pelabuhan Kapetakan KM 8 Blok F-10","uploads/cirebon2026/laporan_kapetakan_1049.jpg","-6.6133773","108.5209424","2024-06-22 11:17:43","selesai"
"1051","Jl. Irigasi Puskesmas Waled KM 18 Blok F-85","uploads/cirebon2026/laporan_waled_1050.jpg","-6.9139102","108.6281566","2026-02-27 00:34:29","diperbaiki"
"1052","Jl. Pasar Tanggul Suranenggala KM 1 Blok E-85","uploads/cirebon2026/laporan_suranenggala_1051.jpg","-6.6308172","108.518152","2024-09-26 09:38:34","diterima"
"1053","Jl. Pasar Perumahan Klangenan KM 3 Blok C-89","uploads/cirebon2026/laporan_klangenan_1052.jpg","-6.6981836","108.4496845","2024-09-10 00:33:19","diperbaiki"
"1054","Jl. Sekolah SMA Beber KM 12 Blok H-9","uploads/cirebon2026/laporan_beber_1053.jpg","-6.792353","108.5277503","2024-09-22 00:16:36","diperbaiki"
"1055","Jl. Penghubung Makam Sunan Dukupuntang KM 6 Blok A-1","uploads/cirebon2026/laporan_dukupuntang_1054.jpg","-6.7698172","108.4403297","2024-10-07 14:32:23","diterima"
"1056","Jl. Irigasi Sentra Batik Plered KM 3 Blok G-75","uploads/cirebon2026/laporan_plered_1055.jpg","-6.7051069","108.5076105","2025-02-16 23:38:43","diterima"
"1057","Jl. Pertanian Balai Desa Plumbon KM 5 Blok B-89","uploads/cirebon2026/laporan_plumbon_1056.jpg","-6.6952574","108.4890287","2024-09-10 13:55:55","diperbaiki"
"1058","Jl. Penghubung Tambak Ciledug KM 1 Blok E-11","uploads/cirebon2026/laporan_ciledug_1057.jpg","-6.9050702","108.7587106","2024-07-27 07:23:29","diterima"
"1059","Jl. Penghubung Makam Sunan Panguragan KM 5 Blok F-53","uploads/cirebon2026/laporan_panguragan_1058.jpg","-6.6543729","108.464613","2024-12-23 19:30:28","diterima"
"1060","Jl. Raya Sentra Batik Gunungjati KM 18 Blok B-21","uploads/cirebon2026/laporan_gunungjati_1059.jpg","-6.6791884","108.5535691","2026-03-11 15:00:10","selesai"
"1061","Jl. Irigasi Masjid Agung Kapetakan KM 15 Blok B-63","uploads/cirebon2026/laporan_kapetakan_1060.jpg","-6.5980522","108.534505","2026-04-05 00:48:55","diterima"
"1062","Jl. Lingkungan Kantor Kecamatan Beber KM 7 Blok D-45","uploads/cirebon2026/laporan_beber_1061.jpg","-6.8002996","108.5331129","2024-08-04 12:03:10","selesai"
"1063","Jl. Penghubung Sawah Suranenggala KM 16 Blok E-16","uploads/cirebon2026/laporan_suranenggala_1062.jpg","-6.6310047","108.5159968","2025-12-15 14:20:12","ditolak"
"1064","Jl. Kabupaten Jembatan Mundu KM 5 Blok A-76","uploads/cirebon2026/laporan_mundu_1063.jpg","-6.7652307","108.6159254","2024-04-12 12:30:44","diterima"
"1065","Jl. Pesisir Gudang Garam Pasaleman KM 14 Blok F-6","uploads/cirebon2026/laporan_pasaleman_1064.jpg","-6.9297739","108.7651003","2026-03-01 02:17:02","selesai"
"1066","Jl. Desa Tambak Gebang KM 3 Blok A-56","uploads/cirebon2026/laporan_gebang_1065.jpg","-6.8473197","108.7382233","2026-03-24 23:27:43","selesai"
"1067","Jl. Penghubung SMA Ciledug KM 11 Blok G-15","uploads/cirebon2026/laporan_ciledug_1066.jpg","-6.9080971","108.7602878","2024-01-16 08:02:26","diperbaiki"
"1068","Jl. Sekolah SMP Gebang KM 1 Blok A-87","uploads/cirebon2026/laporan_gebang_1067.jpg","-6.852581","108.7393915","2025-07-27 03:22:01","diperbaiki"
"1069","Jl. Raya Sentra Batik Palimanan KM 10 Blok F-14","uploads/cirebon2026/laporan_palimanan_1068.jpg","-6.7094782","108.4185813","2024-06-07 17:19:12","diterima"
"1070","Jl. Pasar Masjid Agung Kaliwedi KM 9 Blok H-80","uploads/cirebon2026/laporan_kaliwedi_1069.jpg","-6.6108555","108.3935665","2025-01-25 20:51:33","diperbaiki"
"1071","Jl. Kabupaten Puskesmas Pabuaran KM 13 Blok F-9","uploads/cirebon2026/laporan_pabuaran_1070.jpg","-6.8798972","108.6859491","2024-04-03 02:41:43","diperbaiki"
"1072","Jl. Lingkungan Puskesmas Weru KM 11 Blok A-78","uploads/cirebon2026/laporan_weru_1071.jpg","-6.7178879","108.4964881","2025-09-02 11:09:38","diterima"
"1073","Jl. Raya Puskesmas Susukan KM 7 Blok H-63","uploads/cirebon2026/laporan_susukan_1072.jpg","-6.6252762","108.3878045","2026-03-31 15:07:41","selesai"
"1074","Jl. Pertanian Puskesmas Kapetakan KM 12 Blok B-96","uploads/cirebon2026/laporan_kapetakan_1073.jpg","-6.6134656","108.5313769","2024-11-25 06:03:00","diperbaiki"
"1075","Jl. Penghubung Alun-alun Kapetakan KM 10 Blok E-11","uploads/cirebon2026/laporan_kapetakan_1074.jpg","-6.6134361","108.527515","2025-02-08 15:14:21","diterima"
"1076","Jl. Irigasi Gudang Garam Gebang KM 10 Blok E-18","uploads/cirebon2026/laporan_gebang_1075.jpg","-6.8339544","108.7165125","2025-03-09 06:06:15","diterima"
"1077","Jl. Pertanian Perumahan Lemahabang KM 15 Blok H-81","uploads/cirebon2026/laporan_lemahabang_1076.jpg","-6.8161311","108.6169426","2025-03-20 10:15:52","diperbaiki"
"1078","Jl. Kabupaten Makam Sunan Kaliwedi KM 10 Blok B-29","uploads/cirebon2026/laporan_kaliwedi_1077.jpg","-6.6012354","108.3958007","2025-06-13 11:27:27","diperbaiki"
"1079","Jl. Irigasi Lapangan Ciledug KM 1 Blok E-63","uploads/cirebon2026/laporan_ciledug_1078.jpg","-6.8955263","108.7530336","2025-09-19 01:35:06","selesai"
"1080","Jl. Sekolah Sawah Kedawung KM 18 Blok C-55","uploads/cirebon2026/laporan_kedawung_1079.jpg","-6.7256506","108.5492694","2026-04-15 14:10:03","selesai"
"1081","Jl. Sekolah Jembatan Pabedilan KM 7 Blok E-24","uploads/cirebon2026/laporan_pabedilan_1080.jpg","-6.9163394","108.8286908","2024-02-21 05:02:50","diterima"
"1082","Jl. Raya Balai Desa Talun KM 17 Blok C-54","uploads/cirebon2026/laporan_talun_1081.jpg","-6.7543601","108.5176647","2025-01-29 00:46:28","diterima"
"1083","Jl. Lingkungan Pelabuhan Pasaleman KM 2 Blok F-84","uploads/cirebon2026/laporan_pasaleman_1082.jpg","-6.9335501","108.7747487","2025-03-08 02:15:15","selesai"
"1084","Jl. Lingkungan Balai Desa Pasaleman KM 11 Blok B-64","uploads/cirebon2026/laporan_pasaleman_1083.jpg","-6.9389642","108.765945","2024-01-06 04:44:07","diterima"
"1085","Jl. Kabupaten Lapangan Sedong KM 8 Blok A-93","uploads/cirebon2026/laporan_sedong_1084.jpg","-6.8724692","108.5415374","2025-08-02 06:14:19","diterima"
"1086","Jl. Lingkungan Kantor Kecamatan Greged KM 15 Blok H-87","uploads/cirebon2026/laporan_greged_1085.jpg","-6.8173139","108.5618209","2024-12-13 11:04:39","diterima"
"1087","Jl. Lingkungan Tanggul Pangenan KM 8 Blok F-74","uploads/cirebon2026/laporan_pangenan_1086.jpg","-6.8128833","108.6987077","2024-06-08 02:22:19","diterima"
"1088","Jl. Sekolah Sentra Batik Kaliwedi KM 1 Blok F-3","uploads/cirebon2026/laporan_kaliwedi_1087.jpg","-6.6043671","108.3779855","2024-09-21 11:29:41","diperbaiki"
"1089","Jl. Pesisir Kantor Kecamatan Pabuaran KM 8 Blok A-40","uploads/cirebon2026/laporan_pabuaran_1088.jpg","-6.8853456","108.6755245","2025-12-18 00:57:28","diterima"
"1090","Jl. Raya Puskesmas Arjawinangun KM 3 Blok G-35","uploads/cirebon2026/laporan_arjawinangun_1089.jpg","-6.6492326","108.4269617","2025-02-16 20:09:54","diperbaiki"
"1091","Jl. Pertanian Masjid Agung Gunungjati KM 4 Blok H-45","uploads/cirebon2026/laporan_gunungjati_1090.jpg","-6.6745523","108.5487012","2025-04-01 11:07:28","selesai"
"1092","Jl. Pasar Sentra Batik Susukanlebak KM 14 Blok D-85","uploads/cirebon2026/laporan_susukanlebak_1091.jpg","-6.8305174","108.5932288","2024-11-03 00:27:28","diterima"
"1093","Jl. Kabupaten Jembatan Mundu KM 5 Blok H-13","uploads/cirebon2026/laporan_mundu_1092.jpg","-6.7748717","108.627221","2024-02-09 16:40:46","selesai"
"1094","Jl. Pesisir Sawah Kedawung KM 18 Blok C-22","uploads/cirebon2026/laporan_kedawung_1093.jpg","-6.726876","108.5446227","2024-03-07 16:50:54","diperbaiki"
"1095","Jl. Lingkungan SMA Pasaleman KM 10 Blok A-80","uploads/cirebon2026/laporan_pasaleman_1094.jpg","-6.9388442","108.7808166","2024-06-15 01:40:05","diterima"
"1096","Jl. Pesisir Masjid Agung Losari KM 15 Blok D-21","uploads/cirebon2026/laporan_losari_1095.jpg","-6.850982","108.7892486","2024-09-13 21:05:24","diperbaiki"
"1097","Jl. Kabupaten Terminal Palimanan KM 2 Blok G-20","uploads/cirebon2026/laporan_palimanan_1096.jpg","-6.701927","108.4156862","2025-07-16 19:46:32","diterima"
"1098","Jl. Pasar Sentra Batik Pasaleman KM 17 Blok C-44","uploads/cirebon2026/laporan_pasaleman_1097.jpg","-6.922014","108.7636342","2025-02-28 23:44:32","selesai"
"1099","Jl. Sekolah Sentra Batik Greged KM 4 Blok H-23","uploads/cirebon2026/laporan_greged_1098.jpg","-6.8243506","108.555438","2025-07-07 07:50:30","diperbaiki"
"1100","Jl. Pertanian Alun-alun Ciledug KM 16 Blok B-7","uploads/cirebon2026/laporan_ciledug_1099.jpg","-6.8999786","108.7469594","2026-04-23 22:11:17","diperbaiki"
"1101","Jl. Penghubung Terminal Panguragan KM 17 Blok C-93","uploads/cirebon2026/laporan_panguragan_1100.jpg","-6.6575439","108.4540749","2025-05-19 21:41:01","diperbaiki"
"1102","Jl. Irigasi Terminal Plumbon KM 18 Blok B-78","uploads/cirebon2026/laporan_plumbon_1101.jpg","-6.712514","108.4685363","2025-04-11 02:13:59","diterima"
"1103","Jl. Raya SMP Mundu KM 4 Blok A-17","uploads/cirebon2026/laporan_mundu_1102.jpg","-6.7797064","108.624879","2025-08-15 22:56:17","diterima"
"1104","Jl. Raya Puskesmas Gebang KM 7 Blok C-83","uploads/cirebon2026/laporan_gebang_1103.jpg","-6.8431893","108.7330477","2025-10-27 23:28:16","diperbaiki"
"1105","Jl. Raya Lapangan Suranenggala KM 1 Blok G-90","uploads/cirebon2026/laporan_suranenggala_1104.jpg","-6.6501584","108.5116651","2025-08-22 04:48:52","diperbaiki"
"1106","Jl. Desa Tambak Plumbon KM 2 Blok G-91","uploads/cirebon2026/laporan_plumbon_1105.jpg","-6.712182","108.4804554","2024-08-10 01:22:45","ditolak"
"1107","Jl. Irigasi Tanggul Lemahabang KM 1 Blok F-5","uploads/cirebon2026/laporan_lemahabang_1106.jpg","-6.8291136","108.6353143","2026-03-09 02:35:20","selesai"
"1108","Jl. Desa Makam Sunan Gempol KM 8 Blok E-75","uploads/cirebon2026/laporan_gempol_1107.jpg","-6.708719","108.3700701","2025-06-01 20:07:10","selesai"
"1109","Jl. Pesisir Tanggul Beber KM 18 Blok A-32","uploads/cirebon2026/laporan_beber_1108.jpg","-6.8022793","108.5148554","2024-04-04 11:40:18","diperbaiki"
"1110","Jl. Sekolah Gudang Garam Kaliwedi KM 15 Blok H-71","uploads/cirebon2026/laporan_kaliwedi_1109.jpg","-6.5999194","108.3972131","2025-01-25 18:28:06","selesai"
"1111","Jl. Irigasi Balai Desa Kapetakan KM 8 Blok G-44","uploads/cirebon2026/laporan_kapetakan_1110.jpg","-6.6156769","108.5381252","2025-06-12 16:10:32","selesai"
"1112","Jl. Pertanian Makam Sunan Weru KM 10 Blok A-20","uploads/cirebon2026/laporan_weru_1111.jpg","-6.7026248","108.5069329","2025-09-19 20:02:58","diperbaiki"
"1113","Jl. Irigasi Stasiun Sumber KM 1 Blok H-87","uploads/cirebon2026/laporan_sumber_1112.jpg","-6.7713954","108.4915734","2024-06-08 22:53:21","selesai"
"1114","Jl. Kabupaten Jembatan Gegesik KM 10 Blok D-87","uploads/cirebon2026/laporan_gegesik_1113.jpg","-6.5715939","108.4154555","2025-06-10 07:36:56","selesai"
"1115","Jl. Pertanian Stasiun Sedong KM 3 Blok A-42","uploads/cirebon2026/laporan_sedong_1114.jpg","-6.8617867","108.5367055","2025-12-10 03:11:06","diterima"
"1116","Jl. Lingkungan Pasar Greged KM 4 Blok G-77","uploads/cirebon2026/laporan_greged_1115.jpg","-6.8236134","108.574023","2025-07-20 13:41:30","diperbaiki"
"1117","Jl. Lingkungan Sentra Batik Gempol KM 8 Blok H-99","uploads/cirebon2026/laporan_gempol_1116.jpg","-6.7126262","108.3844471","2024-01-02 16:36:47","diperbaiki"
"1118","Jl. Pesisir Pelabuhan Kaliwedi KM 13 Blok H-92","uploads/cirebon2026/laporan_kaliwedi_1117.jpg","-6.6105555","108.3794307","2025-06-03 20:21:05","diperbaiki"
"1119","Jl. Pesisir Kantor Kecamatan Pabedilan KM 8 Blok F-85","uploads/cirebon2026/laporan_pabedilan_1118.jpg","-6.9184132","108.8046576","2024-02-17 08:27:49","diterima"
"1120","Jl. Pertanian Stasiun Astanajapura KM 17 Blok B-59","uploads/cirebon2026/laporan_astanajapura_1119.jpg","-6.7884023","108.6187058","2025-04-23 05:39:19","selesai"
"1121","Jl. Penghubung Masjid Agung Suranenggala KM 11 Blok H-96","uploads/cirebon2026/laporan_suranenggala_1120.jpg","-6.6446812","108.5073342","2025-06-16 01:53:33","selesai"
"1122","Jl. Irigasi Sentra Batik Pabuaran KM 13 Blok H-21","uploads/cirebon2026/laporan_pabuaran_1121.jpg","-6.8867248","108.6976502","2025-11-24 15:13:22","diterima"
"1123","Jl. Pertanian Pasar Waled KM 14 Blok H-50","uploads/cirebon2026/laporan_waled_1122.jpg","-6.9167039","108.6204856","2025-01-21 17:04:31","diperbaiki"
"1124","Jl. Lingkungan Sawah Ciledug KM 9 Blok G-95","uploads/cirebon2026/laporan_ciledug_1123.jpg","-6.9068814","108.7455784","2024-06-19 05:36:00","selesai"
"1125","Jl. Penghubung Puskesmas Ciwaringin KM 8 Blok B-46","uploads/cirebon2026/laporan_ciwaringin_1124.jpg","-6.7060814","108.3930507","2025-07-22 21:51:17","selesai"
"1126","Jl. Pesisir Masjid Agung Weru KM 1 Blok D-68","uploads/cirebon2026/laporan_weru_1125.jpg","-6.6976568","108.5153612","2024-12-11 10:38:04","diperbaiki"
"1127","Jl. Kabupaten Gudang Garam Pabedilan KM 4 Blok A-7","uploads/cirebon2026/laporan_pabedilan_1126.jpg","-6.9043603","108.826991","2024-07-01 04:50:55","diterima"
"1128","Jl. Lingkungan Stasiun Kedawung KM 10 Blok E-72","uploads/cirebon2026/laporan_kedawung_1127.jpg","-6.7227763","108.5402843","2024-12-12 07:33:10","selesai"
"1129","Jl. Sekolah SMA Panguragan KM 4 Blok C-37","uploads/cirebon2026/laporan_panguragan_1128.jpg","-6.6619949","108.4682535","2025-12-15 05:32:16","diperbaiki"
"1130","Jl. Irigasi Masjid Agung Jamblang KM 10 Blok B-60","uploads/cirebon2026/laporan_jamblang_1129.jpg","-6.7111538","108.4630104","2025-07-10 04:04:47","selesai"
"1131","Jl. Pertanian Tanggul Astanajapura KM 3 Blok G-60","uploads/cirebon2026/laporan_astanajapura_1130.jpg","-6.8048985","108.6065263","2025-12-08 15:52:46","selesai"
"1132","Jl. Pertanian Perumahan Ciwaringin KM 16 Blok D-57","uploads/cirebon2026/laporan_ciwaringin_1131.jpg","-6.7121717","108.3962248","2024-04-14 04:27:06","diterima"
"1133","Jl. Lingkungan Lapangan Pabedilan KM 9 Blok A-2","uploads/cirebon2026/laporan_pabedilan_1132.jpg","-6.9158277","108.8237824","2024-10-07 05:57:53","selesai"
"1134","Jl. Pasar Perumahan Weru KM 9 Blok G-67","uploads/cirebon2026/laporan_weru_1133.jpg","-6.698367","108.4989009","2026-04-04 16:00:44","diterima"
"1135","Jl. Pesisir Pasar Pasaleman KM 12 Blok A-28","uploads/cirebon2026/laporan_pasaleman_1134.jpg","-6.9355976","108.7792076","2025-09-07 05:33:31","diperbaiki"
"1136","Jl. Pasar Terminal Greged KM 10 Blok E-79","uploads/cirebon2026/laporan_greged_1135.jpg","-6.8161955","108.571248","2025-11-03 12:31:53","diterima"
"1137","Jl. Irigasi Pasar Kaliwedi KM 4 Blok A-50","uploads/cirebon2026/laporan_kaliwedi_1136.jpg","-6.6034478","108.3883149","2025-09-28 05:19:25","selesai"
"1138","Jl. Sekolah Kantor Kecamatan Susukanlebak KM 7 Blok D-34","uploads/cirebon2026/laporan_susukanlebak_1137.jpg","-6.823414","108.5992296","2024-11-29 15:22:55","selesai"
"1139","Jl. Lingkungan Stasiun Pabuaran KM 5 Blok G-33","uploads/cirebon2026/laporan_pabuaran_1138.jpg","-6.8919722","108.6977033","2024-03-04 05:47:22","diterima"
"1140","Jl. Irigasi Puskesmas Arjawinangun KM 18 Blok D-53","uploads/cirebon2026/laporan_arjawinangun_1139.jpg","-6.6468913","108.4291341","2025-01-03 09:38:45","ditolak"
"1141","Jl. Desa SMA Sumber KM 2 Blok A-18","uploads/cirebon2026/laporan_sumber_1140.jpg","-6.7534771","108.486244","2025-09-03 16:41:45","diperbaiki"
"1142","Jl. Desa Masjid Agung Kapetakan KM 18 Blok A-99","uploads/cirebon2026/laporan_kapetakan_1141.jpg","-6.593027","108.5252999","2024-03-19 04:07:35","ditolak"
"1143","Jl. Penghubung Balai Desa Weru KM 16 Blok B-47","uploads/cirebon2026/laporan_weru_1142.jpg","-6.7021093","108.4982941","2024-05-31 20:41:15","diterima"
"1144","Jl. Penghubung Perumahan Suranenggala KM 8 Blok H-27","uploads/cirebon2026/laporan_suranenggala_1143.jpg","-6.6466575","108.5086204","2024-06-24 11:23:23","diterima"
"1145","Jl. Pesisir SMP Babakan KM 5 Blok G-40","uploads/cirebon2026/laporan_babakan_1144.jpg","-6.8611159","108.7206472","2025-01-19 00:19:59","selesai"
"1146","Jl. Penghubung Makam Sunan Karangsembung KM 2 Blok A-62","uploads/cirebon2026/laporan_karangsembung_1145.jpg","-6.8474416","108.6478238","2024-08-07 21:00:00","diterima"
"1147","Jl. Penghubung Sawah Plumbon KM 6 Blok A-86","uploads/cirebon2026/laporan_plumbon_1146.jpg","-6.6939933","108.4682392","2025-11-13 12:42:21","selesai"
"1148","Jl. Raya SMA Tengah Tani KM 15 Blok G-29","uploads/cirebon2026/laporan_tengah_tani_1147.jpg","-6.7055446","108.5134247","2024-05-30 14:45:07","diterima"
"1149","Jl. Pesisir Gudang Garam Astanajapura KM 6 Blok G-96","uploads/cirebon2026/laporan_astanajapura_1148.jpg","-6.7988775","108.624203","2025-01-01 04:20:05","selesai"
"1150","Jl. Lingkungan Perumahan Talun KM 12 Blok A-8","uploads/cirebon2026/laporan_talun_1149.jpg","-6.7457601","108.5312148","2024-09-25 04:52:16","diterima"
"1151","Jl. Pasar Tambak Greged KM 4 Blok F-91","uploads/cirebon2026/laporan_greged_1150.jpg","-6.80887","108.5650397","2025-05-19 16:59:09","selesai"
"1152","Jl. Raya Tanggul Greged KM 13 Blok H-6","uploads/cirebon2026/laporan_greged_1151.jpg","-6.8060918","108.5524977","2024-10-27 23:54:47","ditolak"
"1153","Jl. Pesisir Alun-alun Suranenggala KM 3 Blok G-30","uploads/cirebon2026/laporan_suranenggala_1152.jpg","-6.6375801","108.5210105","2024-05-02 20:16:07","diterima"
"1154","Jl. Sekolah Tanggul Gempol KM 6 Blok C-71","uploads/cirebon2026/laporan_gempol_1153.jpg","-6.7223021","108.3769105","2025-10-31 19:46:34","diterima"
"1155","Jl. Pertanian Tanggul Talun KM 7 Blok G-62","uploads/cirebon2026/laporan_talun_1154.jpg","-6.745733","108.5259457","2024-06-30 13:19:53","selesai"
"1156","Jl. Kabupaten Tanggul Sedong KM 12 Blok B-76","uploads/cirebon2026/laporan_sedong_1155.jpg","-6.8668838","108.5389696","2025-09-08 16:29:23","selesai"
"1157","Jl. Pertanian Balai Desa Greged KM 2 Blok H-76","uploads/cirebon2026/laporan_greged_1156.jpg","-6.8146028","108.5749473","2025-07-27 12:19:07","diperbaiki"
"1158","Jl. Lingkungan Jembatan Pasaleman KM 14 Blok C-66","uploads/cirebon2026/laporan_pasaleman_1157.jpg","-6.9271724","108.7604009","2024-02-03 20:16:45","diperbaiki"
"1159","Jl. Desa Terminal Karangwareng KM 14 Blok F-27","uploads/cirebon2026/laporan_karangwareng_1158.jpg","-6.8640962","108.5943358","2025-12-17 05:37:41","selesai"
"1160","Jl. Irigasi Gudang Garam Gegesik KM 7 Blok E-73","uploads/cirebon2026/laporan_gegesik_1159.jpg","-6.5829923","108.4102443","2024-01-08 10:16:25","diperbaiki"
"1161","Jl. Lingkungan SMP Mundu KM 11 Blok D-99","uploads/cirebon2026/laporan_mundu_1160.jpg","-6.762615","108.6252517","2024-06-15 13:45:11","diperbaiki"
"1162","Jl. Sekolah Masjid Agung Weru KM 4 Blok B-31","uploads/cirebon2026/laporan_weru_1161.jpg","-6.7125167","108.5108264","2026-02-02 23:57:09","diterima"
"1163","Jl. Lingkungan Balai Desa Arjawinangun KM 2 Blok A-26","uploads/cirebon2026/laporan_arjawinangun_1162.jpg","-6.646414","108.4129088","2024-03-11 08:42:50","selesai"
"1164","Jl. Penghubung SMP Pabedilan KM 5 Blok C-65","uploads/cirebon2026/laporan_pabedilan_1163.jpg","-6.9158672","108.8077142","2025-07-30 16:00:24","selesai"
"1165","Jl. Penghubung Perumahan Pasaleman KM 11 Blok D-64","uploads/cirebon2026/laporan_pasaleman_1164.jpg","-6.9241075","108.7666529","2026-01-13 02:54:15","diterima"
"1166","Jl. Desa Tambak Pasaleman KM 5 Blok F-88","uploads/cirebon2026/laporan_pasaleman_1165.jpg","-6.9185041","108.7712115","2024-04-21 09:23:44","diterima"
"1167","Jl. Irigasi Perumahan Kaliwedi KM 16 Blok A-76","uploads/cirebon2026/laporan_kaliwedi_1166.jpg","-6.618713","108.3828796","2025-03-18 21:45:14","diterima"
"1168","Jl. Raya Tanggul Losari KM 10 Blok H-60","uploads/cirebon2026/laporan_losari_1167.jpg","-6.8584457","108.8040451","2026-02-02 06:13:08","ditolak"
"1169","Jl. Pertanian Tambak Weru KM 15 Blok E-14","uploads/cirebon2026/laporan_weru_1168.jpg","-6.7157268","108.5039493","2025-11-14 01:15:39","ditolak"
"1170","Jl. Pertanian Balai Desa Klangenan KM 18 Blok A-43","uploads/cirebon2026/laporan_klangenan_1169.jpg","-6.7061501","108.4538338","2024-06-07 16:09:59","diperbaiki"
"1171","Jl. Pertanian Jembatan Pabuaran KM 12 Blok A-47","uploads/cirebon2026/laporan_pabuaran_1170.jpg","-6.8885841","108.6969374","2025-03-24 22:36:53","diperbaiki"
"1172","Jl. Pesisir SMA Kaliwedi KM 15 Blok H-54","uploads/cirebon2026/laporan_kaliwedi_1171.jpg","-6.603932","108.3713183","2025-02-25 13:06:09","diperbaiki"
"1173","Jl. Pesisir Jembatan Talun KM 10 Blok C-95","uploads/cirebon2026/laporan_talun_1172.jpg","-6.7540501","108.5327955","2025-04-19 00:43:45","diperbaiki"
"1174","Jl. Pesisir Sentra Batik Kapetakan KM 13 Blok G-63","uploads/cirebon2026/laporan_kapetakan_1173.jpg","-6.6133273","108.5245424","2025-07-17 04:02:41","ditolak"
"1175","Jl. Kabupaten Pelabuhan Plered KM 10 Blok D-71","uploads/cirebon2026/laporan_plered_1174.jpg","-6.6979633","108.5151849","2024-09-08 09:31:12","selesai"
"1176","Jl. Kabupaten Tanggul Talun KM 17 Blok F-40","uploads/cirebon2026/laporan_talun_1175.jpg","-6.7449963","108.5103232","2024-08-20 18:55:01","diperbaiki"
"1177","Jl. Sekolah Lapangan Pabedilan KM 15 Blok A-53","uploads/cirebon2026/laporan_pabedilan_1176.jpg","-6.9078117","108.8196362","2024-06-30 19:08:39","selesai"
"1178","Jl. Lingkungan Tanggul Susukan KM 8 Blok F-18","uploads/cirebon2026/laporan_susukan_1177.jpg","-6.6344422","108.3776507","2025-07-04 21:34:42","selesai"
"1179","Jl. Kabupaten Makam Sunan Pasaleman KM 9 Blok D-10","uploads/cirebon2026/laporan_pasaleman_1178.jpg","-6.9219901","108.7729406","2024-04-06 02:39:13","ditolak"
"1180","Jl. Penghubung Balai Desa Mundu KM 14 Blok F-37","uploads/cirebon2026/laporan_mundu_1179.jpg","-6.7609162","108.6174542","2025-03-06 06:24:46","selesai"
"1181","Jl. Pesisir SMP Gegesik KM 4 Blok H-6","uploads/cirebon2026/laporan_gegesik_1180.jpg","-6.5738624","108.4252693","2025-01-08 14:36:44","diperbaiki"
"1182","Jl. Pesisir Kantor Kecamatan Jamblang KM 3 Blok G-12","uploads/cirebon2026/laporan_jamblang_1181.jpg","-6.7159743","108.4648542","2024-03-21 07:10:39","selesai"
"1183","Jl. Kabupaten Balai Desa Mundu KM 18 Blok E-47","uploads/cirebon2026/laporan_mundu_1182.jpg","-6.7691458","108.6210414","2025-01-16 17:27:43","selesai"
"1184","Jl. Lingkungan Masjid Agung Pabedilan KM 5 Blok D-32","uploads/cirebon2026/laporan_pabedilan_1183.jpg","-6.9174695","108.8113541","2025-08-15 16:31:11","selesai"
"1185","Jl. Pasar Stasiun Ciledug KM 11 Blok C-37","uploads/cirebon2026/laporan_ciledug_1184.jpg","-6.8902092","108.7628594","2026-01-08 18:10:06","diperbaiki"
"1186","Jl. Pasar Makam Sunan Kapetakan KM 15 Blok D-49","uploads/cirebon2026/laporan_kapetakan_1185.jpg","-6.5943229","108.5322321","2024-02-22 09:43:33","diperbaiki"
"1187","Jl. Pesisir Terminal Pasaleman KM 18 Blok D-38","uploads/cirebon2026/laporan_pasaleman_1186.jpg","-6.9402092","108.7743649","2025-10-19 00:57:54","diterima"
"1188","Jl. Irigasi Terminal Panguragan KM 4 Blok D-91","uploads/cirebon2026/laporan_panguragan_1187.jpg","-6.6423626","108.4485016","2024-10-17 19:16:28","selesai"
"1189","Jl. Lingkungan Makam Sunan Talun KM 1 Blok D-76","uploads/cirebon2026/laporan_talun_1188.jpg","-6.7642827","108.5067407","2025-05-14 15:25:49","diperbaiki"
"1190","Jl. Desa Alun-alun Pasaleman KM 18 Blok F-23","uploads/cirebon2026/laporan_pasaleman_1189.jpg","-6.9244479","108.770974","2025-11-24 14:09:27","selesai"
"1191","Jl. Kabupaten Tambak Gunungjati KM 14 Blok G-45","uploads/cirebon2026/laporan_gunungjati_1190.jpg","-6.6624463","108.5396403","2024-01-22 02:21:26","diterima"
"1192","Jl. Penghubung Alun-alun Klangenan KM 18 Blok F-63","uploads/cirebon2026/laporan_klangenan_1191.jpg","-6.7077233","108.4461743","2025-11-11 06:43:20","diperbaiki"
"1193","Jl. Penghubung Terminal Gebang KM 12 Blok D-21","uploads/cirebon2026/laporan_gebang_1192.jpg","-6.8533165","108.727177","2026-03-18 05:45:40","diperbaiki"
"1194","Jl. Pesisir Sawah Losari KM 1 Blok H-70","uploads/cirebon2026/laporan_losari_1193.jpg","-6.8523134","108.8040594","2025-03-25 18:52:28","selesai"
"1195","Jl. Pesisir Perumahan Kapetakan KM 13 Blok B-70","uploads/cirebon2026/laporan_kapetakan_1194.jpg","-6.5946129","108.5352677","2025-05-18 00:36:37","diperbaiki"
"1196","Jl. Lingkungan Alun-alun Kapetakan KM 12 Blok A-51","uploads/cirebon2026/laporan_kapetakan_1195.jpg","-6.615024","108.5352237","2025-11-01 21:08:56","diperbaiki"
"1197","Jl. Irigasi Alun-alun Mundu KM 13 Blok A-84","uploads/cirebon2026/laporan_mundu_1196.jpg","-6.7807742","108.6065044","2026-03-07 21:58:13","selesai"
"1198","Jl. Penghubung SMA Sumber KM 10 Blok E-42","uploads/cirebon2026/laporan_sumber_1197.jpg","-6.7677256","108.4727061","2024-05-16 08:45:30","diterima"
"1199","Jl. Kabupaten Sentra Batik Astanajapura KM 18 Blok A-79","uploads/cirebon2026/laporan_astanajapura_1198.jpg","-6.8038722","108.6095688","2024-02-18 00:30:39","diterima"
"1200","Jl. Irigasi Terminal Palimanan KM 7 Blok G-60","uploads/cirebon2026/laporan_palimanan_1199.jpg","-6.7055632","108.4152829","2026-02-20 00:14:36","diperbaiki"
"1201","Jl. Raya Jembatan Pasaleman KM 16 Blok C-83","uploads/cirebon2026/laporan_pasaleman_1200.jpg","-6.9366599","108.7630355","2025-04-29 16:03:43","diterima"
"1202","Jl. Pesisir SMP Beber KM 16 Blok E-89","uploads/cirebon2026/laporan_beber_1201.jpg","-6.7837775","108.5156342","2026-01-31 00:32:33","diperbaiki"
"1203","Jl. Penghubung Lapangan Pabuaran KM 12 Blok D-40","uploads/cirebon2026/laporan_pabuaran_1202.jpg","-6.8936302","108.6977278","2024-04-12 03:03:26","diterima"
"1204","Jl. Pasar Balai Desa Pabuaran KM 2 Blok G-7","uploads/cirebon2026/laporan_pabuaran_1203.jpg","-6.8844545","108.673793","2025-08-02 16:28:27","diperbaiki"
"1205","Jl. Lingkungan Kantor Kecamatan Plumbon KM 18 Blok A-16","uploads/cirebon2026/laporan_plumbon_1204.jpg","-6.6990383","108.4729474","2024-08-06 00:44:59","selesai"
"1206","Jl. Lingkungan Masjid Agung Ciledug KM 11 Blok F-35","uploads/cirebon2026/laporan_ciledug_1205.jpg","-6.9125497","108.7449004","2024-01-04 03:49:21","diterima"
"1207","Jl. Kabupaten Perumahan Gempol KM 15 Blok G-7","uploads/cirebon2026/laporan_gempol_1206.jpg","-6.7275393","108.3658398","2026-02-09 11:09:17","ditolak"
"1208","Jl. Raya Makam Sunan Tengah Tani KM 2 Blok C-30","uploads/cirebon2026/laporan_tengah_tani_1207.jpg","-6.6976186","108.5248506","2024-08-12 14:41:46","diperbaiki"
"1209","Jl. Sekolah Tambak Pabedilan KM 18 Blok G-19","uploads/cirebon2026/laporan_pabedilan_1208.jpg","-6.9004742","108.8183219","2024-07-24 09:07:12","diterima"
"1210","Jl. Kabupaten Makam Sunan Jamblang KM 14 Blok A-38","uploads/cirebon2026/laporan_jamblang_1209.jpg","-6.6962611","108.4629763","2024-02-19 03:05:00","selesai"
"1211","Jl. Lingkungan Pasar Tengah Tani KM 12 Blok B-73","uploads/cirebon2026/laporan_tengah_tani_1210.jpg","-6.6986255","108.5217255","2024-06-06 10:23:49","diperbaiki"
"1212","Jl. Pesisir SMA Talun KM 12 Blok A-55","uploads/cirebon2026/laporan_talun_1211.jpg","-6.7572314","108.5295836","2024-12-29 06:02:04","diterima"
"1213","Jl. Raya Lapangan Gegesik KM 5 Blok H-5","uploads/cirebon2026/laporan_gegesik_1212.jpg","-6.5796865","108.4318619","2024-03-31 02:25:11","selesai"
"1214","Jl. Pesisir Perumahan Klangenan KM 14 Blok A-80","uploads/cirebon2026/laporan_klangenan_1213.jpg","-6.7135313","108.4299994","2024-01-16 14:25:32","selesai"
"1215","Jl. Pesisir Pelabuhan Arjawinangun KM 11 Blok F-64","uploads/cirebon2026/laporan_arjawinangun_1214.jpg","-6.6505595","108.4062536","2024-10-09 05:44:55","selesai"
"1216","Jl. Lingkungan Pelabuhan Gegesik KM 2 Blok G-89","uploads/cirebon2026/laporan_gegesik_1215.jpg","-6.5657278","108.4104129","2026-01-01 13:26:27","diterima"
"1217","Jl. Lingkungan Masjid Agung Sumber KM 5 Blok C-29","uploads/cirebon2026/laporan_sumber_1216.jpg","-6.7534597","108.4854155","2024-03-24 12:33:07","selesai"
"1218","Jl. Raya Jembatan Babakan KM 5 Blok C-21","uploads/cirebon2026/laporan_babakan_1217.jpg","-6.8696429","108.7225683","2024-07-23 03:51:54","diperbaiki"
"1219","Jl. Desa Perumahan Plered KM 11 Blok E-3","uploads/cirebon2026/laporan_plered_1218.jpg","-6.697733","108.5082768","2025-08-02 07:01:40","selesai"
"1220","Jl. Kabupaten Masjid Agung Pasaleman KM 11 Blok F-21","uploads/cirebon2026/laporan_pasaleman_1219.jpg","-6.9212587","108.7638067","2024-09-25 06:06:56","ditolak"
"1221","Jl. Sekolah SMA Pabuaran KM 8 Blok D-87","uploads/cirebon2026/laporan_pabuaran_1220.jpg","-6.8994846","108.6849436","2024-05-10 00:39:55","selesai"
"1222","Jl. Irigasi SMP Karangsembung KM 4 Blok B-31","uploads/cirebon2026/laporan_karangsembung_1221.jpg","-6.8454901","108.6512064","2024-10-22 11:48:40","selesai"
"1223","Jl. Pertanian Tanggul Greged KM 9 Blok G-59","uploads/cirebon2026/laporan_greged_1222.jpg","-6.8253818","108.5736684","2026-04-25 09:04:57","selesai"
"1224","Jl. Pertanian Terminal Pabuaran KM 9 Blok F-28","uploads/cirebon2026/laporan_pabuaran_1223.jpg","-6.8941407","108.689874","2025-05-24 08:26:07","selesai"
"1225","Jl. Lingkungan Makam Sunan Babakan KM 16 Blok H-72","uploads/cirebon2026/laporan_babakan_1224.jpg","-6.8736628","108.7204477","2024-12-18 19:02:15","diperbaiki"
"1226","Jl. Desa Terminal Pasaleman KM 3 Blok E-24","uploads/cirebon2026/laporan_pasaleman_1225.jpg","-6.9296034","108.7848281","2026-03-29 16:39:37","selesai"
"1227","Jl. Irigasi Gudang Garam Gunungjati KM 5 Blok B-29","uploads/cirebon2026/laporan_gunungjati_1226.jpg","-6.6631433","108.5569075","2025-10-31 06:12:44","diterima"
"1228","Jl. Kabupaten Stasiun Depok KM 10 Blok G-50","uploads/cirebon2026/laporan_depok_1227.jpg","-6.711175","108.4594558","2024-02-06 02:01:36","diterima"
"1229","Jl. Sekolah Alun-alun Babakan KM 13 Blok H-70","uploads/cirebon2026/laporan_babakan_1228.jpg","-6.8686474","108.7223235","2024-04-17 13:24:58","selesai"
"1230","Jl. Irigasi Puskesmas Gempol KM 7 Blok B-33","uploads/cirebon2026/laporan_gempol_1229.jpg","-6.7161346","108.3866562","2025-10-07 01:04:06","diperbaiki"
"1231","Jl. Irigasi Sawah Kapetakan KM 11 Blok G-42","uploads/cirebon2026/laporan_kapetakan_1230.jpg","-6.6085546","108.5179737","2025-02-02 09:25:01","diperbaiki"
"1232","Jl. Raya Jembatan Weru KM 11 Blok C-4","uploads/cirebon2026/laporan_weru_1231.jpg","-6.7004252","108.5117755","2026-01-27 07:04:26","diterima"
"1233","Jl. Pertanian SMA Greged KM 16 Blok H-76","uploads/cirebon2026/laporan_greged_1232.jpg","-6.8241894","108.5487926","2026-03-16 00:31:53","diterima"
"1234","Jl. Penghubung SMA Palimanan KM 16 Blok H-1","uploads/cirebon2026/laporan_palimanan_1233.jpg","-6.7082626","108.4123561","2024-07-28 09:37:06","diterima"
"1235","Jl. Sekolah SMP Greged KM 4 Blok C-84","uploads/cirebon2026/laporan_greged_1234.jpg","-6.8263423","108.5489285","2025-11-18 15:04:42","ditolak"
"1236","Jl. Irigasi Pelabuhan Karangsembung KM 12 Blok C-39","uploads/cirebon2026/laporan_karangsembung_1235.jpg","-6.8439717","108.6502187","2025-04-21 02:09:09","selesai"
"1237","Jl. Kabupaten Tambak Klangenan KM 6 Blok B-44","uploads/cirebon2026/laporan_klangenan_1236.jpg","-6.7048654","108.4324198","2025-09-07 06:25:58","diperbaiki"
"1238","Jl. Lingkungan SMP Kaliwedi KM 2 Blok A-63","uploads/cirebon2026/laporan_kaliwedi_1237.jpg","-6.5996296","108.3891949","2024-11-13 12:11:51","diterima"
"1239","Jl. Pesisir Stasiun Greged KM 4 Blok G-56","uploads/cirebon2026/laporan_greged_1238.jpg","-6.8234488","108.564556","2024-08-24 22:27:52","ditolak"
"1240","Jl. Desa Pelabuhan Sumber KM 15 Blok B-79","uploads/cirebon2026/laporan_sumber_1239.jpg","-6.7576745","108.4899434","2025-01-24 07:13:35","selesai"
"1241","Jl. Sekolah Sawah Sumber KM 9 Blok G-16","uploads/cirebon2026/laporan_sumber_1240.jpg","-6.7635633","108.4912096","2024-12-14 20:20:42","diperbaiki"
"1242","Jl. Kabupaten Jembatan Greged KM 16 Blok B-88","uploads/cirebon2026/laporan_greged_1241.jpg","-6.8173731","108.5624237","2025-11-11 23:36:39","diperbaiki"
"1243","Jl. Irigasi Balai Desa Ciwaringin KM 8 Blok F-86","uploads/cirebon2026/laporan_ciwaringin_1242.jpg","-6.709849","108.3951629","2024-06-14 09:02:29","ditolak"
"1244","Jl. Irigasi Balai Desa Suranenggala KM 2 Blok E-41","uploads/cirebon2026/laporan_suranenggala_1243.jpg","-6.62929","108.516998","2025-01-07 03:55:31","diterima"
"1245","Jl. Pasar Gudang Garam Sumber KM 9 Blok D-86","uploads/cirebon2026/laporan_sumber_1244.jpg","-6.7564836","108.4800052","2025-03-15 17:23:40","diterima"
"1246","Jl. Sekolah Kantor Kecamatan Gebang KM 16 Blok H-64","uploads/cirebon2026/laporan_gebang_1245.jpg","-6.8386349","108.7301804","2024-03-12 09:38:14","diterima"
"1247","Jl. Pertanian Balai Desa Plumbon KM 3 Blok F-84","uploads/cirebon2026/laporan_plumbon_1246.jpg","-6.710998","108.4723986","2024-03-15 14:16:37","diperbaiki"
"1248","Jl. Pertanian SMA Susukan KM 1 Blok D-49","uploads/cirebon2026/laporan_susukan_1247.jpg","-6.617354","108.3946599","2025-06-01 09:54:14","diterima"
"1249","Jl. Penghubung Makam Sunan Plered KM 2 Blok G-50","uploads/cirebon2026/laporan_plered_1248.jpg","-6.6925928","108.5107414","2025-09-05 22:53:51","diterima"
"1250","Jl. Kabupaten Perumahan Talun KM 15 Blok B-25","uploads/cirebon2026/laporan_talun_1249.jpg","-6.7678784","108.5136338","2025-06-06 04:07:46","selesai"
"1251","Jl. Pesisir Lapangan Talun KM 8 Blok A-13","uploads/cirebon2026/laporan_talun_1250.jpg","-6.7567458","108.5238356","2025-11-21 12:45:36","selesai"
"1252","Jl. Desa Tanggul Pabedilan KM 17 Blok A-28","uploads/cirebon2026/laporan_pabedilan_1251.jpg","-6.907123","108.806562","2025-06-03 02:42:26","selesai"
"1253","Jl. Raya Tambak Pabuaran KM 2 Blok B-68","uploads/cirebon2026/laporan_pabuaran_1252.jpg","-6.879385","108.6883156","2025-11-17 09:49:23","ditolak"
"1254","Jl. Lingkungan Terminal Tengah Tani KM 11 Blok G-8","uploads/cirebon2026/laporan_tengah_tani_1253.jpg","-6.7021359","108.5141795","2024-01-12 13:40:06","selesai"
"1255","Jl. Sekolah SMA Kaliwedi KM 1 Blok H-72","uploads/cirebon2026/laporan_kaliwedi_1254.jpg","-6.6164689","108.377904","2024-01-22 09:04:08","diperbaiki"
"1256","Jl. Raya Stasiun Susukanlebak KM 13 Blok F-37","uploads/cirebon2026/laporan_susukanlebak_1255.jpg","-6.8379619","108.6047499","2024-10-10 09:55:46","diterima"
"1257","Jl. Pertanian Kantor Kecamatan Depok KM 13 Blok H-13","uploads/cirebon2026/laporan_depok_1256.jpg","-6.7240158","108.4548462","2025-08-12 12:38:16","diterima"
"1258","Jl. Kabupaten SMA Suranenggala KM 6 Blok H-49","uploads/cirebon2026/laporan_suranenggala_1257.jpg","-6.6444551","108.5193501","2024-05-23 09:37:36","selesai"
"1259","Jl. Sekolah Perumahan Greged KM 4 Blok C-43","uploads/cirebon2026/laporan_greged_1258.jpg","-6.8233283","108.569994","2025-07-12 21:58:29","diperbaiki"
"1260","Jl. Irigasi Stasiun Suranenggala KM 11 Blok H-67","uploads/cirebon2026/laporan_suranenggala_1259.jpg","-6.6516217","108.5049213","2025-12-04 08:43:48","diterima"
"1261","Jl. Raya Masjid Agung Pangenan KM 5 Blok G-10","uploads/cirebon2026/laporan_pangenan_1260.jpg","-6.8099284","108.6746933","2026-03-01 16:18:02","selesai"
"1262","Jl. Pesisir Puskesmas Plered KM 13 Blok C-65","uploads/cirebon2026/laporan_plered_1261.jpg","-6.7067403","108.5033602","2025-01-15 05:17:18","selesai"
"1263","Jl. Lingkungan Jembatan Tengah Tani KM 14 Blok B-15","uploads/cirebon2026/laporan_tengah_tani_1262.jpg","-6.7004076","108.5103026","2025-05-20 11:02:50","selesai"
"1264","Jl. Sekolah SMA Jamblang KM 11 Blok B-24","uploads/cirebon2026/laporan_jamblang_1263.jpg","-6.7119109","108.4706148","2025-11-29 23:53:57","diperbaiki"
"1265","Jl. Pesisir Sawah Greged KM 17 Blok B-19","uploads/cirebon2026/laporan_greged_1264.jpg","-6.8190101","108.5648474","2026-01-14 15:31:52","diperbaiki"
"1266","Jl. Lingkungan Puskesmas Karangwareng KM 4 Blok B-93","uploads/cirebon2026/laporan_karangwareng_1265.jpg","-6.8628464","108.598652","2024-06-08 23:48:36","diterima"
"1267","Jl. Desa Jembatan Weru KM 3 Blok E-36","uploads/cirebon2026/laporan_weru_1266.jpg","-6.71281","108.5024009","2024-10-26 09:30:38","selesai"
"1268","Jl. Sekolah Alun-alun Gempol KM 17 Blok E-76","uploads/cirebon2026/laporan_gempol_1267.jpg","-6.7184326","108.3847515","2025-08-27 20:32:21","selesai"
"1269","Jl. Pertanian Makam Sunan Susukan KM 13 Blok H-44","uploads/cirebon2026/laporan_susukan_1268.jpg","-6.6219376","108.3948898","2024-07-30 13:52:33","diperbaiki"
"1270","Jl. Irigasi Terminal Gegesik KM 5 Blok G-35","uploads/cirebon2026/laporan_gegesik_1269.jpg","-6.5816115","108.4303625","2025-05-26 17:14:46","selesai"
"1271","Jl. Raya SMP Tengah Tani KM 12 Blok H-74","uploads/cirebon2026/laporan_tengah_tani_1270.jpg","-6.7163154","108.5331125","2024-06-05 14:03:31","selesai"
"1272","Jl. Sekolah Tanggul Pangenan KM 2 Blok G-83","uploads/cirebon2026/laporan_pangenan_1271.jpg","-6.8114694","108.6982106","2024-01-24 13:50:34","diterima"
"1273","Jl. Lingkungan Gudang Garam Waled KM 14 Blok H-98","uploads/cirebon2026/laporan_waled_1272.jpg","-6.9248945","108.6270858","2025-09-23 16:59:16","diterima"
"1274","Jl. Raya Terminal Mundu KM 2 Blok H-80","uploads/cirebon2026/laporan_mundu_1273.jpg","-6.76994","108.6029729","2024-11-23 04:50:50","diterima"
"1275","Jl. Lingkungan Stasiun Plumbon KM 6 Blok F-32","uploads/cirebon2026/laporan_plumbon_1274.jpg","-6.7110655","108.4729012","2026-03-23 02:42:38","diterima"
"1276","Jl. Penghubung Terminal Plered KM 16 Blok D-37","uploads/cirebon2026/laporan_plered_1275.jpg","-6.7016186","108.5187318","2025-02-06 18:01:43","selesai"
"1277","Jl. Raya Tambak Kapetakan KM 13 Blok B-21","uploads/cirebon2026/laporan_kapetakan_1276.jpg","-6.609591","108.5316529","2024-10-25 20:31:20","diterima"
"1278","Jl. Pesisir Puskesmas Jamblang KM 5 Blok C-3","uploads/cirebon2026/laporan_jamblang_1277.jpg","-6.7114735","108.4633145","2025-07-26 14:14:17","selesai"
"1279","Jl. Pertanian Balai Desa Dukupuntang KM 1 Blok D-62","uploads/cirebon2026/laporan_dukupuntang_1278.jpg","-6.7638169","108.4464403","2025-11-17 08:38:50","selesai"
"1280","Jl. Irigasi Makam Sunan Astanajapura KM 5 Blok A-55","uploads/cirebon2026/laporan_astanajapura_1279.jpg","-6.8069639","108.614222","2024-05-18 05:15:29","selesai"
"1281","Jl. Pertanian Jembatan Susukanlebak KM 8 Blok H-33","uploads/cirebon2026/laporan_susukanlebak_1280.jpg","-6.8189974","108.600546","2026-01-05 10:01:04","diterima"
"1282","Jl. Penghubung SMA Susukanlebak KM 13 Blok D-76","uploads/cirebon2026/laporan_susukanlebak_1281.jpg","-6.838344","108.6045808","2026-01-15 15:15:05","diterima"
"1283","Jl. Pertanian Terminal Mundu KM 17 Blok A-10","uploads/cirebon2026/laporan_mundu_1282.jpg","-6.7778382","108.6058662","2025-01-08 07:59:03","diperbaiki"
"1284","Jl. Raya Balai Desa Depok KM 11 Blok A-37","uploads/cirebon2026/laporan_depok_1283.jpg","-6.7297494","108.4673419","2024-01-01 19:37:55","diterima"
"1285","Jl. Penghubung Tanggul Pangenan KM 15 Blok G-38","uploads/cirebon2026/laporan_pangenan_1284.jpg","-6.8062452","108.6998026","2025-02-08 13:16:18","selesai"
"1286","Jl. Sekolah Makam Sunan Greged KM 4 Blok D-51","uploads/cirebon2026/laporan_greged_1285.jpg","-6.8181746","108.5677187","2025-04-01 03:17:33","selesai"
"1287","Jl. Pertanian Sawah Lemahabang KM 5 Blok C-70","uploads/cirebon2026/laporan_lemahabang_1286.jpg","-6.8243044","108.6135298","2025-07-16 10:49:17","diterima"
"1288","Jl. Kabupaten Sentra Batik Gegesik KM 2 Blok G-75","uploads/cirebon2026/laporan_gegesik_1287.jpg","-6.5616783","108.426767","2026-03-28 10:39:57","selesai"
"1289","Jl. Kabupaten Gudang Garam Mundu KM 4 Blok C-43","uploads/cirebon2026/laporan_mundu_1288.jpg","-6.7778884","108.6225751","2025-01-11 23:35:42","diterima"
"1290","Jl. Penghubung SMP Gebang KM 5 Blok E-82","uploads/cirebon2026/laporan_gebang_1289.jpg","-6.8475563","108.7390233","2024-03-16 10:11:59","diterima"
"1291","Jl. Irigasi Stasiun Arjawinangun KM 4 Blok E-55","uploads/cirebon2026/laporan_arjawinangun_1290.jpg","-6.6343084","108.4229453","2024-01-11 01:31:32","selesai"
"1292","Jl. Pasar Alun-alun Babakan KM 9 Blok C-54","uploads/cirebon2026/laporan_babakan_1291.jpg","-6.8815215","108.7199311","2024-07-17 16:38:27","diterima"
"1293","Jl. Penghubung Stasiun Karangwareng KM 8 Blok F-73","uploads/cirebon2026/laporan_karangwareng_1292.jpg","-6.8628551","108.5851524","2024-04-01 16:16:00","selesai"
"1294","Jl. Pertanian Pasar Greged KM 2 Blok E-90","uploads/cirebon2026/laporan_greged_1293.jpg","-6.8051606","108.5575728","2025-07-26 20:24:53","diterima"
"1295","Jl. Lingkungan Sawah Arjawinangun KM 4 Blok F-64","uploads/cirebon2026/laporan_arjawinangun_1294.jpg","-6.6460733","108.4113658","2024-01-31 03:30:58","ditolak"
"1296","Jl. Pertanian Makam Sunan Dukupuntang KM 9 Blok A-32","uploads/cirebon2026/laporan_dukupuntang_1295.jpg","-6.7464973","108.4463498","2024-11-19 11:06:49","diperbaiki"
"1297","Jl. Penghubung Terminal Talun KM 12 Blok D-30","uploads/cirebon2026/laporan_talun_1296.jpg","-6.7611128","108.5169825","2024-06-22 11:31:47","diterima"
"1298","Jl. Desa Perumahan Mundu KM 17 Blok E-4","uploads/cirebon2026/laporan_mundu_1297.jpg","-6.7803059","108.6133021","2025-11-21 23:59:40","ditolak"
"1299","Jl. Pesisir Makam Sunan Pabedilan KM 2 Blok H-84","uploads/cirebon2026/laporan_pabedilan_1298.jpg","-6.9056628","108.8043403","2026-03-17 07:23:38","diperbaiki"
"1300","Jl. Pertanian Tanggul Waled KM 18 Blok E-69","uploads/cirebon2026/laporan_waled_1299.jpg","-6.9189673","108.623648","2025-12-21 01:32:02","ditolak"
"1301","Jl. Pasar SMA Susukanlebak KM 13 Blok F-73","uploads/cirebon2026/laporan_susukanlebak_1300.jpg","-6.8398304","108.5985018","2024-04-26 05:32:35","selesai"
"1302","Jl. Desa Puskesmas Sedong KM 10 Blok G-89","uploads/cirebon2026/laporan_sedong_1301.jpg","-6.8765891","108.5380233","2024-11-28 01:38:17","diperbaiki"
"1303","Jl. Pesisir Masjid Agung Pangenan KM 18 Blok A-11","uploads/cirebon2026/laporan_pangenan_1302.jpg","-6.8005433","108.6804479","2024-06-11 19:58:04","ditolak"
"1304","Jl. Pesisir SMA Jamblang KM 12 Blok H-92","uploads/cirebon2026/laporan_jamblang_1303.jpg","-6.7151066","108.4584423","2026-02-15 20:40:47","diterima"
"1305","Jl. Penghubung Terminal Pabedilan KM 1 Blok G-11","uploads/cirebon2026/laporan_pabedilan_1304.jpg","-6.9009368","108.8088814","2025-09-02 15:52:21","diterima"
"1306","Jl. Pertanian Gudang Garam Jamblang KM 7 Blok G-54","uploads/cirebon2026/laporan_jamblang_1305.jpg","-6.714495","108.4474374","2025-02-16 22:56:13","selesai"
"1307","Jl. Pesisir Pasar Greged KM 9 Blok H-80","uploads/cirebon2026/laporan_greged_1306.jpg","-6.8250396","108.5540897","2025-12-29 01:07:12","diterima"
"1308","Jl. Lingkungan Stasiun Gempol KM 1 Blok H-6","uploads/cirebon2026/laporan_gempol_1307.jpg","-6.7188611","108.39015","2025-01-24 20:19:14","diperbaiki"
"1309","Jl. Pasar Tambak Kaliwedi KM 16 Blok E-17","uploads/cirebon2026/laporan_kaliwedi_1308.jpg","-6.6122336","108.3818788","2024-11-30 23:34:39","selesai"
"1310","Jl. Pertanian Gudang Garam Losari KM 6 Blok F-57","uploads/cirebon2026/laporan_losari_1309.jpg","-6.8512054","108.8152427","2025-06-28 00:16:18","diperbaiki"
"1311","Jl. Irigasi Pasar Palimanan KM 16 Blok F-11","uploads/cirebon2026/laporan_palimanan_1310.jpg","-6.7054616","108.420256","2025-05-07 09:43:52","diperbaiki"
"1312","Jl. Lingkungan SMA Klangenan KM 2 Blok D-42","uploads/cirebon2026/laporan_klangenan_1311.jpg","-6.6999598","108.4294188","2025-03-06 23:10:54","diterima"
"1313","Jl. Irigasi Makam Sunan Gempol KM 17 Blok H-49","uploads/cirebon2026/laporan_gempol_1312.jpg","-6.7134471","108.3854396","2025-01-24 13:34:05","diterima"
"1314","Jl. Pasar Pelabuhan Sedong KM 1 Blok H-97","uploads/cirebon2026/laporan_sedong_1313.jpg","-6.877507","108.5188211","2025-03-06 22:56:14","selesai"
"1315","Jl. Sekolah Sentra Batik Astanajapura KM 8 Blok D-2","uploads/cirebon2026/laporan_astanajapura_1314.jpg","-6.8081831","108.6204651","2025-06-05 01:58:37","diperbaiki"
"1316","Jl. Pesisir Alun-alun Kedawung KM 13 Blok E-53","uploads/cirebon2026/laporan_kedawung_1315.jpg","-6.7214","108.5353574","2026-01-15 23:41:52","diterima"
"1317","Jl. Lingkungan Tambak Ciledug KM 16 Blok C-26","uploads/cirebon2026/laporan_ciledug_1316.jpg","-6.8961174","108.7589914","2025-05-24 05:25:25","diperbaiki"
"1318","Jl. Pesisir Alun-alun Gempol KM 5 Blok A-7","uploads/cirebon2026/laporan_gempol_1317.jpg","-6.7061415","108.3846342","2025-12-11 20:41:41","selesai"
"1319","Jl. Penghubung Tanggul Depok KM 15 Blok A-70","uploads/cirebon2026/laporan_depok_1318.jpg","-6.709293","108.4711696","2025-07-07 06:24:41","diperbaiki"
"1320","Jl. Raya Alun-alun Losari KM 10 Blok F-99","uploads/cirebon2026/laporan_losari_1319.jpg","-6.8588367","108.8077671","2024-12-20 12:39:17","selesai"
"1321","Jl. Sekolah SMP Karangwareng KM 6 Blok E-26","uploads/cirebon2026/laporan_karangwareng_1320.jpg","-6.8641742","108.6033374","2024-05-09 15:24:39","selesai"
"1322","Jl. Kabupaten Pasar Greged KM 10 Blok H-75","uploads/cirebon2026/laporan_greged_1321.jpg","-6.8276733","108.5529512","2024-10-07 13:43:57","selesai"
"1323","Jl. Kabupaten Makam Sunan Klangenan KM 17 Blok A-53","uploads/cirebon2026/laporan_klangenan_1322.jpg","-6.7203278","108.4388215","2025-02-10 06:38:14","selesai"
"1324","Jl. Kabupaten Alun-alun Waled KM 4 Blok D-13","uploads/cirebon2026/laporan_waled_1323.jpg","-6.9052759","108.6262253","2026-02-02 06:24:33","ditolak"
"1325","Jl. Pasar Pasar Suranenggala KM 15 Blok A-13","uploads/cirebon2026/laporan_suranenggala_1324.jpg","-6.6340355","108.5288922","2026-01-29 20:53:12","diperbaiki"
"1326","Jl. Penghubung Jembatan Waled KM 8 Blok B-76","uploads/cirebon2026/laporan_waled_1325.jpg","-6.9071687","108.635199","2024-09-20 21:26:21","diperbaiki"
"1327","Jl. Kabupaten Tambak Pabuaran KM 3 Blok D-10","uploads/cirebon2026/laporan_pabuaran_1326.jpg","-6.8965846","108.6877128","2025-05-24 07:09:36","ditolak"
"1328","Jl. Desa Masjid Agung Kaliwedi KM 5 Blok A-47","uploads/cirebon2026/laporan_kaliwedi_1327.jpg","-6.6063538","108.3816382","2024-06-14 21:22:52","diterima"
"1329","Jl. Irigasi Alun-alun Palimanan KM 11 Blok D-30","uploads/cirebon2026/laporan_palimanan_1328.jpg","-6.6983734","108.4218739","2025-03-25 07:32:25","diterima"
"1330","Jl. Lingkungan Makam Sunan Ciwaringin KM 10 Blok C-61","uploads/cirebon2026/laporan_ciwaringin_1329.jpg","-6.7104104","108.3980029","2024-01-30 07:17:39","diterima"
"1331","Jl. Kabupaten Lapangan Susukan KM 2 Blok H-83","uploads/cirebon2026/laporan_susukan_1330.jpg","-6.6210293","108.3920874","2025-03-16 10:27:25","diperbaiki"
"1332","Jl. Lingkungan Tambak Babakan KM 8 Blok H-26","uploads/cirebon2026/laporan_babakan_1331.jpg","-6.8611687","108.718551","2026-03-30 02:49:53","diperbaiki"
"1333","Jl. Irigasi Sentra Batik Palimanan KM 3 Blok E-81","uploads/cirebon2026/laporan_palimanan_1332.jpg","-6.6951762","108.4225301","2024-01-02 17:08:46","diterima"
"1334","Jl. Penghubung Stasiun Talun KM 4 Blok B-29","uploads/cirebon2026/laporan_talun_1333.jpg","-6.7526031","108.5307196","2025-02-13 15:23:35","diperbaiki"
"1335","Jl. Pasar Pelabuhan Pabuaran KM 13 Blok E-8","uploads/cirebon2026/laporan_pabuaran_1334.jpg","-6.89334","108.6968564","2024-03-12 01:56:20","diperbaiki"
"1336","Jl. Penghubung Stasiun Beber KM 2 Blok G-92","uploads/cirebon2026/laporan_beber_1335.jpg","-6.7941961","108.5287172","2024-08-18 13:08:44","diperbaiki"
"1337","Jl. Pesisir Jembatan Mundu KM 1 Blok H-83","uploads/cirebon2026/laporan_mundu_1336.jpg","-6.7686417","108.6206167","2024-08-19 17:49:23","diterima"
"1338","Jl. Irigasi Sawah Kedawung KM 7 Blok C-78","uploads/cirebon2026/laporan_kedawung_1337.jpg","-6.7321791","108.5330095","2026-03-14 22:54:03","diperbaiki"
"1339","Jl. Sekolah Tanggul Dukupuntang KM 9 Blok B-97","uploads/cirebon2026/laporan_dukupuntang_1338.jpg","-6.7639455","108.4467229","2025-08-19 22:40:52","diperbaiki"
"1340","Jl. Pertanian Pasar Beber KM 5 Blok A-34","uploads/cirebon2026/laporan_beber_1339.jpg","-6.7994201","108.5377521","2025-09-23 01:28:25","selesai"
"1341","Jl. Desa Tambak Karangsembung KM 11 Blok F-54","uploads/cirebon2026/laporan_karangsembung_1340.jpg","-6.8381148","108.6405902","2026-02-14 12:51:06","diterima"
"1342","Jl. Lingkungan Pasar Gempol KM 1 Blok G-47","uploads/cirebon2026/laporan_gempol_1341.jpg","-6.7061325","108.3740977","2025-07-07 06:45:02","diterima"
"1343","Jl. Irigasi Jembatan Pasaleman KM 17 Blok H-63","uploads/cirebon2026/laporan_pasaleman_1342.jpg","-6.92964","108.7603432","2024-07-31 10:12:07","diperbaiki"
"1344","Jl. Penghubung SMA Kaliwedi KM 15 Blok D-24","uploads/cirebon2026/laporan_kaliwedi_1343.jpg","-6.6082349","108.3784664","2024-11-08 15:15:22","diterima"
"1345","Jl. Lingkungan Masjid Agung Gempol KM 9 Blok H-98","uploads/cirebon2026/laporan_gempol_1344.jpg","-6.7115595","108.3644386","2025-03-08 10:37:19","selesai"
"1346","Jl. Raya Kantor Kecamatan Susukan KM 17 Blok F-52","uploads/cirebon2026/laporan_susukan_1345.jpg","-6.6255975","108.3881087","2024-11-29 08:20:00","selesai"
"1347","Jl. Pesisir Makam Sunan Babakan KM 2 Blok D-85","uploads/cirebon2026/laporan_babakan_1346.jpg","-6.8833632","108.7209488","2024-01-05 20:09:47","selesai"
"1348","Jl. Pertanian Alun-alun Pabedilan KM 12 Blok C-60","uploads/cirebon2026/laporan_pabedilan_1347.jpg","-6.8980665","108.8110672","2025-08-17 09:13:25","selesai"
"1349","Jl. Penghubung Balai Desa Karangsembung KM 6 Blok F-88","uploads/cirebon2026/laporan_karangsembung_1348.jpg","-6.8565787","108.6309844","2024-03-21 17:27:59","selesai"
"1350","Jl. Raya Sentra Batik Depok KM 1 Blok B-72","uploads/cirebon2026/laporan_depok_1349.jpg","-6.7291558","108.4670207","2025-10-18 05:37:18","ditolak"
"1351","Jl. Kabupaten Gudang Garam Mundu KM 13 Blok G-55","uploads/cirebon2026/laporan_mundu_1350.jpg","-6.7693825","108.6256772","2025-04-13 16:13:12","diperbaiki"
"1352","Jl. Pertanian Pelabuhan Panguragan KM 4 Blok H-61","uploads/cirebon2026/laporan_panguragan_1351.jpg","-6.6575652","108.4686178","2024-04-26 14:02:46","diperbaiki"
"1353","Jl. Pesisir Terminal Waled KM 16 Blok E-68","uploads/cirebon2026/laporan_waled_1352.jpg","-6.9058386","108.6363906","2024-06-08 01:12:48","selesai"
"1354","Jl. Irigasi Lapangan Gunungjati KM 15 Blok A-67","uploads/cirebon2026/laporan_gunungjati_1353.jpg","-6.6788172","108.5478397","2025-12-27 23:50:48","diperbaiki"
"1355","Jl. Lingkungan Alun-alun Dukupuntang KM 13 Blok B-84","uploads/cirebon2026/laporan_dukupuntang_1354.jpg","-6.7603621","108.4413795","2024-05-12 08:54:40","selesai"
"1356","Jl. Raya Terminal Pabuaran KM 16 Blok E-43","uploads/cirebon2026/laporan_pabuaran_1355.jpg","-6.8895537","108.6938791","2024-10-08 11:56:18","ditolak"
"1357","Jl. Lingkungan Tanggul Talun KM 6 Blok F-43","uploads/cirebon2026/laporan_talun_1356.jpg","-6.7487024","108.5056196","2025-09-08 04:50:38","diterima"
"1358","Jl. Pertanian Perumahan Pangenan KM 13 Blok F-94","uploads/cirebon2026/laporan_pangenan_1357.jpg","-6.7924433","108.687751","2025-03-12 11:45:09","diterima"
"1359","Jl. Kabupaten Jembatan Pabuaran KM 2 Blok H-82","uploads/cirebon2026/laporan_pabuaran_1358.jpg","-6.9003819","108.6860473","2026-01-28 23:11:59","diperbaiki"
"1360","Jl. Lingkungan SMA Plumbon KM 17 Blok C-38","uploads/cirebon2026/laporan_plumbon_1359.jpg","-6.697169","108.4746306","2025-03-17 20:25:29","diterima"
"1361","Jl. Desa Tambak Jamblang KM 15 Blok C-75","uploads/cirebon2026/laporan_jamblang_1360.jpg","-6.6955728","108.4523572","2025-05-24 13:55:36","diterima"
"1362","Jl. Kabupaten Tanggul Babakan KM 8 Blok H-71","uploads/cirebon2026/laporan_babakan_1361.jpg","-6.876986","108.718383","2025-12-18 16:13:25","selesai"
"1363","Jl. Pertanian Balai Desa Plumbon KM 3 Blok B-55","uploads/cirebon2026/laporan_plumbon_1362.jpg","-6.7153591","108.4863279","2024-10-02 07:09:38","diperbaiki"
"1364","Jl. Sekolah Masjid Agung Karangsembung KM 2 Blok C-34","uploads/cirebon2026/laporan_karangsembung_1363.jpg","-6.8412557","108.6407373","2025-01-22 15:06:10","selesai"
"1365","Jl. Pertanian Tanggul Sedong KM 11 Blok A-2","uploads/cirebon2026/laporan_sedong_1364.jpg","-6.8736111","108.5163127","2025-05-25 22:49:31","diterima"
"1366","Jl. Raya Tambak Karangsembung KM 1 Blok A-95","uploads/cirebon2026/laporan_karangsembung_1365.jpg","-6.8371571","108.635801","2024-04-19 19:52:00","diterima"
"1367","Jl. Kabupaten Pasar Pabedilan KM 1 Blok B-14","uploads/cirebon2026/laporan_pabedilan_1366.jpg","-6.9054431","108.8060907","2025-08-29 00:14:18","selesai"
"1368","Jl. Pesisir Lapangan Waled KM 3 Blok F-16","uploads/cirebon2026/laporan_waled_1367.jpg","-6.9120606","108.6404592","2024-05-16 00:46:01","diperbaiki"
"1369","Jl. Sekolah Lapangan Waled KM 15 Blok H-63","uploads/cirebon2026/laporan_waled_1368.jpg","-6.9085966","108.6446626","2024-07-16 18:42:34","ditolak"
"1370","Jl. Pasar Sentra Batik Tengah Tani KM 2 Blok C-15","uploads/cirebon2026/laporan_tengah_tani_1369.jpg","-6.69405","108.520534","2026-03-31 02:25:54","selesai"
"1371","Jl. Desa Lapangan Susukan KM 7 Blok G-76","uploads/cirebon2026/laporan_susukan_1370.jpg","-6.6329477","108.3841764","2026-02-28 03:45:07","diperbaiki"
"1372","Jl. Sekolah Perumahan Astanajapura KM 6 Blok C-28","uploads/cirebon2026/laporan_astanajapura_1371.jpg","-6.790813","108.6304605","2026-01-09 08:13:03","ditolak"
"1373","Jl. Desa Masjid Agung Depok KM 8 Blok D-39","uploads/cirebon2026/laporan_depok_1372.jpg","-6.7256924","108.468764","2025-07-15 19:37:39","diterima"
"1374","Jl. Penghubung Sentra Batik Sumber KM 2 Blok C-16","uploads/cirebon2026/laporan_sumber_1373.jpg","-6.752872","108.4887142","2025-06-07 18:09:02","diperbaiki"
"1375","Jl. Kabupaten Balai Desa Kedawung KM 15 Blok F-20","uploads/cirebon2026/laporan_kedawung_1374.jpg","-6.7240219","108.5497048","2024-10-02 03:05:28","diperbaiki"
"1376","Jl. Pertanian Pasar Plered KM 5 Blok E-91","uploads/cirebon2026/laporan_plered_1375.jpg","-6.7018911","108.5006607","2025-03-09 00:56:51","selesai"
"1377","Jl. Irigasi Puskesmas Karangwareng KM 17 Blok F-95","uploads/cirebon2026/laporan_karangwareng_1376.jpg","-6.849705","108.5932284","2025-12-30 21:21:49","diperbaiki"
"1378","Jl. Kabupaten Pelabuhan Greged KM 2 Blok D-11","uploads/cirebon2026/laporan_greged_1377.jpg","-6.821965","108.5486154","2024-01-07 20:21:35","diperbaiki"
"1379","Jl. Pasar Sentra Batik Klangenan KM 17 Blok H-97","uploads/cirebon2026/laporan_klangenan_1378.jpg","-6.7184117","108.4297179","2026-01-02 23:33:30","diterima"
"1380","Jl. Pasar Pelabuhan Tengah Tani KM 1 Blok A-98","uploads/cirebon2026/laporan_tengah_tani_1379.jpg","-6.7112461","108.5165695","2024-07-04 16:14:25","diperbaiki"
"1381","Jl. Pasar Sentra Batik Jamblang KM 8 Blok G-30","uploads/cirebon2026/laporan_jamblang_1380.jpg","-6.7188727","108.4469874","2024-12-23 08:23:02","diperbaiki"
"1382","Jl. Raya Puskesmas Astanajapura KM 15 Blok B-1","uploads/cirebon2026/laporan_astanajapura_1381.jpg","-6.7959341","108.6220533","2025-03-18 19:02:34","diterima"
"1383","Jl. Pesisir Makam Sunan Pabuaran KM 1 Blok F-84","uploads/cirebon2026/laporan_pabuaran_1382.jpg","-6.8825843","108.6952484","2025-11-28 14:39:27","selesai"
"1384","Jl. Pesisir Puskesmas Panguragan KM 6 Blok A-79","uploads/cirebon2026/laporan_panguragan_1383.jpg","-6.663298","108.4610343","2026-01-30 14:31:42","diterima"
"1385","Jl. Lingkungan Stasiun Kapetakan KM 8 Blok G-37","uploads/cirebon2026/laporan_kapetakan_1384.jpg","-6.6159028","108.5173137","2024-03-01 19:37:41","selesai"
"1386","Jl. Kabupaten Tanggul Pabedilan KM 2 Blok B-95","uploads/cirebon2026/laporan_pabedilan_1385.jpg","-6.914451","108.8070301","2026-04-12 22:50:54","diperbaiki"
"1387","Jl. Lingkungan Gudang Garam Pangenan KM 16 Blok A-36","uploads/cirebon2026/laporan_pangenan_1386.jpg","-6.8116331","108.6743662","2024-12-18 19:24:28","diperbaiki"
"1388","Jl. Lingkungan Sawah Kedawung KM 10 Blok A-2","uploads/cirebon2026/laporan_kedawung_1387.jpg","-6.7268688","108.5373705","2026-03-23 00:06:16","ditolak"
"1389","Jl. Kabupaten Sawah Gebang KM 2 Blok B-1","uploads/cirebon2026/laporan_gebang_1388.jpg","-6.8384181","108.7389862","2024-12-12 11:14:39","diterima"
"1390","Jl. Desa Makam Sunan Depok KM 17 Blok H-49","uploads/cirebon2026/laporan_depok_1389.jpg","-6.7267839","108.4700953","2025-07-13 23:43:30","diterima"
"1391","Jl. Pesisir Gudang Garam Klangenan KM 11 Blok F-60","uploads/cirebon2026/laporan_klangenan_1390.jpg","-6.705457","108.4297072","2025-12-24 18:17:11","diterima"
"1392","Jl. Sekolah Pasar Waled KM 8 Blok F-71","uploads/cirebon2026/laporan_waled_1391.jpg","-6.9070685","108.6358687","2024-05-19 06:45:22","diterima"
"1393","Jl. Desa SMA Gebang KM 15 Blok F-83","uploads/cirebon2026/laporan_gebang_1392.jpg","-6.8447865","108.7255392","2025-05-25 03:22:22","selesai"
"1394","Jl. Raya Makam Sunan Sumber KM 17 Blok G-33","uploads/cirebon2026/laporan_sumber_1393.jpg","-6.765698","108.4769286","2024-08-03 18:57:57","diperbaiki"
"1395","Jl. Pertanian Lapangan Mundu KM 16 Blok F-26","uploads/cirebon2026/laporan_mundu_1394.jpg","-6.7774616","108.6110954","2025-11-02 08:38:35","diperbaiki"
"1396","Jl. Irigasi Makam Sunan Pabuaran KM 8 Blok H-12","uploads/cirebon2026/laporan_pabuaran_1395.jpg","-6.880613","108.6917207","2026-01-04 02:30:27","diterima"
"1397","Jl. Kabupaten SMA Pabedilan KM 7 Blok H-91","uploads/cirebon2026/laporan_pabedilan_1396.jpg","-6.9065064","108.8194805","2025-12-04 17:45:19","selesai"
"1398","Jl. Sekolah Stasiun Babakan KM 6 Blok H-7","uploads/cirebon2026/laporan_babakan_1397.jpg","-6.8834869","108.7159755","2025-01-08 06:18:55","diperbaiki"
"1399","Jl. Pasar Jembatan Pangenan KM 3 Blok A-38","uploads/cirebon2026/laporan_pangenan_1398.jpg","-6.809558","108.6855306","2025-08-07 20:04:29","selesai"
"1400","Jl. Irigasi Stasiun Beber KM 9 Blok G-87","uploads/cirebon2026/laporan_beber_1399.jpg","-6.7953117","108.5271959","2024-02-14 23:20:48","selesai"
"1401","Jl. Raya Jembatan Beber KM 8 Blok H-93","uploads/cirebon2026/laporan_beber_1400.jpg","-6.7991877","108.5192328","2026-04-02 20:00:58","selesai"
"1402","Jl. Pertanian Terminal Sedong KM 13 Blok B-50","uploads/cirebon2026/laporan_sedong_1401.jpg","-6.87671","108.5387649","2024-08-21 03:40:25","selesai"
"1403","Jl. Pertanian Jembatan Ciledug KM 13 Blok A-99","uploads/cirebon2026/laporan_ciledug_1402.jpg","-6.8937251","108.7626301","2024-08-29 00:34:21","diterima"
"1404","Jl. Penghubung Terminal Beber KM 10 Blok G-42","uploads/cirebon2026/laporan_beber_1403.jpg","-6.8067143","108.5256327","2024-08-17 21:18:14","diterima"
"1405","Jl. Raya Lapangan Gegesik KM 18 Blok A-82","uploads/cirebon2026/laporan_gegesik_1404.jpg","-6.5678067","108.4192528","2024-03-22 08:53:45","selesai"
"1406","Jl. Pesisir Tambak Sedong KM 7 Blok F-83","uploads/cirebon2026/laporan_sedong_1405.jpg","-6.8720404","108.528628","2025-02-16 08:36:32","selesai"
"1407","Jl. Lingkungan Lapangan Kapetakan KM 6 Blok B-68","uploads/cirebon2026/laporan_kapetakan_1406.jpg","-6.6064067","108.5146678","2025-11-11 04:58:45","diperbaiki"
"1408","Jl. Lingkungan Terminal Ciwaringin KM 12 Blok E-53","uploads/cirebon2026/laporan_ciwaringin_1407.jpg","-6.7002277","108.3791269","2024-10-21 20:57:20","diterima"
"1409","Jl. Pasar Sawah Kaliwedi KM 15 Blok B-70","uploads/cirebon2026/laporan_kaliwedi_1408.jpg","-6.5997042","108.3771442","2024-07-06 22:46:01","ditolak"
"1410","Jl. Kabupaten Alun-alun Gempol KM 17 Blok D-7","uploads/cirebon2026/laporan_gempol_1409.jpg","-6.7120737","108.3761107","2025-10-30 12:37:25","diterima"
"1411","Jl. Lingkungan Kantor Kecamatan Arjawinangun KM 1 Blok F-69","uploads/cirebon2026/laporan_arjawinangun_1410.jpg","-6.6468939","108.4031082","2025-01-29 20:40:04","diperbaiki"
"1412","Jl. Desa Pelabuhan Tengah Tani KM 6 Blok H-70","uploads/cirebon2026/laporan_tengah_tani_1411.jpg","-6.7048188","108.528802","2025-08-22 04:41:55","ditolak"
"1413","Jl. Sekolah Stasiun Ciwaringin KM 10 Blok D-40","uploads/cirebon2026/laporan_ciwaringin_1412.jpg","-6.7079039","108.3803049","2024-03-15 17:55:56","selesai"
"1414","Jl. Pesisir Gudang Garam Depok KM 18 Blok A-90","uploads/cirebon2026/laporan_depok_1413.jpg","-6.7235353","108.4705609","2025-05-22 07:03:46","diterima"
"1415","Jl. Kabupaten Kantor Kecamatan Susukanlebak KM 15 Blok B-63","uploads/cirebon2026/laporan_susukanlebak_1414.jpg","-6.8271667","108.6132739","2025-09-25 08:13:30","diperbaiki"
"1416","Jl. Lingkungan Sawah Astanajapura KM 4 Blok D-98","uploads/cirebon2026/laporan_astanajapura_1415.jpg","-6.804656","108.626458","2026-03-26 20:34:16","selesai"
"1417","Jl. Pasar Gudang Garam Pasaleman KM 11 Blok B-38","uploads/cirebon2026/laporan_pasaleman_1416.jpg","-6.9302641","108.7812203","2024-05-30 17:56:27","diterima"
"1418","Jl. Pasar Gudang Garam Gempol KM 5 Blok F-87","uploads/cirebon2026/laporan_gempol_1417.jpg","-6.720637","108.3656306","2025-02-05 23:51:58","diterima"
"1419","Jl. Desa Balai Desa Gempol KM 2 Blok C-32","uploads/cirebon2026/laporan_gempol_1418.jpg","-6.7130078","108.369703","2025-07-30 14:36:22","ditolak"
"1420","Jl. Pasar Masjid Agung Sumber KM 2 Blok C-84","uploads/cirebon2026/laporan_sumber_1419.jpg","-6.7661835","108.4862097","2025-08-24 06:33:14","diperbaiki"
"1421","Jl. Pasar Jembatan Gebang KM 11 Blok E-34","uploads/cirebon2026/laporan_gebang_1420.jpg","-6.8311458","108.7346535","2024-08-27 12:38:20","diperbaiki"
"1422","Jl. Sekolah Terminal Susukanlebak KM 15 Blok B-99","uploads/cirebon2026/laporan_susukanlebak_1421.jpg","-6.8377626","108.6115772","2024-06-30 13:25:58","diperbaiki"
"1423","Jl. Penghubung Tambak Astanajapura KM 8 Blok G-3","uploads/cirebon2026/laporan_astanajapura_1422.jpg","-6.8037742","108.6300116","2025-04-30 17:25:06","ditolak"
"1424","Jl. Irigasi Kantor Kecamatan Gempol KM 13 Blok G-24","uploads/cirebon2026/laporan_gempol_1423.jpg","-6.7073169","108.3721182","2024-11-21 17:17:41","diperbaiki"
"1425","Jl. Penghubung SMP Sumber KM 13 Blok D-60","uploads/cirebon2026/laporan_sumber_1424.jpg","-6.749123","108.4941557","2026-03-05 20:31:19","diperbaiki"
"1426","Jl. Desa Masjid Agung Jamblang KM 7 Blok D-35","uploads/cirebon2026/laporan_jamblang_1425.jpg","-6.6998916","108.4456203","2024-08-12 06:56:10","selesai"
"1427","Jl. Desa Stasiun Dukupuntang KM 14 Blok H-53","uploads/cirebon2026/laporan_dukupuntang_1426.jpg","-6.7632379","108.4352824","2024-03-06 15:23:30","diperbaiki"
"1428","Jl. Pertanian Puskesmas Weru KM 12 Blok H-47","uploads/cirebon2026/laporan_weru_1427.jpg","-6.7006886","108.5157069","2025-11-30 10:30:24","ditolak"
"1429","Jl. Desa Pelabuhan Plumbon KM 7 Blok C-32","uploads/cirebon2026/laporan_plumbon_1428.jpg","-6.7054493","108.4696293","2024-05-30 20:08:52","diperbaiki"
"1430","Jl. Pertanian Tanggul Klangenan KM 1 Blok F-81","uploads/cirebon2026/laporan_klangenan_1429.jpg","-6.6970842","108.4424791","2025-08-29 23:26:42","diperbaiki"
"1431","Jl. Kabupaten Puskesmas Kaliwedi KM 8 Blok A-2","uploads/cirebon2026/laporan_kaliwedi_1430.jpg","-6.6008676","108.3762998","2024-04-15 13:10:39","diterima"
"1432","Jl. Pertanian Balai Desa Ciledug KM 14 Blok D-74","uploads/cirebon2026/laporan_ciledug_1431.jpg","-6.8912123","108.7508791","2025-06-13 20:19:01","diperbaiki"
"1433","Jl. Desa Sawah Dukupuntang KM 13 Blok H-68","uploads/cirebon2026/laporan_dukupuntang_1432.jpg","-6.7465515","108.4312171","2024-07-02 22:36:23","diperbaiki"
"1434","Jl. Pertanian Gudang Garam Plered KM 12 Blok B-61","uploads/cirebon2026/laporan_plered_1433.jpg","-6.6976008","108.5148489","2024-06-28 23:24:34","diperbaiki"
"1435","Jl. Raya Pelabuhan Gebang KM 12 Blok C-29","uploads/cirebon2026/laporan_gebang_1434.jpg","-6.8413311","108.7243002","2024-09-14 11:16:27","diterima"
"1436","Jl. Pesisir Alun-alun Babakan KM 17 Blok C-88","uploads/cirebon2026/laporan_babakan_1435.jpg","-6.8610558","108.7115779","2025-04-20 02:50:06","diterima"
"1437","Jl. Pasar Gudang Garam Ciledug KM 7 Blok C-43","uploads/cirebon2026/laporan_ciledug_1436.jpg","-6.9086991","108.7562669","2024-07-04 03:54:51","diperbaiki"
"1438","Jl. Pertanian Sentra Batik Pangenan KM 8 Blok H-2","uploads/cirebon2026/laporan_pangenan_1437.jpg","-6.7999495","108.6884776","2024-09-08 09:34:37","diperbaiki"
"1439","Jl. Desa Alun-alun Plered KM 3 Blok A-96","uploads/cirebon2026/laporan_plered_1438.jpg","-6.7077647","108.5062189","2024-11-24 17:00:13","diterima"
"1440","Jl. Kabupaten Kantor Kecamatan Beber KM 4 Blok D-81","uploads/cirebon2026/laporan_beber_1439.jpg","-6.8003849","108.5269452","2024-04-17 19:25:35","ditolak"
"1441","Jl. Pertanian Kantor Kecamatan Panguragan KM 7 Blok C-22","uploads/cirebon2026/laporan_panguragan_1440.jpg","-6.6471429","108.456857","2024-05-20 18:26:21","selesai"
"1442","Jl. Pesisir Alun-alun Astanajapura KM 5 Blok F-62","uploads/cirebon2026/laporan_astanajapura_1441.jpg","-6.7952216","108.6301749","2025-12-26 23:08:41","diterima"
"1443","Jl. Raya Balai Desa Ciledug KM 12 Blok B-66","uploads/cirebon2026/laporan_ciledug_1442.jpg","-6.8909394","108.7591462","2025-02-20 20:08:46","diperbaiki"
"1444","Jl. Pasar Puskesmas Plumbon KM 18 Blok B-68","uploads/cirebon2026/laporan_plumbon_1443.jpg","-6.6966082","108.4882077","2024-08-13 12:41:06","diperbaiki"
"1445","Jl. Penghubung Makam Sunan Pangenan KM 13 Blok E-80","uploads/cirebon2026/laporan_pangenan_1444.jpg","-6.8025764","108.6816361","2024-11-06 17:30:11","diterima"
"1446","Jl. Pesisir Jembatan Gunungjati KM 3 Blok B-62","uploads/cirebon2026/laporan_gunungjati_1445.jpg","-6.6693024","108.5376867","2025-12-11 19:44:34","diterima"
"1447","Jl. Kabupaten Lapangan Losari KM 15 Blok G-75","uploads/cirebon2026/laporan_losari_1446.jpg","-6.86308","108.7939483","2024-01-26 20:42:58","diperbaiki"
"1448","Jl. Desa Gudang Garam Karangsembung KM 6 Blok H-66","uploads/cirebon2026/laporan_karangsembung_1447.jpg","-6.8481024","108.6305767","2025-08-14 16:40:05","ditolak"
"1449","Jl. Lingkungan Balai Desa Waled KM 15 Blok D-97","uploads/cirebon2026/laporan_waled_1448.jpg","-6.9235761","108.6194322","2024-03-01 21:07:57","diperbaiki"
"1450","Jl. Lingkungan SMA Suranenggala KM 9 Blok D-61","uploads/cirebon2026/laporan_suranenggala_1449.jpg","-6.6462947","108.5252743","2024-08-13 23:09:30","selesai"
"1451","Jl. Pertanian Terminal Tengah Tani KM 10 Blok F-35","uploads/cirebon2026/laporan_tengah_tani_1450.jpg","-6.6968102","108.5237168","2024-04-27 15:01:25","selesai"
"1452","Jl. Penghubung Perumahan Lemahabang KM 6 Blok A-43","uploads/cirebon2026/laporan_lemahabang_1451.jpg","-6.8339013","108.6241909","2025-08-11 20:46:47","selesai"
"1453","Jl. Desa Makam Sunan Kedawung KM 2 Blok F-99","uploads/cirebon2026/laporan_kedawung_1452.jpg","-6.7258218","108.5479068","2024-10-11 10:10:00","diterima"
"1454","Jl. Pasar Perumahan Karangwareng KM 3 Blok A-35","uploads/cirebon2026/laporan_karangwareng_1453.jpg","-6.8465207","108.5907792","2025-01-18 10:14:57","diperbaiki"
"1455","Jl. Kabupaten Pelabuhan Plered KM 9 Blok C-44","uploads/cirebon2026/laporan_plered_1454.jpg","-6.7072964","108.5157","2024-10-08 19:58:11","diterima"
"1456","Jl. Raya Gudang Garam Lemahabang KM 8 Blok E-28","uploads/cirebon2026/laporan_lemahabang_1455.jpg","-6.8225093","108.6147716","2025-07-01 10:26:44","diterima"
"1457","Jl. Irigasi SMA Kedawung KM 7 Blok E-83","uploads/cirebon2026/laporan_kedawung_1456.jpg","-6.7237003","108.5308206","2026-01-05 13:21:35","diperbaiki"
"1458","Jl. Pertanian Jembatan Mundu KM 8 Blok H-13","uploads/cirebon2026/laporan_mundu_1457.jpg","-6.7680562","108.617493","2024-05-17 04:26:12","diterima"
"1459","Jl. Lingkungan Masjid Agung Gebang KM 13 Blok B-68","uploads/cirebon2026/laporan_gebang_1458.jpg","-6.8436626","108.7386392","2026-03-25 16:43:00","diperbaiki"
"1460","Jl. Penghubung SMA Klangenan KM 8 Blok H-10","uploads/cirebon2026/laporan_klangenan_1459.jpg","-6.7042953","108.4351391","2025-10-12 19:04:26","selesai"
"1461","Jl. Pesisir Masjid Agung Pangenan KM 1 Blok B-16","uploads/cirebon2026/laporan_pangenan_1460.jpg","-6.8014476","108.6872834","2024-09-23 01:34:22","selesai"
"1462","Jl. Desa SMA Gebang KM 13 Blok C-21","uploads/cirebon2026/laporan_gebang_1461.jpg","-6.8463723","108.7165081","2024-08-30 19:16:08","diterima"
"1463","Jl. Pesisir Tambak Jamblang KM 10 Blok H-13","uploads/cirebon2026/laporan_jamblang_1462.jpg","-6.7130102","108.4685995","2024-11-05 23:38:26","diterima"
"1464","Jl. Raya SMP Plered KM 2 Blok B-73","uploads/cirebon2026/laporan_plered_1463.jpg","-6.7019948","108.5170896","2025-06-17 07:31:03","selesai"
"1465","Jl. Kabupaten Pelabuhan Gegesik KM 3 Blok A-70","uploads/cirebon2026/laporan_gegesik_1464.jpg","-6.5614239","108.424947","2024-09-03 13:38:14","diterima"
"1466","Jl. Pesisir Balai Desa Pangenan KM 11 Blok C-2","uploads/cirebon2026/laporan_pangenan_1465.jpg","-6.8064546","108.6839514","2024-12-01 06:44:00","selesai"
"1467","Jl. Penghubung SMP Palimanan KM 12 Blok F-61","uploads/cirebon2026/laporan_palimanan_1466.jpg","-6.7152689","108.4272559","2024-03-07 22:04:56","diperbaiki"
"1468","Jl. Pesisir Lapangan Beber KM 17 Blok C-6","uploads/cirebon2026/laporan_beber_1467.jpg","-6.7980703","108.5329214","2024-11-17 11:58:51","selesai"
"1469","Jl. Sekolah Masjid Agung Waled KM 2 Blok G-57","uploads/cirebon2026/laporan_waled_1468.jpg","-6.9042816","108.6221969","2025-02-10 03:36:45","diterima"
"1470","Jl. Lingkungan Pelabuhan Gegesik KM 10 Blok E-68","uploads/cirebon2026/laporan_gegesik_1469.jpg","-6.5732432","108.4166607","2025-08-25 13:51:26","diperbaiki"
"1471","Jl. Desa SMP Losari KM 17 Blok B-23","uploads/cirebon2026/laporan_losari_1470.jpg","-6.8480079","108.8081588","2025-09-24 04:25:55","selesai"
"1472","Jl. Pesisir Puskesmas Karangsembung KM 16 Blok H-94","uploads/cirebon2026/laporan_karangsembung_1471.jpg","-6.8453773","108.646354","2025-11-28 05:10:43","diterima"
"1473","Jl. Raya Tanggul Lemahabang KM 6 Blok F-72","uploads/cirebon2026/laporan_lemahabang_1472.jpg","-6.8334044","108.6294857","2024-04-19 02:27:02","selesai"
"1474","Jl. Penghubung Perumahan Susukanlebak KM 4 Blok B-1","uploads/cirebon2026/laporan_susukanlebak_1473.jpg","-6.8392125","108.6059653","2024-11-29 04:32:36","selesai"
"1475","Jl. Desa SMP Gempol KM 2 Blok E-55","uploads/cirebon2026/laporan_gempol_1474.jpg","-6.7248539","108.3680412","2025-10-31 15:50:25","diperbaiki"
"1476","Jl. Pertanian Tambak Sedong KM 2 Blok F-58","uploads/cirebon2026/laporan_sedong_1475.jpg","-6.8736606","108.5362151","2025-12-24 10:20:22","ditolak"
"1477","Jl. Pasar Makam Sunan Susukanlebak KM 11 Blok E-98","uploads/cirebon2026/laporan_susukanlebak_1476.jpg","-6.8301442","108.5911642","2024-06-05 00:54:25","diterima"
"1478","Jl. Lingkungan Kantor Kecamatan Astanajapura KM 2 Blok B-40","uploads/cirebon2026/laporan_astanajapura_1477.jpg","-6.7926797","108.6327257","2024-08-13 09:40:38","diterima"
"1479","Jl. Pertanian Lapangan Plered KM 2 Blok C-48","uploads/cirebon2026/laporan_plered_1478.jpg","-6.6897372","108.5082129","2025-05-08 01:21:40","diterima"
"1480","Jl. Pertanian Lapangan Kaliwedi KM 18 Blok D-28","uploads/cirebon2026/laporan_kaliwedi_1479.jpg","-6.6025436","108.3760174","2025-07-13 17:52:53","diperbaiki"
"1481","Jl. Sekolah Stasiun Tengah Tani KM 15 Blok H-51","uploads/cirebon2026/laporan_tengah_tani_1480.jpg","-6.7107451","108.517199","2025-06-08 01:05:19","selesai"
"1482","Jl. Pesisir Terminal Tengah Tani KM 14 Blok G-94","uploads/cirebon2026/laporan_tengah_tani_1481.jpg","-6.7126299","108.5281753","2024-03-06 04:58:12","diterima"
"1483","Jl. Pasar Balai Desa Dukupuntang KM 14 Blok D-37","uploads/cirebon2026/laporan_dukupuntang_1482.jpg","-6.7500296","108.4253925","2024-12-11 01:05:31","diterima"
"1484","Jl. Penghubung SMP Weru KM 18 Blok G-60","uploads/cirebon2026/laporan_weru_1483.jpg","-6.6989102","108.5016847","2024-01-04 14:01:14","diperbaiki"
"1485","Jl. Pesisir Makam Sunan Arjawinangun KM 16 Blok C-78","uploads/cirebon2026/laporan_arjawinangun_1484.jpg","-6.6460486","108.4110797","2025-02-19 06:19:42","diterima"
"1486","Jl. Penghubung Lapangan Arjawinangun KM 1 Blok E-77","uploads/cirebon2026/laporan_arjawinangun_1485.jpg","-6.6501445","108.4174159","2026-03-04 20:39:08","ditolak"
"1487","Jl. Irigasi Lapangan Sedong KM 4 Blok B-83","uploads/cirebon2026/laporan_sedong_1486.jpg","-6.8609479","108.5201737","2025-03-03 09:43:11","selesai"
"1488","Jl. Desa Makam Sunan Arjawinangun KM 17 Blok H-33","uploads/cirebon2026/laporan_arjawinangun_1487.jpg","-6.6395643","108.4088292","2026-04-24 11:15:09","diperbaiki"
"1489","Jl. Penghubung Masjid Agung Tengah Tani KM 9 Blok G-11","uploads/cirebon2026/laporan_tengah_tani_1488.jpg","-6.6960671","108.5195834","2024-06-20 20:06:19","selesai"
"1490","Jl. Raya Terminal Kedawung KM 9 Blok D-97","uploads/cirebon2026/laporan_kedawung_1489.jpg","-6.7121115","108.5348777","2026-03-14 19:24:13","diperbaiki"
"1491","Jl. Desa Pasar Pabuaran KM 15 Blok B-69","uploads/cirebon2026/laporan_pabuaran_1490.jpg","-6.8886631","108.6874224","2025-12-17 04:34:53","diterima"
"1492","Jl. Irigasi Kantor Kecamatan Gebang KM 12 Blok A-62","uploads/cirebon2026/laporan_gebang_1491.jpg","-6.8427236","108.7234245","2025-04-18 01:06:45","ditolak"
"1493","Jl. Raya SMP Talun KM 8 Blok G-14","uploads/cirebon2026/laporan_talun_1492.jpg","-6.7559753","108.5323783","2025-02-24 21:29:59","diperbaiki"
"1494","Jl. Pasar Pelabuhan Sedong KM 2 Blok F-6","uploads/cirebon2026/laporan_sedong_1493.jpg","-6.8750863","108.5372362","2024-08-12 07:48:39","diterima"
"1495","Jl. Pertanian Tanggul Klangenan KM 1 Blok H-66","uploads/cirebon2026/laporan_klangenan_1494.jpg","-6.698847","108.4427129","2024-09-07 11:39:07","ditolak"
"1496","Jl. Sekolah Jembatan Suranenggala KM 6 Blok B-80","uploads/cirebon2026/laporan_suranenggala_1495.jpg","-6.6391351","108.5281638","2024-06-25 08:07:47","diperbaiki"
"1497","Jl. Desa Pasar Talun KM 9 Blok D-8","uploads/cirebon2026/laporan_talun_1496.jpg","-6.7565421","108.5221361","2024-02-18 20:39:52","diperbaiki"
"1498","Jl. Desa Tanggul Mundu KM 10 Blok B-14","uploads/cirebon2026/laporan_mundu_1497.jpg","-6.7641809","108.6189859","2024-06-29 09:42:55","selesai"
"1499","Jl. Kabupaten Tanggul Sedong KM 14 Blok E-40","uploads/cirebon2026/laporan_sedong_1498.jpg","-6.8747932","108.543524","2024-01-28 14:53:23","selesai"
"1500","Jl. Irigasi Perumahan Arjawinangun KM 8 Blok E-43","uploads/cirebon2026/laporan_arjawinangun_1499.jpg","-6.6543407","108.4197781","2026-02-27 06:46:46","diterima"
"1501","Jl. Sekolah Masjid Agung Mundu KM 13 Blok C-69","uploads/cirebon2026/laporan_mundu_1500.jpg","-6.7792953","108.6122301","2025-11-01 10:18:31","selesai"
"1502","Jl. Irigasi Pasar Gegesik KM 16 Blok H-47","uploads/cirebon2026/laporan_gegesik_1501.jpg","-6.5694197","108.4149405","2025-08-30 12:24:31","diterima"
"1503","Jl. Raya Kantor Kecamatan Weru KM 6 Blok G-59","uploads/cirebon2026/laporan_weru_1502.jpg","-6.6951951","108.5023718","2025-05-22 17:22:20","ditolak"
"1504","Jl. Raya Terminal Palimanan KM 5 Blok H-18","uploads/cirebon2026/laporan_palimanan_1503.jpg","-6.7155546","108.4215109","2025-04-25 19:14:33","diterima"
"1505","Jl. Sekolah Pelabuhan Klangenan KM 13 Blok E-67","uploads/cirebon2026/laporan_klangenan_1504.jpg","-6.7067232","108.4376189","2026-04-18 23:27:12","diperbaiki"
"1506","Jl. Pertanian Balai Desa Kaliwedi KM 5 Blok E-49","uploads/cirebon2026/laporan_kaliwedi_1505.jpg","-6.6029263","108.3713955","2024-04-04 01:39:32","selesai"
"1507","Jl. Sekolah Jembatan Plered KM 11 Blok A-47","uploads/cirebon2026/laporan_plered_1506.jpg","-6.6957022","108.5174832","2025-10-02 14:13:28","selesai"
"1508","Jl. Pasar Jembatan Talun KM 16 Blok A-67","uploads/cirebon2026/laporan_talun_1507.jpg","-6.7567577","108.5114587","2024-01-24 15:39:15","selesai"
"1509","Jl. Raya Terminal Gebang KM 7 Blok F-99","uploads/cirebon2026/laporan_gebang_1508.jpg","-6.8300566","108.7304177","2025-03-19 15:06:03","selesai"
"1510","Jl. Lingkungan Stasiun Depok KM 13 Blok F-64","uploads/cirebon2026/laporan_depok_1509.jpg","-6.7222535","108.4618464","2024-03-28 19:51:40","selesai"
"1511","Jl. Irigasi Gudang Garam Depok KM 7 Blok G-19","uploads/cirebon2026/laporan_depok_1510.jpg","-6.7290783","108.4615569","2024-10-14 03:04:11","diterima"
"1512","Jl. Lingkungan Alun-alun Sumber KM 17 Blok C-72","uploads/cirebon2026/laporan_sumber_1511.jpg","-6.7539998","108.4958623","2025-11-16 11:00:24","diperbaiki"
"1513","Jl. Sekolah Gudang Garam Babakan KM 1 Blok G-92","uploads/cirebon2026/laporan_babakan_1512.jpg","-6.8742999","108.7149223","2025-02-28 07:45:24","diperbaiki"
"1514","Jl. Pasar Jembatan Sumber KM 10 Blok A-55","uploads/cirebon2026/laporan_sumber_1513.jpg","-6.7578827","108.471512","2025-01-03 15:50:24","diterima"
"1515","Jl. Pasar Makam Sunan Plered KM 10 Blok H-49","uploads/cirebon2026/laporan_plered_1514.jpg","-6.707899","108.4923519","2026-03-07 15:38:44","diterima"
"1516","Jl. Irigasi Kantor Kecamatan Babakan KM 13 Blok H-47","uploads/cirebon2026/laporan_babakan_1515.jpg","-6.8673484","108.7184309","2025-04-29 20:43:39","diterima"
"1517","Jl. Kabupaten Sentra Batik Arjawinangun KM 10 Blok G-10","uploads/cirebon2026/laporan_arjawinangun_1516.jpg","-6.638356","108.4168516","2026-01-07 09:17:10","selesai"
"1518","Jl. Lingkungan SMP Pabuaran KM 5 Blok F-31","uploads/cirebon2026/laporan_pabuaran_1517.jpg","-6.8857379","108.6740778","2024-08-21 14:21:19","selesai"
"1519","Jl. Lingkungan Jembatan Astanajapura KM 1 Blok H-32","uploads/cirebon2026/laporan_astanajapura_1518.jpg","-6.7919192","108.6309081","2024-01-11 18:51:43","selesai"
"1520","Jl. Raya Sawah Plered KM 1 Blok D-89","uploads/cirebon2026/laporan_plered_1519.jpg","-6.7099679","108.4962172","2026-03-12 22:11:49","selesai"
"1521","Jl. Raya Jembatan Beber KM 3 Blok D-68","uploads/cirebon2026/laporan_beber_1520.jpg","-6.7984646","108.5117014","2024-11-05 08:45:39","selesai"
"1522","Jl. Sekolah Pasar Sedong KM 17 Blok E-1","uploads/cirebon2026/laporan_sedong_1521.jpg","-6.8785116","108.5387697","2024-05-30 02:24:40","ditolak"
"1523","Jl. Pasar Alun-alun Ciledug KM 16 Blok B-24","uploads/cirebon2026/laporan_ciledug_1522.jpg","-6.8952921","108.7448957","2024-05-13 01:44:24","diterima"
"1524","Jl. Irigasi Makam Sunan Kaliwedi KM 16 Blok G-20","uploads/cirebon2026/laporan_kaliwedi_1523.jpg","-6.6055634","108.3720768","2025-03-29 12:25:03","diperbaiki"
"1525","Jl. Pasar SMP Sumber KM 5 Blok B-16","uploads/cirebon2026/laporan_sumber_1524.jpg","-6.7660533","108.4757253","2025-12-12 02:46:30","diterima"
"1526","Jl. Desa Pelabuhan Plered KM 3 Blok E-70","uploads/cirebon2026/laporan_plered_1525.jpg","-6.7091336","108.5131694","2025-11-27 22:43:32","ditolak"
"1527","Jl. Pesisir Perumahan Pabuaran KM 3 Blok C-99","uploads/cirebon2026/laporan_pabuaran_1526.jpg","-6.8908749","108.6948258","2024-08-04 00:12:22","diterima"
"1528","Jl. Desa Stasiun Mundu KM 11 Blok H-53","uploads/cirebon2026/laporan_mundu_1527.jpg","-6.7596493","108.6199922","2025-08-12 21:07:48","diterima"
"1529","Jl. Raya Pasar Lemahabang KM 11 Blok D-63","uploads/cirebon2026/laporan_lemahabang_1528.jpg","-6.8138612","108.6201694","2026-01-26 21:18:55","diterima"
"1530","Jl. Pertanian Jembatan Ciwaringin KM 4 Blok C-94","uploads/cirebon2026/laporan_ciwaringin_1529.jpg","-6.694032","108.3843416","2024-06-04 14:52:59","diperbaiki"
"1531","Jl. Penghubung Sentra Batik Waled KM 6 Blok B-24","uploads/cirebon2026/laporan_waled_1530.jpg","-6.9215726","108.6450978","2025-05-29 06:25:36","selesai"
"1532","Jl. Sekolah Kantor Kecamatan Pasaleman KM 10 Blok E-49","uploads/cirebon2026/laporan_pasaleman_1531.jpg","-6.9352223","108.7650622","2026-02-04 07:06:34","diperbaiki"
"1533","Jl. Pesisir Pelabuhan Klangenan KM 16 Blok C-10","uploads/cirebon2026/laporan_klangenan_1532.jpg","-6.715542","108.4316526","2024-02-01 19:49:56","diterima"
"1534","Jl. Pertanian Lapangan Palimanan KM 18 Blok G-82","uploads/cirebon2026/laporan_palimanan_1533.jpg","-6.7121993","108.4371939","2025-08-19 09:28:04","diperbaiki"
"1535","Jl. Irigasi Pasar Pasaleman KM 14 Blok A-75","uploads/cirebon2026/laporan_pasaleman_1534.jpg","-6.9412549","108.7623573","2024-02-15 19:43:18","diterima"
"1536","Jl. Pertanian Alun-alun Astanajapura KM 4 Blok C-4","uploads/cirebon2026/laporan_astanajapura_1535.jpg","-6.7933097","108.610213","2024-09-01 02:45:18","diperbaiki"
"1537","Jl. Raya Sawah Sedong KM 10 Blok C-76","uploads/cirebon2026/laporan_sedong_1536.jpg","-6.863962","108.5303321","2026-02-23 22:18:07","diterima"
"1538","Jl. Sekolah Lapangan Pasaleman KM 14 Blok F-61","uploads/cirebon2026/laporan_pasaleman_1537.jpg","-6.937527","108.779383","2025-04-25 09:16:23","selesai"
"1539","Jl. Irigasi Tanggul Gegesik KM 18 Blok H-59","uploads/cirebon2026/laporan_gegesik_1538.jpg","-6.5724396","108.4155783","2024-04-04 18:19:54","diperbaiki"
"1540","Jl. Lingkungan Gudang Garam Panguragan KM 9 Blok F-68","uploads/cirebon2026/laporan_panguragan_1539.jpg","-6.644396","108.4502343","2025-10-04 19:22:12","diperbaiki"
"1541","Jl. Penghubung Gudang Garam Kaliwedi KM 3 Blok A-25","uploads/cirebon2026/laporan_kaliwedi_1540.jpg","-6.6042808","108.3878582","2025-01-29 02:35:31","diterima"
"1542","Jl. Desa Balai Desa Depok KM 13 Blok C-12","uploads/cirebon2026/laporan_depok_1541.jpg","-6.7144387","108.4654705","2024-10-18 02:54:56","diperbaiki"
"1543","Jl. Penghubung Lapangan Sumber KM 3 Blok H-82","uploads/cirebon2026/laporan_sumber_1542.jpg","-6.7480946","108.4917003","2024-10-22 16:37:14","selesai"
"1544","Jl. Desa Alun-alun Dukupuntang KM 10 Blok G-9","uploads/cirebon2026/laporan_dukupuntang_1543.jpg","-6.7671653","108.4270508","2026-03-06 14:37:42","diperbaiki"
"1545","Jl. Desa Tanggul Panguragan KM 2 Blok G-76","uploads/cirebon2026/laporan_panguragan_1544.jpg","-6.6473805","108.4664716","2024-02-10 18:34:18","selesai"
"1546","Jl. Kabupaten Terminal Talun KM 7 Blok C-44","uploads/cirebon2026/laporan_talun_1545.jpg","-6.7499279","108.5096228","2025-07-15 20:26:02","diperbaiki"
"1547","Jl. Desa Pelabuhan Sumber KM 6 Blok A-18","uploads/cirebon2026/laporan_sumber_1546.jpg","-6.7625774","108.4810426","2025-11-10 13:30:47","diperbaiki"
"1548","Jl. Kabupaten Pasar Suranenggala KM 3 Blok C-4","uploads/cirebon2026/laporan_suranenggala_1547.jpg","-6.65026","108.5285733","2024-08-20 14:47:23","ditolak"
"1549","Jl. Sekolah Sawah Susukanlebak KM 3 Blok B-31","uploads/cirebon2026/laporan_susukanlebak_1548.jpg","-6.8230522","108.5979433","2025-10-06 21:59:07","ditolak"
"1550","Jl. Sekolah Makam Sunan Mundu KM 15 Blok B-20","uploads/cirebon2026/laporan_mundu_1549.jpg","-6.7710508","108.6216299","2025-07-29 02:50:14","selesai"
"1551","Jl. Irigasi Pasar Plumbon KM 8 Blok C-82","uploads/cirebon2026/laporan_plumbon_1550.jpg","-6.7108825","108.4700087","2025-10-10 05:22:42","diterima"
"1552","Jl. Lingkungan SMP Greged KM 1 Blok H-21","uploads/cirebon2026/laporan_greged_1551.jpg","-6.8081963","108.560224","2024-08-23 03:07:15","diterima"
"1553","Jl. Pertanian Jembatan Karangwareng KM 14 Blok H-95","uploads/cirebon2026/laporan_karangwareng_1552.jpg","-6.8510406","108.5908794","2024-05-16 08:40:43","selesai"
"1554","Jl. Pesisir Sentra Batik Pabedilan KM 13 Blok F-20","uploads/cirebon2026/laporan_pabedilan_1553.jpg","-6.9133198","108.8218681","2025-02-07 13:25:34","selesai"
"1555","Jl. Raya Tanggul Gempol KM 17 Blok B-57","uploads/cirebon2026/laporan_gempol_1554.jpg","-6.7254327","108.3714932","2024-04-21 06:22:54","diterima"
"1556","Jl. Kabupaten Gudang Garam Ciledug KM 14 Blok D-92","uploads/cirebon2026/laporan_ciledug_1555.jpg","-6.8998102","108.7651119","2024-06-21 01:04:26","selesai"
"1557","Jl. Pertanian Masjid Agung Arjawinangun KM 7 Blok H-8","uploads/cirebon2026/laporan_arjawinangun_1556.jpg","-6.6545942","108.4022954","2025-05-06 13:15:49","diperbaiki"
"1558","Jl. Pasar Perumahan Kapetakan KM 7 Blok B-31","uploads/cirebon2026/laporan_kapetakan_1557.jpg","-6.5999581","108.5269935","2026-01-20 07:11:47","selesai"
"1559","Jl. Desa Pasar Ciledug KM 1 Blok H-32","uploads/cirebon2026/laporan_ciledug_1558.jpg","-6.9031865","108.7581691","2024-11-26 22:05:29","diterima"
"1560","Jl. Penghubung Makam Sunan Jamblang KM 18 Blok C-14","uploads/cirebon2026/laporan_jamblang_1559.jpg","-6.6967092","108.4526961","2025-04-27 18:49:23","selesai"
"1561","Jl. Pesisir SMA Greged KM 2 Blok C-71","uploads/cirebon2026/laporan_greged_1560.jpg","-6.8258199","108.5606894","2025-09-12 14:36:29","ditolak"
"1562","Jl. Pasar Puskesmas Suranenggala KM 3 Blok F-3","uploads/cirebon2026/laporan_suranenggala_1561.jpg","-6.6381896","108.5255125","2025-08-08 02:26:16","diterima"
"1563","Jl. Pesisir Perumahan Pasaleman KM 1 Blok H-37","uploads/cirebon2026/laporan_pasaleman_1562.jpg","-6.9394736","108.7587863","2024-03-16 12:08:04","diperbaiki"
"1564","Jl. Penghubung Balai Desa Pabedilan KM 2 Blok D-18","uploads/cirebon2026/laporan_pabedilan_1563.jpg","-6.9124899","108.829653","2026-01-02 11:42:04","diperbaiki"
"1565","Jl. Penghubung Balai Desa Gebang KM 14 Blok E-41","uploads/cirebon2026/laporan_gebang_1564.jpg","-6.8480392","108.7237154","2025-12-13 23:17:17","diperbaiki"
"1566","Jl. Sekolah Gudang Garam Mundu KM 14 Blok B-61","uploads/cirebon2026/laporan_mundu_1565.jpg","-6.7578413","108.6253957","2024-04-01 18:42:30","selesai"
"1567","Jl. Pasar Sawah Susukanlebak KM 7 Blok C-43","uploads/cirebon2026/laporan_susukanlebak_1566.jpg","-6.8181626","108.6116531","2025-11-27 00:02:53","diterima"
"1568","Jl. Desa Lapangan Kaliwedi KM 13 Blok F-49","uploads/cirebon2026/laporan_kaliwedi_1567.jpg","-6.6145274","108.3748955","2024-01-07 14:37:57","selesai"
"1569","Jl. Penghubung Sentra Batik Pabedilan KM 3 Blok C-58","uploads/cirebon2026/laporan_pabedilan_1568.jpg","-6.9002551","108.8061746","2024-09-26 21:42:55","diterima"
"1570","Jl. Penghubung Terminal Mundu KM 2 Blok B-37","uploads/cirebon2026/laporan_mundu_1569.jpg","-6.757049","108.6194295","2025-07-31 12:25:57","selesai"
"1571","Jl. Raya Perumahan Plered KM 18 Blok D-10","uploads/cirebon2026/laporan_plered_1570.jpg","-6.6886012","108.5179944","2026-04-16 06:23:57","diterima"
"1572","Jl. Desa Tambak Astanajapura KM 17 Blok G-18","uploads/cirebon2026/laporan_astanajapura_1571.jpg","-6.7935459","108.6114129","2024-03-01 14:48:22","diterima"
"1573","Jl. Raya Sawah Beber KM 7 Blok D-15","uploads/cirebon2026/laporan_beber_1572.jpg","-6.8006552","108.5312677","2024-12-07 03:13:07","selesai"
"1574","Jl. Kabupaten Gudang Garam Kapetakan KM 17 Blok B-2","uploads/cirebon2026/laporan_kapetakan_1573.jpg","-6.6087941","108.5339729","2024-12-24 09:36:17","diperbaiki"
"1575","Jl. Desa Gudang Garam Jamblang KM 4 Blok F-74","uploads/cirebon2026/laporan_jamblang_1574.jpg","-6.7140548","108.4491229","2025-03-21 01:35:51","selesai"
"1576","Jl. Pasar Stasiun Kapetakan KM 4 Blok D-90","uploads/cirebon2026/laporan_kapetakan_1575.jpg","-6.5947006","108.5229209","2025-11-08 08:01:42","diterima"
"1577","Jl. Irigasi Kantor Kecamatan Ciwaringin KM 9 Blok F-63","uploads/cirebon2026/laporan_ciwaringin_1576.jpg","-6.6937308","108.3789198","2024-01-24 08:53:16","selesai"
"1578","Jl. Pasar Masjid Agung Kedawung KM 18 Blok C-65","uploads/cirebon2026/laporan_kedawung_1577.jpg","-6.7172246","108.5520578","2024-05-28 15:00:45","selesai"
"1579","Jl. Pertanian SMA Panguragan KM 13 Blok A-23","uploads/cirebon2026/laporan_panguragan_1578.jpg","-6.650288","108.4506196","2025-07-06 20:12:39","diterima"
"1580","Jl. Lingkungan Pelabuhan Pabuaran KM 3 Blok H-18","uploads/cirebon2026/laporan_pabuaran_1579.jpg","-6.8792721","108.6975001","2025-07-29 00:21:52","diperbaiki"
"1581","Jl. Pertanian Balai Desa Karangsembung KM 4 Blok C-13","uploads/cirebon2026/laporan_karangsembung_1580.jpg","-6.8427524","108.6359658","2024-07-23 13:45:12","diperbaiki"
"1582","Jl. Kabupaten Pelabuhan Kapetakan KM 17 Blok G-23","uploads/cirebon2026/laporan_kapetakan_1581.jpg","-6.6010348","108.5314499","2025-07-10 19:15:48","diterima"
"1583","Jl. Lingkungan Makam Sunan Ciwaringin KM 15 Blok H-47","uploads/cirebon2026/laporan_ciwaringin_1582.jpg","-6.7044761","108.3872685","2026-03-21 06:08:37","ditolak"
"1584","Jl. Irigasi Gudang Garam Babakan KM 12 Blok D-67","uploads/cirebon2026/laporan_babakan_1583.jpg","-6.8756047","108.721896","2025-08-30 07:58:40","selesai"
"1585","Jl. Sekolah Makam Sunan Tengah Tani KM 3 Blok G-68","uploads/cirebon2026/laporan_tengah_tani_1584.jpg","-6.7043119","108.5076305","2025-05-02 22:12:50","diperbaiki"
"1586","Jl. Pesisir Tambak Plered KM 1 Blok E-58","uploads/cirebon2026/laporan_plered_1585.jpg","-6.7017089","108.5092499","2024-03-15 05:19:21","selesai"
"1587","Jl. Kabupaten Terminal Karangwareng KM 5 Blok C-81","uploads/cirebon2026/laporan_karangwareng_1586.jpg","-6.848587","108.5782462","2025-07-28 22:59:11","selesai"
"1588","Jl. Lingkungan Pelabuhan Suranenggala KM 14 Blok G-75","uploads/cirebon2026/laporan_suranenggala_1587.jpg","-6.64601","108.5228024","2024-04-12 19:53:52","diterima"
"1589","Jl. Sekolah Stasiun Lemahabang KM 8 Blok A-1","uploads/cirebon2026/laporan_lemahabang_1588.jpg","-6.8252826","108.620824","2026-03-12 10:56:54","ditolak"
"1590","Jl. Sekolah Terminal Panguragan KM 18 Blok B-98","uploads/cirebon2026/laporan_panguragan_1589.jpg","-6.6518032","108.4578577","2025-09-12 19:51:56","diterima"
"1591","Jl. Desa Sawah Pabedilan KM 2 Blok A-81","uploads/cirebon2026/laporan_pabedilan_1590.jpg","-6.9139475","108.8305752","2024-07-12 08:49:37","ditolak"
"1592","Jl. Pertanian Alun-alun Astanajapura KM 1 Blok H-15","uploads/cirebon2026/laporan_astanajapura_1591.jpg","-6.7973867","108.6088739","2025-03-17 21:40:05","diperbaiki"
"1593","Jl. Kabupaten Pelabuhan Plered KM 13 Blok G-38","uploads/cirebon2026/laporan_plered_1592.jpg","-6.7083825","108.5101648","2025-02-22 03:02:11","diterima"
"1594","Jl. Pesisir Lapangan Jamblang KM 17 Blok E-50","uploads/cirebon2026/laporan_jamblang_1593.jpg","-6.6999463","108.4703964","2025-04-03 07:03:43","diperbaiki"
"1595","Jl. Pasar SMA Gempol KM 18 Blok C-36","uploads/cirebon2026/laporan_gempol_1594.jpg","-6.7140478","108.3753647","2025-08-15 15:33:47","diterima"
"1596","Jl. Kabupaten Sentra Batik Pasaleman KM 8 Blok D-26","uploads/cirebon2026/laporan_pasaleman_1595.jpg","-6.9216093","108.7631961","2024-07-29 01:12:28","diterima"
"1597","Jl. Kabupaten Makam Sunan Klangenan KM 18 Blok A-97","uploads/cirebon2026/laporan_klangenan_1596.jpg","-6.7120423","108.4512865","2024-02-15 19:52:55","selesai"
"1598","Jl. Irigasi Makam Sunan Losari KM 11 Blok E-98","uploads/cirebon2026/laporan_losari_1597.jpg","-6.8537657","108.8122743","2024-04-14 19:18:32","diperbaiki"
"1599","Jl. Irigasi Pasar Gunungjati KM 10 Blok C-16","uploads/cirebon2026/laporan_gunungjati_1598.jpg","-6.6809758","108.5510383","2026-02-28 18:23:12","ditolak"
"1600","Jl. Raya Sentra Batik Plered KM 6 Blok F-70","uploads/cirebon2026/laporan_plered_1599.jpg","-6.7046779","108.5141129","2024-02-08 02:14:43","selesai"
"1601","Jl. Kabupaten Sawah Arjawinangun KM 11 Blok G-85","uploads/cirebon2026/laporan_arjawinangun_1600.jpg","-6.6428081","108.4200823","2024-03-25 08:30:28","diterima"
"1602","Jl. Lingkungan Pelabuhan Sedong KM 3 Blok A-19","uploads/cirebon2026/laporan_sedong_1601.jpg","-6.878164","108.5310834","2025-11-06 01:39:38","selesai"
"1603","Jl. Sekolah Gudang Garam Panguragan KM 10 Blok F-38","uploads/cirebon2026/laporan_panguragan_1602.jpg","-6.6418471","108.4631615","2024-12-02 15:47:53","ditolak"
"1604","Jl. Raya SMA Weru KM 12 Blok E-48","uploads/cirebon2026/laporan_weru_1603.jpg","-6.711599","108.4988742","2024-10-21 10:58:25","diterima"
"1605","Jl. Raya Lapangan Karangsembung KM 15 Blok G-25","uploads/cirebon2026/laporan_karangsembung_1604.jpg","-6.8550052","108.629844","2025-05-02 07:21:47","selesai"
"1606","Jl. Irigasi Pasar Plered KM 3 Blok C-68","uploads/cirebon2026/laporan_plered_1605.jpg","-6.6983468","108.5175304","2026-03-11 04:06:53","selesai"
"1607","Jl. Penghubung Masjid Agung Jamblang KM 8 Blok C-44","uploads/cirebon2026/laporan_jamblang_1606.jpg","-6.7184174","108.4667485","2025-03-02 11:38:38","selesai"
"1608","Jl. Penghubung Gudang Garam Gempol KM 1 Blok A-2","uploads/cirebon2026/laporan_gempol_1607.jpg","-6.7074313","108.3645404","2025-11-18 22:10:33","selesai"
"1609","Jl. Irigasi Balai Desa Ciwaringin KM 2 Blok B-75","uploads/cirebon2026/laporan_ciwaringin_1608.jpg","-6.7081999","108.3868447","2024-01-12 21:41:37","diterima"
"1610","Jl. Raya SMA Kapetakan KM 18 Blok E-14","uploads/cirebon2026/laporan_kapetakan_1609.jpg","-6.605164","108.5232417","2024-10-18 01:31:19","ditolak"
"1611","Jl. Pesisir Masjid Agung Gegesik KM 4 Blok F-15","uploads/cirebon2026/laporan_gegesik_1610.jpg","-6.5753865","108.4277965","2024-10-09 06:49:58","selesai"
"1612","Jl. Raya Kantor Kecamatan Sumber KM 18 Blok H-63","uploads/cirebon2026/laporan_sumber_1611.jpg","-6.7500401","108.4729138","2025-02-09 14:43:08","selesai"
"1613","Jl. Sekolah Alun-alun Kedawung KM 18 Blok E-50","uploads/cirebon2026/laporan_kedawung_1612.jpg","-6.7157571","108.5402412","2025-05-13 14:33:15","diterima"
"1614","Jl. Penghubung Alun-alun Karangwareng KM 11 Blok F-93","uploads/cirebon2026/laporan_karangwareng_1613.jpg","-6.8506323","108.5992848","2025-11-23 23:22:43","diterima"
"1615","Jl. Sekolah Tanggul Palimanan KM 12 Blok E-35","uploads/cirebon2026/laporan_palimanan_1614.jpg","-6.6971975","108.426421","2025-10-05 15:19:27","ditolak"
"1616","Jl. Pesisir Stasiun Beber KM 15 Blok F-8","uploads/cirebon2026/laporan_beber_1615.jpg","-6.7855194","108.5194981","2025-03-31 13:58:53","diperbaiki"
"1617","Jl. Sekolah Pasar Karangwareng KM 1 Blok D-46","uploads/cirebon2026/laporan_karangwareng_1616.jpg","-6.8588715","108.5938503","2025-01-12 16:23:47","ditolak"
"1618","Jl. Pertanian Terminal Mundu KM 14 Blok G-24","uploads/cirebon2026/laporan_mundu_1617.jpg","-6.7698328","108.6127962","2025-08-21 07:41:33","selesai"
"1619","Jl. Penghubung Terminal Plumbon KM 6 Blok E-57","uploads/cirebon2026/laporan_plumbon_1618.jpg","-6.7053674","108.4925027","2026-04-24 22:33:09","diperbaiki"
"1620","Jl. Kabupaten Sawah Kedawung KM 17 Blok C-38","uploads/cirebon2026/laporan_kedawung_1619.jpg","-6.7236072","108.5431833","2024-07-08 19:26:39","selesai"
"1621","Jl. Kabupaten SMP Kedawung KM 15 Blok D-9","uploads/cirebon2026/laporan_kedawung_1620.jpg","-6.7134346","108.5301746","2024-01-03 18:37:55","selesai"
"1622","Jl. Penghubung Alun-alun Lemahabang KM 7 Blok E-61","uploads/cirebon2026/laporan_lemahabang_1621.jpg","-6.8358927","108.6341947","2024-11-05 06:23:46","ditolak"
"1623","Jl. Sekolah SMA Ciledug KM 18 Blok H-62","uploads/cirebon2026/laporan_ciledug_1622.jpg","-6.9050758","108.7503141","2025-03-20 18:35:21","selesai"
"1624","Jl. Lingkungan Makam Sunan Kedawung KM 15 Blok D-69","uploads/cirebon2026/laporan_kedawung_1623.jpg","-6.7179068","108.5492898","2025-08-30 04:29:36","selesai"
"1625","Jl. Lingkungan Tambak Gebang KM 18 Blok H-95","uploads/cirebon2026/laporan_gebang_1624.jpg","-6.8492545","108.7417012","2024-04-03 15:23:31","diterima"
"1626","Jl. Raya Pelabuhan Pasaleman KM 5 Blok D-10","uploads/cirebon2026/laporan_pasaleman_1625.jpg","-6.9334206","108.7830866","2024-02-06 15:29:08","diterima"
"1627","Jl. Lingkungan Alun-alun Dukupuntang KM 10 Blok D-18","uploads/cirebon2026/laporan_dukupuntang_1626.jpg","-6.7678214","108.4328997","2024-11-15 03:02:38","diterima"
"1628","Jl. Desa Masjid Agung Susukan KM 5 Blok H-85","uploads/cirebon2026/laporan_susukan_1627.jpg","-6.6194145","108.3762281","2024-06-30 14:33:33","selesai"
"1629","Jl. Pertanian Perumahan Jamblang KM 2 Blok E-31","uploads/cirebon2026/laporan_jamblang_1628.jpg","-6.7152712","108.4665599","2024-07-10 12:34:28","diperbaiki"
"1630","Jl. Penghubung SMP Dukupuntang KM 1 Blok E-45","uploads/cirebon2026/laporan_dukupuntang_1629.jpg","-6.7567838","108.4271986","2025-08-21 12:34:11","selesai"
"1631","Jl. Lingkungan Puskesmas Gegesik KM 16 Blok H-35","uploads/cirebon2026/laporan_gegesik_1630.jpg","-6.5759409","108.431774","2026-01-20 10:41:46","selesai"
"1632","Jl. Sekolah Balai Desa Sumber KM 1 Blok H-52","uploads/cirebon2026/laporan_sumber_1631.jpg","-6.7581085","108.4955263","2025-11-03 15:52:35","diterima"
"1633","Jl. Desa Balai Desa Dukupuntang KM 5 Blok H-45","uploads/cirebon2026/laporan_dukupuntang_1632.jpg","-6.7609624","108.4324024","2026-02-05 09:27:41","diperbaiki"
"1634","Jl. Penghubung Stasiun Lemahabang KM 16 Blok B-44","uploads/cirebon2026/laporan_lemahabang_1633.jpg","-6.8131202","108.6309629","2025-07-23 22:29:41","diterima"
"1635","Jl. Kabupaten Masjid Agung Gegesik KM 16 Blok F-24","uploads/cirebon2026/laporan_gegesik_1634.jpg","-6.5731305","108.4231335","2025-02-22 21:54:43","diterima"
"1636","Jl. Pesisir Stasiun Susukan KM 3 Blok E-78","uploads/cirebon2026/laporan_susukan_1635.jpg","-6.6157835","108.3858565","2024-11-04 18:25:30","diterima"
"1637","Jl. Penghubung Terminal Gempol KM 13 Blok G-67","uploads/cirebon2026/laporan_gempol_1636.jpg","-6.7197517","108.3858364","2024-09-26 08:41:02","diperbaiki"
"1638","Jl. Desa Gudang Garam Panguragan KM 1 Blok F-11","uploads/cirebon2026/laporan_panguragan_1637.jpg","-6.6412043","108.4545423","2026-03-06 15:07:33","selesai"
"1639","Jl. Penghubung Kantor Kecamatan Pabuaran KM 12 Blok E-87","uploads/cirebon2026/laporan_pabuaran_1638.jpg","-6.9020939","108.6797409","2025-02-24 20:30:54","ditolak"
"1640","Jl. Raya Balai Desa Klangenan KM 4 Blok C-98","uploads/cirebon2026/laporan_klangenan_1639.jpg","-6.6994757","108.4411452","2026-01-17 04:45:16","selesai"
"1641","Jl. Pertanian Terminal Gegesik KM 3 Blok F-6","uploads/cirebon2026/laporan_gegesik_1640.jpg","-6.5678866","108.4315744","2025-12-13 09:02:43","diterima"
"1642","Jl. Sekolah Pelabuhan Lemahabang KM 3 Blok C-39","uploads/cirebon2026/laporan_lemahabang_1641.jpg","-6.8299026","108.637557","2025-05-27 02:43:35","ditolak"
"1643","Jl. Desa Masjid Agung Karangsembung KM 17 Blok C-34","uploads/cirebon2026/laporan_karangsembung_1642.jpg","-6.8386169","108.6359124","2025-05-01 06:03:25","diterima"
"1644","Jl. Pasar Masjid Agung Karangsembung KM 3 Blok H-78","uploads/cirebon2026/laporan_karangsembung_1643.jpg","-6.8444881","108.6509063","2024-12-20 19:20:12","ditolak"
"1645","Jl. Pesisir Perumahan Plumbon KM 11 Blok B-87","uploads/cirebon2026/laporan_plumbon_1644.jpg","-6.7061724","108.4836328","2024-02-27 19:07:22","diterima"
"1646","Jl. Pesisir Pelabuhan Kedawung KM 8 Blok D-51","uploads/cirebon2026/laporan_kedawung_1645.jpg","-6.7190205","108.5298802","2024-05-07 05:04:03","selesai"
"1647","Jl. Kabupaten Balai Desa Gebang KM 2 Blok F-81","uploads/cirebon2026/laporan_gebang_1646.jpg","-6.8369459","108.7425609","2024-08-26 16:42:19","diterima"
"1648","Jl. Sekolah Puskesmas Plumbon KM 3 Blok B-88","uploads/cirebon2026/laporan_plumbon_1647.jpg","-6.7148868","108.4666741","2025-02-08 12:15:08","diperbaiki"
"1649","Jl. Kabupaten Lapangan Palimanan KM 15 Blok C-72","uploads/cirebon2026/laporan_palimanan_1648.jpg","-6.7135857","108.4195729","2024-12-25 21:41:41","diterima"
"1650","Jl. Kabupaten Tanggul Gunungjati KM 11 Blok A-75","uploads/cirebon2026/laporan_gunungjati_1649.jpg","-6.6716338","108.5481754","2025-01-19 05:28:54","diterima"
"1651","Jl. Pesisir Pasar Pabuaran KM 8 Blok C-4","uploads/cirebon2026/laporan_pabuaran_1650.jpg","-6.8793582","108.6954403","2026-04-02 15:24:03","ditolak"
"1652","Jl. Sekolah Sawah Greged KM 9 Blok F-81","uploads/cirebon2026/laporan_greged_1651.jpg","-6.8136828","108.5707901","2024-10-22 16:47:37","ditolak"
"1653","Jl. Raya Puskesmas Gebang KM 2 Blok C-27","uploads/cirebon2026/laporan_gebang_1652.jpg","-6.8429444","108.7151779","2024-05-01 04:52:30","diterima"
"1654","Jl. Raya Sawah Jamblang KM 1 Blok E-58","uploads/cirebon2026/laporan_jamblang_1653.jpg","-6.7112582","108.4536984","2025-12-04 22:13:04","ditolak"
"1655","Jl. Pertanian Stasiun Tengah Tani KM 10 Blok C-19","uploads/cirebon2026/laporan_tengah_tani_1654.jpg","-6.7108573","108.512368","2026-01-19 08:20:12","diterima"
"1656","Jl. Sekolah Pasar Susukan KM 3 Blok A-43","uploads/cirebon2026/laporan_susukan_1655.jpg","-6.6242752","108.3940431","2024-05-16 23:42:27","ditolak"
"1657","Jl. Penghubung Tanggul Lemahabang KM 12 Blok F-19","uploads/cirebon2026/laporan_lemahabang_1656.jpg","-6.8248207","108.6251182","2026-04-06 12:10:20","ditolak"
"1658","Jl. Raya Balai Desa Gebang KM 11 Blok F-56","uploads/cirebon2026/laporan_gebang_1657.jpg","-6.8343139","108.7413916","2025-02-05 13:13:18","diterima"
"1659","Jl. Pesisir Sawah Losari KM 9 Blok E-95","uploads/cirebon2026/laporan_losari_1658.jpg","-6.8621854","108.7891938","2025-04-21 00:40:32","selesai"
"1660","Jl. Desa Pelabuhan Panguragan KM 9 Blok F-12","uploads/cirebon2026/laporan_panguragan_1659.jpg","-6.6456381","108.4625181","2025-06-22 10:27:04","diterima"
"1661","Jl. Lingkungan Balai Desa Palimanan KM 6 Blok E-5","uploads/cirebon2026/laporan_palimanan_1660.jpg","-6.7095068","108.4349108","2024-11-12 13:12:41","diterima"
"1662","Jl. Irigasi SMP Jamblang KM 13 Blok F-90","uploads/cirebon2026/laporan_jamblang_1661.jpg","-6.6990118","108.4537705","2024-10-01 00:14:14","selesai"
"1663","Jl. Sekolah Puskesmas Panguragan KM 13 Blok D-99","uploads/cirebon2026/laporan_panguragan_1662.jpg","-6.6502234","108.4572561","2025-12-09 16:22:23","selesai"
"1664","Jl. Raya Puskesmas Gegesik KM 1 Blok F-97","uploads/cirebon2026/laporan_gegesik_1663.jpg","-6.570259","108.420282","2025-06-22 23:02:49","diperbaiki"
"1665","Jl. Pertanian Terminal Karangsembung KM 4 Blok F-58","uploads/cirebon2026/laporan_karangsembung_1664.jpg","-6.8521485","108.6386638","2024-11-11 14:45:12","diterima"
"1666","Jl. Pasar Masjid Agung Panguragan KM 12 Blok A-74","uploads/cirebon2026/laporan_panguragan_1665.jpg","-6.6502115","108.4468737","2025-12-06 08:39:19","diterima"
"1667","Jl. Raya Stasiun Pangenan KM 2 Blok B-30","uploads/cirebon2026/laporan_pangenan_1666.jpg","-6.8136841","108.6782548","2024-09-14 11:43:58","selesai"
"1668","Jl. Pertanian Masjid Agung Pabuaran KM 5 Blok C-18","uploads/cirebon2026/laporan_pabuaran_1667.jpg","-6.8904616","108.6899656","2025-01-06 04:26:25","diperbaiki"
"1669","Jl. Pasar Lapangan Kedawung KM 16 Blok D-57","uploads/cirebon2026/laporan_kedawung_1668.jpg","-6.7230626","108.5390749","2024-05-26 01:55:10","diperbaiki"
"1670","Jl. Raya Sawah Klangenan KM 4 Blok G-24","uploads/cirebon2026/laporan_klangenan_1669.jpg","-6.7158686","108.4537495","2026-01-23 07:44:37","selesai"
"1671","Jl. Lingkungan Gudang Garam Pangenan KM 10 Blok G-95","uploads/cirebon2026/laporan_pangenan_1670.jpg","-6.8039545","108.6910322","2025-10-23 10:26:34","selesai"
"1672","Jl. Raya SMA Waled KM 2 Blok H-53","uploads/cirebon2026/laporan_waled_1671.jpg","-6.9015714","108.6365996","2025-10-05 22:04:23","diterima"
"1673","Jl. Penghubung Kantor Kecamatan Jamblang KM 12 Blok H-9","uploads/cirebon2026/laporan_jamblang_1672.jpg","-6.7054905","108.4705313","2025-07-15 05:54:25","selesai"
"1674","Jl. Pasar Makam Sunan Kedawung KM 2 Blok E-81","uploads/cirebon2026/laporan_kedawung_1673.jpg","-6.7272279","108.5448894","2024-08-15 17:04:07","selesai"
"1675","Jl. Lingkungan Pasar Palimanan KM 9 Blok E-28","uploads/cirebon2026/laporan_palimanan_1674.jpg","-6.704595","108.4255725","2025-06-13 02:05:17","diterima"
"1676","Jl. Pesisir Terminal Gebang KM 13 Blok A-15","uploads/cirebon2026/laporan_gebang_1675.jpg","-6.8309636","108.7246569","2024-10-26 09:33:11","selesai"
"1677","Jl. Sekolah Tambak Gunungjati KM 5 Blok B-75","uploads/cirebon2026/laporan_gunungjati_1676.jpg","-6.6646966","108.5488697","2024-09-09 00:11:32","selesai"
"1678","Jl. Desa Pasar Gunungjati KM 16 Blok E-27","uploads/cirebon2026/laporan_gunungjati_1677.jpg","-6.6773806","108.54641","2024-02-17 18:39:41","diperbaiki"
"1679","Jl. Pasar Sentra Batik Karangsembung KM 6 Blok A-84","uploads/cirebon2026/laporan_karangsembung_1678.jpg","-6.8422619","108.648765","2025-06-25 11:45:54","diterima"
"1680","Jl. Penghubung Puskesmas Talun KM 7 Blok G-19","uploads/cirebon2026/laporan_talun_1679.jpg","-6.7675689","108.5050844","2024-06-30 16:19:31","diterima"
"1681","Jl. Raya Balai Desa Kaliwedi KM 15 Blok F-36","uploads/cirebon2026/laporan_kaliwedi_1680.jpg","-6.6189284","108.3732021","2024-07-15 07:13:57","diterima"
"1682","Jl. Raya Stasiun Gebang KM 12 Blok E-79","uploads/cirebon2026/laporan_gebang_1681.jpg","-6.8442294","108.7268664","2026-01-15 20:08:56","selesai"
"1683","Jl. Pesisir Jembatan Panguragan KM 1 Blok H-10","uploads/cirebon2026/laporan_panguragan_1682.jpg","-6.6616023","108.4654438","2024-08-22 18:22:08","ditolak"
"1684","Jl. Pertanian Pelabuhan Susukanlebak KM 13 Blok A-43","uploads/cirebon2026/laporan_susukanlebak_1683.jpg","-6.8248652","108.5933704","2024-08-05 15:26:22","selesai"
"1685","Jl. Pasar Gudang Garam Greged KM 8 Blok G-85","uploads/cirebon2026/laporan_greged_1684.jpg","-6.8166975","108.555643","2025-12-08 11:37:09","diperbaiki"
"1686","Jl. Desa Lapangan Weru KM 5 Blok B-20","uploads/cirebon2026/laporan_weru_1685.jpg","-6.7044468","108.510278","2025-10-16 15:27:55","selesai"
"1687","Jl. Desa SMP Gegesik KM 16 Blok G-50","uploads/cirebon2026/laporan_gegesik_1686.jpg","-6.5772606","108.4089443","2024-02-14 12:39:16","diterima"
"1688","Jl. Lingkungan Gudang Garam Ciwaringin KM 9 Blok E-28","uploads/cirebon2026/laporan_ciwaringin_1687.jpg","-6.696306","108.3821092","2026-02-17 07:50:17","diperbaiki"
"1689","Jl. Kabupaten Alun-alun Panguragan KM 15 Blok A-88","uploads/cirebon2026/laporan_panguragan_1688.jpg","-6.6599512","108.4598793","2026-02-16 05:51:38","selesai"
"1690","Jl. Pasar Tambak Mundu KM 13 Blok E-94","uploads/cirebon2026/laporan_mundu_1689.jpg","-6.7697709","108.6063176","2025-11-27 12:22:16","diperbaiki"
"1691","Jl. Sekolah Tambak Pabedilan KM 9 Blok G-40","uploads/cirebon2026/laporan_pabedilan_1690.jpg","-6.9189048","108.8237433","2024-08-21 19:38:13","diterima"
"1692","Jl. Irigasi Terminal Sumber KM 3 Blok D-22","uploads/cirebon2026/laporan_sumber_1691.jpg","-6.7509973","108.4905878","2024-09-04 21:20:43","diterima"
"1693","Jl. Lingkungan Sawah Waled KM 17 Blok E-58","uploads/cirebon2026/laporan_waled_1692.jpg","-6.9017422","108.6419987","2025-09-07 15:08:39","diperbaiki"
"1694","Jl. Lingkungan Kantor Kecamatan Kedawung KM 12 Blok F-30","uploads/cirebon2026/laporan_kedawung_1693.jpg","-6.7203923","108.538329","2025-08-13 22:47:00","diperbaiki"
"1695","Jl. Kabupaten Stasiun Pabedilan KM 2 Blok A-53","uploads/cirebon2026/laporan_pabedilan_1694.jpg","-6.9180166","108.8084911","2026-04-23 01:58:54","ditolak"
"1696","Jl. Kabupaten Alun-alun Pabedilan KM 4 Blok D-32","uploads/cirebon2026/laporan_pabedilan_1695.jpg","-6.9055532","108.8307527","2025-02-10 13:44:25","diterima"
"1697","Jl. Irigasi Terminal Gebang KM 16 Blok H-4","uploads/cirebon2026/laporan_gebang_1696.jpg","-6.8358118","108.7299526","2024-07-31 11:06:53","diterima"
"1698","Jl. Kabupaten SMP Ciwaringin KM 14 Blok B-47","uploads/cirebon2026/laporan_ciwaringin_1697.jpg","-6.7098817","108.3788653","2025-07-23 08:17:42","diterima"
"1699","Jl. Pertanian Perumahan Sedong KM 10 Blok E-30","uploads/cirebon2026/laporan_sedong_1698.jpg","-6.8560711","108.5263874","2024-11-24 06:35:44","selesai"
"1700","Jl. Pasar Pelabuhan Karangsembung KM 7 Blok A-33","uploads/cirebon2026/laporan_karangsembung_1699.jpg","-6.8513693","108.6477764","2026-01-25 10:17:46","selesai"
"1701","Jl. Kabupaten Perumahan Plered KM 3 Blok H-25","uploads/cirebon2026/laporan_plered_1700.jpg","-6.6861085","108.5033311","2026-02-24 23:36:08","selesai"
"1702","Jl. Pasar Puskesmas Ciledug KM 14 Blok F-62","uploads/cirebon2026/laporan_ciledug_1701.jpg","-6.9036834","108.7666542","2024-03-20 15:29:18","diterima"
"1703","Jl. Kabupaten Makam Sunan Gunungjati KM 6 Blok G-56","uploads/cirebon2026/laporan_gunungjati_1702.jpg","-6.6656049","108.5526201","2025-11-01 14:22:33","diperbaiki"
"1704","Jl. Raya Alun-alun Sumber KM 9 Blok E-38","uploads/cirebon2026/laporan_sumber_1703.jpg","-6.765867","108.4728163","2024-11-30 06:38:19","ditolak"
"1705","Jl. Lingkungan Perumahan Weru KM 7 Blok G-22","uploads/cirebon2026/laporan_weru_1704.jpg","-6.7005065","108.4964866","2025-10-27 15:18:13","diterima"
"1706","Jl. Pasar Tanggul Susukanlebak KM 18 Blok B-76","uploads/cirebon2026/laporan_susukanlebak_1705.jpg","-6.8301128","108.5919168","2025-10-16 06:07:29","diperbaiki"
"1707","Jl. Pesisir Pelabuhan Sumber KM 5 Blok F-35","uploads/cirebon2026/laporan_sumber_1706.jpg","-6.7630261","108.4896209","2026-02-26 05:19:23","ditolak"
"1708","Jl. Pasar Sentra Batik Depok KM 14 Blok D-1","uploads/cirebon2026/laporan_depok_1707.jpg","-6.7299956","108.4645345","2025-12-22 09:24:07","ditolak"
"1709","Jl. Lingkungan Jembatan Mundu KM 4 Blok C-40","uploads/cirebon2026/laporan_mundu_1708.jpg","-6.7791838","108.618207","2025-01-07 16:08:11","diperbaiki"
"1710","Jl. Penghubung SMA Sedong KM 8 Blok C-21","uploads/cirebon2026/laporan_sedong_1709.jpg","-6.8622884","108.535679","2025-08-18 10:26:50","selesai"
"1711","Jl. Pertanian Sentra Batik Jamblang KM 3 Blok D-40","uploads/cirebon2026/laporan_jamblang_1710.jpg","-6.7151655","108.4491799","2025-03-24 15:51:31","diterima"
"1712","Jl. Pesisir Gudang Garam Greged KM 3 Blok F-38","uploads/cirebon2026/laporan_greged_1711.jpg","-6.8268695","108.5673883","2024-07-10 17:19:55","diterima"
"1713","Jl. Raya Puskesmas Tengah Tani KM 16 Blok A-58","uploads/cirebon2026/laporan_tengah_tani_1712.jpg","-6.7031339","108.5310373","2024-12-05 10:04:46","ditolak"
"1714","Jl. Penghubung Terminal Pabuaran KM 5 Blok G-60","uploads/cirebon2026/laporan_pabuaran_1713.jpg","-6.8837216","108.6831912","2025-08-01 15:56:45","diperbaiki"
"1715","Jl. Pasar Tambak Susukan KM 9 Blok F-82","uploads/cirebon2026/laporan_susukan_1714.jpg","-6.614182","108.3796655","2024-09-11 17:57:45","diperbaiki"
"1716","Jl. Sekolah Stasiun Lemahabang KM 15 Blok F-42","uploads/cirebon2026/laporan_lemahabang_1715.jpg","-6.8170836","108.6383727","2024-09-22 13:03:26","diperbaiki"
"1717","Jl. Raya Sentra Batik Jamblang KM 8 Blok A-70","uploads/cirebon2026/laporan_jamblang_1716.jpg","-6.7056099","108.4502358","2024-10-16 14:52:00","diterima"
"1718","Jl. Pertanian Kantor Kecamatan Mundu KM 9 Blok E-66","uploads/cirebon2026/laporan_mundu_1717.jpg","-6.7674865","108.6187272","2024-06-23 01:02:51","ditolak"
"1719","Jl. Kabupaten Tambak Plumbon KM 8 Blok B-45","uploads/cirebon2026/laporan_plumbon_1718.jpg","-6.7109793","108.466513","2024-11-08 00:00:40","selesai"
"1720","Jl. Lingkungan Terminal Beber KM 9 Blok A-31","uploads/cirebon2026/laporan_beber_1719.jpg","-6.7863578","108.5149009","2025-06-27 16:35:43","diterima"
"1721","Jl. Kabupaten Balai Desa Astanajapura KM 16 Blok A-91","uploads/cirebon2026/laporan_astanajapura_1720.jpg","-6.7901856","108.6126173","2024-06-28 01:54:18","selesai"
"1722","Jl. Pasar Pelabuhan Plered KM 12 Blok C-58","uploads/cirebon2026/laporan_plered_1721.jpg","-6.6971189","108.5130371","2024-05-17 16:02:17","ditolak"
"1723","Jl. Pesisir Kantor Kecamatan Palimanan KM 12 Blok H-86","uploads/cirebon2026/laporan_palimanan_1722.jpg","-6.7156893","108.413909","2024-04-29 11:20:56","ditolak"
"1724","Jl. Pesisir Jembatan Susukanlebak KM 2 Blok E-88","uploads/cirebon2026/laporan_susukanlebak_1723.jpg","-6.824773","108.5945125","2024-03-08 20:38:34","selesai"
"1725","Jl. Pasar Tambak Klangenan KM 3 Blok G-44","uploads/cirebon2026/laporan_klangenan_1724.jpg","-6.715228","108.4505858","2024-10-20 07:19:22","diterima"
"1726","Jl. Pertanian Lapangan Pabuaran KM 10 Blok E-53","uploads/cirebon2026/laporan_pabuaran_1725.jpg","-6.8814487","108.6934538","2024-05-30 09:21:53","diperbaiki"
"1727","Jl. Raya Stasiun Lemahabang KM 16 Blok F-49","uploads/cirebon2026/laporan_lemahabang_1726.jpg","-6.836243","108.6276099","2024-12-24 11:47:31","diterima"
"1728","Jl. Pasar Terminal Pabedilan KM 13 Blok B-84","uploads/cirebon2026/laporan_pabedilan_1727.jpg","-6.9040271","108.8040243","2024-01-20 02:14:11","diperbaiki"
"1729","Jl. Sekolah Stasiun Sumber KM 4 Blok H-95","uploads/cirebon2026/laporan_sumber_1728.jpg","-6.7645322","108.4948037","2025-08-21 02:08:16","diperbaiki"
"1730","Jl. Irigasi Stasiun Pabuaran KM 3 Blok G-52","uploads/cirebon2026/laporan_pabuaran_1729.jpg","-6.9000243","108.6974352","2025-02-24 20:35:06","diterima"
"1731","Jl. Lingkungan Makam Sunan Arjawinangun KM 2 Blok D-86","uploads/cirebon2026/laporan_arjawinangun_1730.jpg","-6.6445758","108.4105392","2026-02-06 16:43:25","diperbaiki"
"1732","Jl. Raya SMP Astanajapura KM 8 Blok E-53","uploads/cirebon2026/laporan_astanajapura_1731.jpg","-6.7948338","108.6121611","2025-07-08 07:55:07","selesai"
"1733","Jl. Pasar Stasiun Sumber KM 9 Blok C-88","uploads/cirebon2026/laporan_sumber_1732.jpg","-6.7546309","108.4845311","2024-08-24 00:55:01","diterima"
"1734","Jl. Lingkungan Lapangan Depok KM 1 Blok F-85","uploads/cirebon2026/laporan_depok_1733.jpg","-6.7125961","108.4656171","2024-02-27 10:19:53","diperbaiki"
"1735","Jl. Irigasi Terminal Mundu KM 2 Blok E-95","uploads/cirebon2026/laporan_mundu_1734.jpg","-6.7766901","108.6118428","2025-02-21 14:10:56","diterima"
"1736","Jl. Pertanian Lapangan Gegesik KM 6 Blok F-72","uploads/cirebon2026/laporan_gegesik_1735.jpg","-6.5654379","108.4239346","2025-01-12 07:20:10","selesai"
"1737","Jl. Desa Perumahan Talun KM 13 Blok A-99","uploads/cirebon2026/laporan_talun_1736.jpg","-6.7566354","108.5322495","2024-01-07 21:53:05","diperbaiki"
"1738","Jl. Desa Pasar Gunungjati KM 3 Blok E-21","uploads/cirebon2026/laporan_gunungjati_1737.jpg","-6.6835456","108.5419021","2025-06-17 12:37:45","selesai"
"1739","Jl. Sekolah Pelabuhan Sedong KM 8 Blok E-32","uploads/cirebon2026/laporan_sedong_1738.jpg","-6.8785894","108.529928","2024-03-10 15:50:39","diterima"
"1740","Jl. Pasar Pelabuhan Pasaleman KM 3 Blok H-11","uploads/cirebon2026/laporan_pasaleman_1739.jpg","-6.9368742","108.7814902","2024-05-21 12:20:57","diperbaiki"
"1741","Jl. Pesisir Stasiun Karangwareng KM 3 Blok D-40","uploads/cirebon2026/laporan_karangwareng_1740.jpg","-6.8652937","108.5957896","2025-04-24 19:28:45","selesai"
"1742","Jl. Pertanian Jembatan Greged KM 14 Blok F-30","uploads/cirebon2026/laporan_greged_1741.jpg","-6.8217523","108.5674651","2026-03-01 01:16:16","diperbaiki"
"1743","Jl. Desa Gudang Garam Tengah Tani KM 3 Blok D-9","uploads/cirebon2026/laporan_tengah_tani_1742.jpg","-6.7166587","108.5216682","2024-02-18 03:38:57","diperbaiki"
"1744","Jl. Irigasi Puskesmas Susukanlebak KM 17 Blok C-98","uploads/cirebon2026/laporan_susukanlebak_1743.jpg","-6.8208106","108.6017739","2024-08-15 14:36:21","diterima"
"1745","Jl. Irigasi Makam Sunan Astanajapura KM 15 Blok C-23","uploads/cirebon2026/laporan_astanajapura_1744.jpg","-6.7937618","108.6093945","2025-01-10 14:27:26","ditolak"
"1746","Jl. Penghubung Lapangan Karangwareng KM 5 Blok D-60","uploads/cirebon2026/laporan_karangwareng_1745.jpg","-6.8587361","108.5983169","2024-12-18 13:30:20","selesai"
"1747","Jl. Pertanian Terminal Gegesik KM 9 Blok G-50","uploads/cirebon2026/laporan_gegesik_1746.jpg","-6.5785607","108.4229424","2024-03-03 11:36:48","ditolak"
"1748","Jl. Sekolah Sentra Batik Gunungjati KM 14 Blok E-92","uploads/cirebon2026/laporan_gunungjati_1747.jpg","-6.6642022","108.538985","2025-07-17 10:21:51","diterima"
"1749","Jl. Desa Lapangan Kaliwedi KM 9 Blok B-34","uploads/cirebon2026/laporan_kaliwedi_1748.jpg","-6.6008528","108.3807673","2025-05-15 12:56:02","diterima"
"1750","Jl. Pasar Lapangan Gegesik KM 1 Blok F-18","uploads/cirebon2026/laporan_gegesik_1749.jpg","-6.5734705","108.4128243","2024-11-13 06:26:31","diperbaiki"
"1751","Jl. Lingkungan SMA Astanajapura KM 13 Blok B-27","uploads/cirebon2026/laporan_astanajapura_1750.jpg","-6.7965734","108.6144209","2024-03-04 01:05:44","diperbaiki"
"1752","Jl. Penghubung Pelabuhan Babakan KM 17 Blok B-94","uploads/cirebon2026/laporan_babakan_1751.jpg","-6.8667785","108.7220128","2024-10-21 22:53:53","diperbaiki"
"1753","Jl. Pertanian Gudang Garam Susukan KM 12 Blok B-24","uploads/cirebon2026/laporan_susukan_1752.jpg","-6.6262505","108.3778796","2025-12-30 15:00:25","selesai"
"1754","Jl. Pasar Balai Desa Arjawinangun KM 2 Blok H-67","uploads/cirebon2026/laporan_arjawinangun_1753.jpg","-6.6385228","108.4156071","2024-10-18 17:42:20","selesai"
"1755","Jl. Pasar Makam Sunan Gegesik KM 18 Blok A-94","uploads/cirebon2026/laporan_gegesik_1754.jpg","-6.5724341","108.4163847","2026-02-18 00:03:51","selesai"
"1756","Jl. Lingkungan Sawah Dukupuntang KM 15 Blok D-26","uploads/cirebon2026/laporan_dukupuntang_1755.jpg","-6.7650621","108.4280429","2024-05-29 16:42:54","selesai"
"1757","Jl. Irigasi Pelabuhan Palimanan KM 8 Blok D-80","uploads/cirebon2026/laporan_palimanan_1756.jpg","-6.7008909","108.413506","2026-03-07 21:16:54","selesai"
"1758","Jl. Pesisir SMA Dukupuntang KM 11 Blok D-97","uploads/cirebon2026/laporan_dukupuntang_1757.jpg","-6.7669778","108.4191013","2025-11-05 00:56:27","diterima"
"1759","Jl. Penghubung Perumahan Arjawinangun KM 6 Blok H-22","uploads/cirebon2026/laporan_arjawinangun_1758.jpg","-6.6554094","108.425256","2024-05-16 23:36:50","selesai"
"1760","Jl. Pertanian Gudang Garam Sumber KM 18 Blok G-52","uploads/cirebon2026/laporan_sumber_1759.jpg","-6.7674957","108.4700408","2024-07-29 20:41:20","diterima"
"1761","Jl. Pertanian Masjid Agung Greged KM 16 Blok G-12","uploads/cirebon2026/laporan_greged_1760.jpg","-6.8210269","108.5698307","2024-05-10 12:40:41","selesai"
"1762","Jl. Penghubung Makam Sunan Ciwaringin KM 7 Blok B-47","uploads/cirebon2026/laporan_ciwaringin_1761.jpg","-6.6948744","108.4037708","2024-08-29 18:26:10","diterima"
"1763","Jl. Pesisir Tanggul Jamblang KM 7 Blok E-58","uploads/cirebon2026/laporan_jamblang_1762.jpg","-6.6973703","108.4534199","2024-06-28 03:01:17","selesai"
"1764","Jl. Penghubung Sawah Kapetakan KM 18 Blok B-69","uploads/cirebon2026/laporan_kapetakan_1763.jpg","-6.6029541","108.5278194","2024-07-20 01:00:54","selesai"
"1765","Jl. Pesisir Perumahan Sumber KM 6 Blok G-9","uploads/cirebon2026/laporan_sumber_1764.jpg","-6.7676978","108.4944761","2025-04-21 12:19:05","diperbaiki"
"1766","Jl. Kabupaten Kantor Kecamatan Palimanan KM 14 Blok G-52","uploads/cirebon2026/laporan_palimanan_1765.jpg","-6.6944708","108.4274826","2025-08-26 11:41:27","diterima"
"1767","Jl. Pesisir Tanggul Ciledug KM 16 Blok H-22","uploads/cirebon2026/laporan_ciledug_1766.jpg","-6.8997612","108.7518503","2024-07-09 02:34:57","diperbaiki"
"1768","Jl. Pasar Alun-alun Kapetakan KM 12 Blok B-17","uploads/cirebon2026/laporan_kapetakan_1767.jpg","-6.6015374","108.5362233","2024-03-28 12:25:51","diterima"
"1769","Jl. Pasar Tambak Astanajapura KM 18 Blok B-25","uploads/cirebon2026/laporan_astanajapura_1768.jpg","-6.8040635","108.6131251","2024-09-02 04:57:11","diterima"
"1770","Jl. Kabupaten Makam Sunan Kapetakan KM 3 Blok B-19","uploads/cirebon2026/laporan_kapetakan_1769.jpg","-6.6022954","108.52848","2025-08-28 14:00:04","ditolak"
"1771","Jl. Sekolah Lapangan Gunungjati KM 18 Blok A-9","uploads/cirebon2026/laporan_gunungjati_1770.jpg","-6.6763107","108.5387709","2025-10-14 01:05:40","selesai"
"1772","Jl. Raya Gudang Garam Ciwaringin KM 6 Blok B-43","uploads/cirebon2026/laporan_ciwaringin_1771.jpg","-6.6944819","108.4006214","2025-01-05 05:29:57","diperbaiki"
"1773","Jl. Sekolah Pelabuhan Astanajapura KM 8 Blok F-11","uploads/cirebon2026/laporan_astanajapura_1772.jpg","-6.8012964","108.6332391","2026-02-10 15:54:52","diterima"
"1774","Jl. Kabupaten Gudang Garam Babakan KM 10 Blok A-14","uploads/cirebon2026/laporan_babakan_1773.jpg","-6.8784778","108.7143919","2026-03-13 13:55:57","diterima"
"1775","Jl. Sekolah Jembatan Losari KM 3 Blok D-32","uploads/cirebon2026/laporan_losari_1774.jpg","-6.8644758","108.8071153","2024-11-13 07:10:58","diperbaiki"
"1776","Jl. Pasar Balai Desa Losari KM 10 Blok B-5","uploads/cirebon2026/laporan_losari_1775.jpg","-6.8625787","108.7992971","2024-05-23 09:43:09","ditolak"
"1777","Jl. Pesisir SMA Gegesik KM 17 Blok H-18","uploads/cirebon2026/laporan_gegesik_1776.jpg","-6.5657719","108.4318817","2025-06-03 23:57:12","diterima"
"1778","Jl. Raya Terminal Ciwaringin KM 1 Blok A-96","uploads/cirebon2026/laporan_ciwaringin_1777.jpg","-6.7149334","108.3835014","2025-10-11 11:17:11","diterima"
"1779","Jl. Raya Balai Desa Pangenan KM 3 Blok G-31","uploads/cirebon2026/laporan_pangenan_1778.jpg","-6.7993153","108.6934885","2026-01-24 16:18:59","diperbaiki"
"1780","Jl. Desa Balai Desa Gempol KM 10 Blok C-39","uploads/cirebon2026/laporan_gempol_1779.jpg","-6.7293151","108.3849992","2024-07-09 21:30:44","diterima"
"1781","Jl. Irigasi Gudang Garam Plumbon KM 14 Blok A-20","uploads/cirebon2026/laporan_plumbon_1780.jpg","-6.7144886","108.4738446","2026-03-06 18:38:34","diterima"
"1782","Jl. Pertanian Alun-alun Gebang KM 12 Blok H-9","uploads/cirebon2026/laporan_gebang_1781.jpg","-6.8454048","108.7151314","2024-01-09 07:49:19","diterima"
"1783","Jl. Kabupaten Masjid Agung Palimanan KM 18 Blok B-14","uploads/cirebon2026/laporan_palimanan_1782.jpg","-6.6984222","108.4177983","2025-12-21 10:04:43","diterima"
"1784","Jl. Pesisir Tambak Gebang KM 4 Blok B-24","uploads/cirebon2026/laporan_gebang_1783.jpg","-6.8405385","108.7372242","2024-11-07 04:03:44","diperbaiki"
"1785","Jl. Pasar Jembatan Gempol KM 5 Blok A-45","uploads/cirebon2026/laporan_gempol_1784.jpg","-6.7268914","108.3658973","2024-03-07 08:31:46","selesai"
"1786","Jl. Irigasi SMA Astanajapura KM 1 Blok H-80","uploads/cirebon2026/laporan_astanajapura_1785.jpg","-6.7886952","108.6314629","2025-04-28 19:48:42","diperbaiki"
"1787","Jl. Penghubung Sentra Batik Sedong KM 9 Blok H-37","uploads/cirebon2026/laporan_sedong_1786.jpg","-6.8709594","108.5341351","2024-03-22 06:16:32","diterima"
"1788","Jl. Penghubung Tambak Tengah Tani KM 16 Blok G-71","uploads/cirebon2026/laporan_tengah_tani_1787.jpg","-6.7007462","108.5082316","2024-10-24 11:14:01","diperbaiki"
"1789","Jl. Pesisir Masjid Agung Ciledug KM 9 Blok D-59","uploads/cirebon2026/laporan_ciledug_1788.jpg","-6.9022859","108.7626161","2025-04-16 12:20:40","selesai"
"1790","Jl. Penghubung Makam Sunan Kaliwedi KM 16 Blok H-14","uploads/cirebon2026/laporan_kaliwedi_1789.jpg","-6.6163572","108.3937098","2026-02-19 18:39:29","diterima"
"1791","Jl. Raya Stasiun Palimanan KM 8 Blok G-53","uploads/cirebon2026/laporan_palimanan_1790.jpg","-6.7178004","108.4149024","2025-03-26 09:33:49","diterima"
"1792","Jl. Penghubung Kantor Kecamatan Klangenan KM 4 Blok G-76","uploads/cirebon2026/laporan_klangenan_1791.jpg","-6.7122985","108.4317669","2026-04-14 14:54:56","diterima"
"1793","Jl. Pesisir Perumahan Talun KM 5 Blok B-52","uploads/cirebon2026/laporan_talun_1792.jpg","-6.7669055","108.5316407","2025-02-14 11:27:08","diperbaiki"
"1794","Jl. Kabupaten Pelabuhan Talun KM 5 Blok F-47","uploads/cirebon2026/laporan_talun_1793.jpg","-6.7602961","108.50803","2024-04-26 20:25:12","selesai"
"1795","Jl. Lingkungan Stasiun Sedong KM 6 Blok H-21","uploads/cirebon2026/laporan_sedong_1794.jpg","-6.8702555","108.526168","2024-07-11 21:36:42","diperbaiki"
"1796","Jl. Pasar Sawah Gebang KM 16 Blok C-94","uploads/cirebon2026/laporan_gebang_1795.jpg","-6.8469666","108.7315665","2024-08-30 13:34:13","ditolak"
"1797","Jl. Kabupaten SMP Ciledug KM 4 Blok H-84","uploads/cirebon2026/laporan_ciledug_1796.jpg","-6.9016613","108.7577419","2024-01-27 07:39:25","diterima"
"1798","Jl. Pasar Gudang Garam Dukupuntang KM 16 Blok C-83","uploads/cirebon2026/laporan_dukupuntang_1797.jpg","-6.7532233","108.4240419","2025-08-28 08:35:51","diterima"
"1799","Jl. Penghubung SMA Susukan KM 4 Blok F-68","uploads/cirebon2026/laporan_susukan_1798.jpg","-6.6195985","108.3842522","2025-01-10 03:35:17","diperbaiki"
"1800","Jl. Pertanian Masjid Agung Tengah Tani KM 13 Blok D-27","uploads/cirebon2026/laporan_tengah_tani_1799.jpg","-6.6939739","108.5196626","2024-01-16 02:22:03","diperbaiki"
"1801","Jl. Lingkungan Lapangan Mundu KM 17 Blok C-23","uploads/cirebon2026/laporan_mundu_1800.jpg","-6.7784256","108.6049368","2025-04-06 19:35:12","diperbaiki"
"1802","Jl. Sekolah Puskesmas Klangenan KM 17 Blok H-87","uploads/cirebon2026/laporan_klangenan_1801.jpg","-6.7092509","108.4459111","2025-10-26 14:24:13","diterima"
"1803","Jl. Penghubung Perumahan Depok KM 10 Blok H-51","uploads/cirebon2026/laporan_depok_1802.jpg","-6.7219085","108.4657232","2024-06-16 22:46:46","selesai"
"1804","Jl. Pasar Lapangan Arjawinangun KM 12 Blok B-90","uploads/cirebon2026/laporan_arjawinangun_1803.jpg","-6.6450849","108.4067811","2024-01-17 18:53:16","diterima"
"1805","Jl. Lingkungan Stasiun Kedawung KM 3 Blok H-8","uploads/cirebon2026/laporan_kedawung_1804.jpg","-6.7249183","108.5458983","2025-10-31 16:05:41","diterima"
"1806","Jl. Sekolah Terminal Pangenan KM 7 Blok H-27","uploads/cirebon2026/laporan_pangenan_1805.jpg","-6.8117299","108.6995699","2024-08-09 05:00:27","diperbaiki"
"1807","Jl. Kabupaten Alun-alun Sumber KM 4 Blok D-50","uploads/cirebon2026/laporan_sumber_1806.jpg","-6.7613285","108.486306","2024-12-23 01:52:20","diperbaiki"
"1808","Jl. Sekolah SMP Lemahabang KM 17 Blok A-45","uploads/cirebon2026/laporan_lemahabang_1807.jpg","-6.8317834","108.6381175","2024-04-20 14:27:35","diterima"
"1809","Jl. Irigasi Balai Desa Pabedilan KM 11 Blok G-24","uploads/cirebon2026/laporan_pabedilan_1808.jpg","-6.9152464","108.8051869","2024-06-05 09:42:51","ditolak"
"1810","Jl. Kabupaten Masjid Agung Kapetakan KM 10 Blok A-18","uploads/cirebon2026/laporan_kapetakan_1809.jpg","-6.6079901","108.5365619","2024-09-03 19:59:26","ditolak"
"1811","Jl. Kabupaten Pasar Jamblang KM 6 Blok B-44","uploads/cirebon2026/laporan_jamblang_1810.jpg","-6.703594","108.4694289","2025-11-27 17:40:53","selesai"
"1812","Jl. Raya Sentra Batik Babakan KM 5 Blok A-30","uploads/cirebon2026/laporan_babakan_1811.jpg","-6.874574","108.7286866","2025-07-30 21:06:05","diperbaiki"
"1813","Jl. Desa Puskesmas Ciwaringin KM 12 Blok H-50","uploads/cirebon2026/laporan_ciwaringin_1812.jpg","-6.7102129","108.4030597","2024-02-05 00:55:48","diterima"
"1814","Jl. Pesisir Sawah Jamblang KM 4 Blok D-85","uploads/cirebon2026/laporan_jamblang_1813.jpg","-6.7010614","108.4702053","2025-10-13 08:01:50","ditolak"
"1815","Jl. Kabupaten Makam Sunan Susukan KM 12 Blok F-98","uploads/cirebon2026/laporan_susukan_1814.jpg","-6.6252121","108.3890395","2024-07-23 03:43:43","diperbaiki"
"1816","Jl. Raya Gudang Garam Gegesik KM 14 Blok H-1","uploads/cirebon2026/laporan_gegesik_1815.jpg","-6.5744016","108.4146378","2024-08-11 00:27:51","selesai"
"1817","Jl. Sekolah Alun-alun Panguragan KM 3 Blok F-8","uploads/cirebon2026/laporan_panguragan_1816.jpg","-6.6518185","108.4676605","2025-11-25 22:11:03","diterima"
"1818","Jl. Desa SMA Arjawinangun KM 5 Blok E-39","uploads/cirebon2026/laporan_arjawinangun_1817.jpg","-6.6334536","108.4173134","2025-03-18 22:09:24","diterima"
"1819","Jl. Lingkungan Gudang Garam Sedong KM 8 Blok E-69","uploads/cirebon2026/laporan_sedong_1818.jpg","-6.8781573","108.5387366","2026-01-08 04:10:26","diterima"
"1820","Jl. Desa Masjid Agung Susukan KM 3 Blok D-22","uploads/cirebon2026/laporan_susukan_1819.jpg","-6.6296436","108.3764662","2024-05-09 06:28:11","selesai"
"1821","Jl. Pertanian Sawah Palimanan KM 4 Blok H-11","uploads/cirebon2026/laporan_palimanan_1820.jpg","-6.7003721","108.4225049","2025-10-21 13:48:17","diperbaiki"
"1822","Jl. Desa Makam Sunan Pabedilan KM 12 Blok E-96","uploads/cirebon2026/laporan_pabedilan_1821.jpg","-6.9108244","108.8154987","2024-05-17 06:56:06","diterima"
"1823","Jl. Desa Balai Desa Waled KM 1 Blok F-74","uploads/cirebon2026/laporan_waled_1822.jpg","-6.9117144","108.6286357","2026-03-04 19:20:42","diterima"
"1824","Jl. Raya Stasiun Sedong KM 6 Blok A-83","uploads/cirebon2026/laporan_sedong_1823.jpg","-6.8719869","108.5286592","2024-06-28 13:46:14","ditolak"
"1825","Jl. Irigasi Stasiun Weru KM 13 Blok H-50","uploads/cirebon2026/laporan_weru_1824.jpg","-6.7163545","108.5127332","2024-03-15 05:18:19","diperbaiki"
"1826","Jl. Penghubung Gudang Garam Ciwaringin KM 14 Blok A-31","uploads/cirebon2026/laporan_ciwaringin_1825.jpg","-6.6956806","108.3969198","2025-02-08 10:22:39","diterima"
"1827","Jl. Pertanian Pelabuhan Greged KM 5 Blok H-91","uploads/cirebon2026/laporan_greged_1826.jpg","-6.818214","108.5741265","2025-12-01 16:59:22","diterima"
"1828","Jl. Pesisir Lapangan Astanajapura KM 11 Blok G-34","uploads/cirebon2026/laporan_astanajapura_1827.jpg","-6.7963956","108.6162945","2025-02-08 09:44:45","diterima"
"1829","Jl. Irigasi Perumahan Susukan KM 4 Blok B-82","uploads/cirebon2026/laporan_susukan_1828.jpg","-6.6346116","108.3928433","2025-11-23 21:24:22","selesai"
"1830","Jl. Desa Pelabuhan Mundu KM 1 Blok A-60","uploads/cirebon2026/laporan_mundu_1829.jpg","-6.759927","108.6047708","2025-01-26 13:20:47","selesai"
"1831","Jl. Pesisir Lapangan Karangsembung KM 16 Blok A-56","uploads/cirebon2026/laporan_karangsembung_1830.jpg","-6.8451859","108.6530692","2026-03-24 00:44:00","diterima"
"1832","Jl. Sekolah Masjid Agung Losari KM 11 Blok H-96","uploads/cirebon2026/laporan_losari_1831.jpg","-6.8476682","108.8103741","2025-05-10 06:10:46","diterima"
"1833","Jl. Pasar Makam Sunan Gunungjati KM 7 Blok C-49","uploads/cirebon2026/laporan_gunungjati_1832.jpg","-6.661726","108.5395898","2025-01-02 08:22:55","selesai"
"1834","Jl. Pasar Masjid Agung Palimanan KM 6 Blok B-74","uploads/cirebon2026/laporan_palimanan_1833.jpg","-6.7013581","108.4176819","2025-01-01 10:49:19","selesai"
"1835","Jl. Pesisir Makam Sunan Arjawinangun KM 10 Blok A-35","uploads/cirebon2026/laporan_arjawinangun_1834.jpg","-6.6484479","108.4245897","2025-11-20 00:30:51","diperbaiki"
"1836","Jl. Sekolah SMP Plumbon KM 17 Blok D-22","uploads/cirebon2026/laporan_plumbon_1835.jpg","-6.699986","108.4939631","2025-08-24 20:53:42","diperbaiki"
"1837","Jl. Pasar Kantor Kecamatan Greged KM 12 Blok G-34","uploads/cirebon2026/laporan_greged_1836.jpg","-6.8190923","108.5500506","2024-02-15 10:26:03","diperbaiki"
"1838","Jl. Irigasi Perumahan Waled KM 7 Blok C-98","uploads/cirebon2026/laporan_waled_1837.jpg","-6.9101389","108.6194049","2025-05-27 06:04:00","diperbaiki"
"1839","Jl. Pesisir Gudang Garam Suranenggala KM 7 Blok C-64","uploads/cirebon2026/laporan_suranenggala_1838.jpg","-6.6315877","108.5087512","2024-01-19 23:49:07","diperbaiki"
"1840","Jl. Raya Lapangan Losari KM 10 Blok E-54","uploads/cirebon2026/laporan_losari_1839.jpg","-6.8585336","108.7935448","2025-04-12 10:18:50","selesai"
"1841","Jl. Pesisir Kantor Kecamatan Palimanan KM 4 Blok D-70","uploads/cirebon2026/laporan_palimanan_1840.jpg","-6.7108254","108.4342746","2025-02-12 17:08:09","diterima"
"1842","Jl. Pertanian Makam Sunan Pasaleman KM 12 Blok B-78","uploads/cirebon2026/laporan_pasaleman_1841.jpg","-6.9400337","108.7792695","2024-07-06 05:29:49","ditolak"
"1843","Jl. Pasar Kantor Kecamatan Klangenan KM 5 Blok D-64","uploads/cirebon2026/laporan_klangenan_1842.jpg","-6.7103559","108.4488556","2024-01-08 06:44:03","selesai"
"1844","Jl. Pasar Lapangan Sedong KM 13 Blok G-42","uploads/cirebon2026/laporan_sedong_1843.jpg","-6.8668365","108.5184609","2026-04-03 10:30:59","diterima"
"1845","Jl. Sekolah SMP Karangwareng KM 10 Blok E-81","uploads/cirebon2026/laporan_karangwareng_1844.jpg","-6.8536036","108.5824164","2025-01-31 13:15:38","ditolak"
"1846","Jl. Lingkungan Kantor Kecamatan Panguragan KM 10 Blok B-62","uploads/cirebon2026/laporan_panguragan_1845.jpg","-6.664457","108.4461096","2024-02-16 10:37:36","ditolak"
"1847","Jl. Pesisir Sentra Batik Pabuaran KM 15 Blok F-28","uploads/cirebon2026/laporan_pabuaran_1846.jpg","-6.8933449","108.688031","2024-12-12 23:26:53","selesai"
"1848","Jl. Pasar Tanggul Gegesik KM 3 Blok D-57","uploads/cirebon2026/laporan_gegesik_1847.jpg","-6.5730233","108.4168954","2024-04-14 16:03:55","diperbaiki"
"1849","Jl. Penghubung Perumahan Susukanlebak KM 16 Blok H-18","uploads/cirebon2026/laporan_susukanlebak_1848.jpg","-6.8338915","108.5984057","2024-07-14 18:52:20","diterima"
"1850","Jl. Irigasi SMP Ciledug KM 6 Blok H-62","uploads/cirebon2026/laporan_ciledug_1849.jpg","-6.9103678","108.7619639","2024-02-23 07:42:47","selesai"
"1851","Jl. Irigasi Perumahan Jamblang KM 18 Blok G-60","uploads/cirebon2026/laporan_jamblang_1850.jpg","-6.7111449","108.4439028","2025-06-03 21:17:58","selesai"
"1852","Jl. Penghubung Lapangan Astanajapura KM 10 Blok B-18","uploads/cirebon2026/laporan_astanajapura_1851.jpg","-6.802021","108.6154772","2025-02-28 23:15:01","diperbaiki"
"1853","Jl. Pertanian Pasar Plered KM 15 Blok G-77","uploads/cirebon2026/laporan_plered_1852.jpg","-6.7071717","108.5189375","2024-07-11 07:39:42","diperbaiki"
"1854","Jl. Desa Balai Desa Pabedilan KM 4 Blok D-33","uploads/cirebon2026/laporan_pabedilan_1853.jpg","-6.9165229","108.820854","2024-03-24 03:31:38","ditolak"
"1855","Jl. Pesisir Makam Sunan Weru KM 5 Blok G-24","uploads/cirebon2026/laporan_weru_1854.jpg","-6.6942077","108.4930662","2025-09-20 09:25:03","diperbaiki"
"1856","Jl. Pertanian Terminal Gempol KM 14 Blok F-56","uploads/cirebon2026/laporan_gempol_1855.jpg","-6.7264825","108.3844278","2024-12-23 23:46:03","selesai"
"1857","Jl. Penghubung Pelabuhan Plered KM 1 Blok D-19","uploads/cirebon2026/laporan_plered_1856.jpg","-6.6956992","108.5038282","2025-07-01 04:48:37","selesai"
"1858","Jl. Penghubung Lapangan Astanajapura KM 15 Blok C-61","uploads/cirebon2026/laporan_astanajapura_1857.jpg","-6.8068157","108.615595","2024-01-08 21:59:45","diterima"
"1859","Jl. Pasar Alun-alun Pangenan KM 5 Blok A-13","uploads/cirebon2026/laporan_pangenan_1858.jpg","-6.805202","108.6901039","2024-03-05 07:40:58","diterima"
"1860","Jl. Desa Perumahan Depok KM 4 Blok C-5","uploads/cirebon2026/laporan_depok_1859.jpg","-6.731595","108.4659437","2026-03-20 11:29:46","diterima"
"1861","Jl. Pasar Jembatan Mundu KM 9 Blok A-62","uploads/cirebon2026/laporan_mundu_1860.jpg","-6.7753498","108.6177835","2024-11-03 23:41:30","diperbaiki"
"1862","Jl. Pasar Masjid Agung Gegesik KM 10 Blok H-24","uploads/cirebon2026/laporan_gegesik_1861.jpg","-6.5679987","108.4082951","2025-10-27 13:57:03","selesai"
"1863","Jl. Desa Gudang Garam Greged KM 6 Blok D-81","uploads/cirebon2026/laporan_greged_1862.jpg","-6.8227055","108.5578697","2024-03-19 22:20:45","selesai"
"1864","Jl. Raya Puskesmas Pasaleman KM 10 Blok F-62","uploads/cirebon2026/laporan_pasaleman_1863.jpg","-6.9369658","108.7704976","2025-02-26 15:00:37","diterima"
"1865","Jl. Lingkungan Lapangan Beber KM 17 Blok C-37","uploads/cirebon2026/laporan_beber_1864.jpg","-6.8060338","108.5271354","2025-01-31 02:25:27","diterima"
"1866","Jl. Penghubung SMA Greged KM 13 Blok A-57","uploads/cirebon2026/laporan_greged_1865.jpg","-6.8153388","108.560441","2025-04-02 06:25:29","selesai"
"1867","Jl. Raya Gudang Garam Waled KM 1 Blok G-14","uploads/cirebon2026/laporan_waled_1866.jpg","-6.9129055","108.6328631","2025-08-28 21:39:52","diterima"
"1868","Jl. Pertanian Alun-alun Kaliwedi KM 1 Blok D-85","uploads/cirebon2026/laporan_kaliwedi_1867.jpg","-6.6011966","108.3877475","2024-02-27 04:17:12","selesai"
"1869","Jl. Kabupaten Gudang Garam Panguragan KM 18 Blok A-51","uploads/cirebon2026/laporan_panguragan_1868.jpg","-6.6628606","108.4612565","2024-11-26 18:09:34","ditolak"
"1870","Jl. Raya SMP Sumber KM 1 Blok E-44","uploads/cirebon2026/laporan_sumber_1869.jpg","-6.7611806","108.4699944","2024-12-10 14:46:51","diperbaiki"
"1871","Jl. Pesisir SMA Arjawinangun KM 1 Blok A-91","uploads/cirebon2026/laporan_arjawinangun_1870.jpg","-6.6506424","108.4105838","2026-04-21 10:32:26","diterima"
"1872","Jl. Penghubung Gudang Garam Pabuaran KM 10 Blok D-42","uploads/cirebon2026/laporan_pabuaran_1871.jpg","-6.902359","108.6764122","2025-09-28 02:27:51","diterima"
"1873","Jl. Pesisir Masjid Agung Kapetakan KM 15 Blok A-40","uploads/cirebon2026/laporan_kapetakan_1872.jpg","-6.5936805","108.5166686","2025-04-20 01:13:21","selesai"
"1874","Jl. Raya Puskesmas Gunungjati KM 5 Blok F-98","uploads/cirebon2026/laporan_gunungjati_1873.jpg","-6.66746","108.5545535","2025-08-14 02:35:31","ditolak"
"1875","Jl. Irigasi Lapangan Talun KM 17 Blok D-30","uploads/cirebon2026/laporan_talun_1874.jpg","-6.7673988","108.5265226","2025-12-30 15:16:21","diterima"
"1876","Jl. Pesisir Sentra Batik Tengah Tani KM 12 Blok E-39","uploads/cirebon2026/laporan_tengah_tani_1875.jpg","-6.6970504","108.5255467","2024-05-21 05:15:25","selesai"
"1877","Jl. Irigasi Tanggul Babakan KM 8 Blok A-18","uploads/cirebon2026/laporan_babakan_1876.jpg","-6.8812234","108.7054007","2026-02-22 14:17:30","diterima"
"1878","Jl. Raya Pelabuhan Weru KM 13 Blok F-86","uploads/cirebon2026/laporan_weru_1877.jpg","-6.7078675","108.501616","2024-08-19 21:03:24","diperbaiki"
"1879","Jl. Pesisir Lapangan Susukan KM 3 Blok D-12","uploads/cirebon2026/laporan_susukan_1878.jpg","-6.6247054","108.3764445","2024-05-19 19:26:00","diterima"
"1880","Jl. Penghubung Tambak Babakan KM 13 Blok C-70","uploads/cirebon2026/laporan_babakan_1879.jpg","-6.8725266","108.7296003","2024-08-04 02:51:37","diperbaiki"
"1881","Jl. Kabupaten Lapangan Gegesik KM 17 Blok H-24","uploads/cirebon2026/laporan_gegesik_1880.jpg","-6.5673507","108.420219","2024-11-05 04:40:34","selesai"
"1882","Jl. Pasar Stasiun Karangwareng KM 15 Blok C-57","uploads/cirebon2026/laporan_karangwareng_1881.jpg","-6.8477899","108.6032284","2026-03-20 21:44:31","diterima"
"1883","Jl. Desa Pelabuhan Sumber KM 17 Blok F-47","uploads/cirebon2026/laporan_sumber_1882.jpg","-6.7524323","108.4938959","2024-01-30 23:18:54","selesai"
"1884","Jl. Raya Jembatan Lemahabang KM 15 Blok H-12","uploads/cirebon2026/laporan_lemahabang_1883.jpg","-6.8140869","108.6264311","2025-06-23 06:24:35","diterima"
"1885","Jl. Sekolah Jembatan Gempol KM 3 Blok F-84","uploads/cirebon2026/laporan_gempol_1884.jpg","-6.7125127","108.3648381","2024-11-10 22:29:50","diterima"
"1886","Jl. Pasar Perumahan Susukanlebak KM 16 Blok F-52","uploads/cirebon2026/laporan_susukanlebak_1885.jpg","-6.8183812","108.6076248","2024-08-30 18:36:23","selesai"
"1887","Jl. Pasar SMA Weru KM 10 Blok C-3","uploads/cirebon2026/laporan_weru_1886.jpg","-6.7096552","108.5166702","2024-07-22 00:29:01","diterima"
"1888","Jl. Pasar Pasar Gunungjati KM 5 Blok H-95","uploads/cirebon2026/laporan_gunungjati_1887.jpg","-6.6649634","108.5448179","2024-11-04 06:43:10","diperbaiki"
"1889","Jl. Kabupaten Jembatan Plumbon KM 1 Blok A-46","uploads/cirebon2026/laporan_plumbon_1888.jpg","-6.7052096","108.4767485","2024-07-17 13:45:34","diperbaiki"
"1890","Jl. Pesisir Makam Sunan Dukupuntang KM 14 Blok A-91","uploads/cirebon2026/laporan_dukupuntang_1889.jpg","-6.757604","108.4314336","2024-11-10 23:00:56","selesai"
"1891","Jl. Irigasi Kantor Kecamatan Losari KM 10 Blok E-78","uploads/cirebon2026/laporan_losari_1890.jpg","-6.8475519","108.8099022","2025-03-26 15:42:51","selesai"
"1892","Jl. Irigasi Terminal Susukanlebak KM 8 Blok F-35","uploads/cirebon2026/laporan_susukanlebak_1891.jpg","-6.8198708","108.6057408","2024-07-15 06:28:54","diterima"
"1893","Jl. Pasar Sentra Batik Sumber KM 17 Blok C-59","uploads/cirebon2026/laporan_sumber_1892.jpg","-6.7541646","108.4859966","2025-10-08 08:41:51","ditolak"
"1894","Jl. Lingkungan Puskesmas Losari KM 6 Blok B-60","uploads/cirebon2026/laporan_losari_1893.jpg","-6.8512963","108.8133253","2025-11-10 23:21:39","diperbaiki"
"1895","Jl. Kabupaten Masjid Agung Astanajapura KM 14 Blok H-89","uploads/cirebon2026/laporan_astanajapura_1894.jpg","-6.8015909","108.6124151","2026-02-22 16:29:48","diterima"
"1896","Jl. Irigasi SMP Beber KM 14 Blok C-84","uploads/cirebon2026/laporan_beber_1895.jpg","-6.8039943","108.5309092","2024-02-06 11:58:07","diterima"
"1897","Jl. Pertanian Balai Desa Klangenan KM 15 Blok B-71","uploads/cirebon2026/laporan_klangenan_1896.jpg","-6.7166326","108.4431158","2025-02-21 19:57:29","diterima"
"1898","Jl. Pertanian Tambak Karangsembung KM 5 Blok C-9","uploads/cirebon2026/laporan_karangsembung_1897.jpg","-6.8374771","108.6545466","2025-02-22 02:46:32","selesai"
"1899","Jl. Pasar Lapangan Panguragan KM 6 Blok E-18","uploads/cirebon2026/laporan_panguragan_1898.jpg","-6.6413874","108.4516672","2025-04-23 11:13:19","selesai"
"1900","Jl. Pesisir Sentra Batik Losari KM 1 Blok F-8","uploads/cirebon2026/laporan_losari_1899.jpg","-6.84241","108.8150151","2024-03-31 16:33:09","diterima"
"1901","Jl. Kabupaten Pelabuhan Dukupuntang KM 15 Blok C-6","uploads/cirebon2026/laporan_dukupuntang_1900.jpg","-6.7623949","108.4340314","2024-07-03 14:29:12","diterima"
"1902","Jl. Penghubung Alun-alun Klangenan KM 7 Blok G-36","uploads/cirebon2026/laporan_klangenan_1901.jpg","-6.7069919","108.4475692","2024-12-27 19:45:36","diterima"
"1903","Jl. Pesisir SMA Pabuaran KM 4 Blok D-37","uploads/cirebon2026/laporan_pabuaran_1902.jpg","-6.8830245","108.6720869","2024-06-15 21:53:34","diperbaiki"
"1904","Jl. Sekolah Makam Sunan Tengah Tani KM 7 Blok E-3","uploads/cirebon2026/laporan_tengah_tani_1903.jpg","-6.6931335","108.5226534","2025-08-13 08:38:12","diperbaiki"
"1905","Jl. Pesisir Pasar Suranenggala KM 15 Blok A-40","uploads/cirebon2026/laporan_suranenggala_1904.jpg","-6.6420912","108.5284331","2025-06-27 15:52:07","diterima"
"1906","Jl. Pasar Puskesmas Kaliwedi KM 18 Blok C-60","uploads/cirebon2026/laporan_kaliwedi_1905.jpg","-6.6069303","108.3782253","2025-04-01 04:42:10","diterima"
"1907","Jl. Pesisir SMA Kapetakan KM 5 Blok F-29","uploads/cirebon2026/laporan_kapetakan_1906.jpg","-6.611604","108.5275617","2024-03-09 07:06:05","diterima"
"1908","Jl. Lingkungan Pasar Sumber KM 2 Blok D-90","uploads/cirebon2026/laporan_sumber_1907.jpg","-6.7557539","108.4818018","2025-02-01 01:48:23","diperbaiki"
"1909","Jl. Lingkungan Gudang Garam Plumbon KM 13 Blok H-56","uploads/cirebon2026/laporan_plumbon_1908.jpg","-6.7003579","108.4692869","2026-02-07 20:19:11","selesai"
"1910","Jl. Pertanian Alun-alun Jamblang KM 16 Blok D-56","uploads/cirebon2026/laporan_jamblang_1909.jpg","-6.7183604","108.4508685","2026-01-24 05:41:45","diterima"
"1911","Jl. Lingkungan Tambak Plered KM 18 Blok D-65","uploads/cirebon2026/laporan_plered_1910.jpg","-6.6969065","108.4945449","2025-12-21 03:24:58","selesai"
"1912","Jl. Raya Balai Desa Astanajapura KM 8 Blok E-66","uploads/cirebon2026/laporan_astanajapura_1911.jpg","-6.8013861","108.6102578","2025-06-20 03:03:25","diterima"
"1913","Jl. Irigasi Makam Sunan Panguragan KM 17 Blok F-14","uploads/cirebon2026/laporan_panguragan_1912.jpg","-6.6475802","108.4485196","2025-11-23 20:51:21","selesai"
"1914","Jl. Desa Pasar Gunungjati KM 14 Blok F-21","uploads/cirebon2026/laporan_gunungjati_1913.jpg","-6.6636635","108.557843","2024-11-12 15:02:55","selesai"
"1915","Jl. Pesisir SMP Ciledug KM 4 Blok F-28","uploads/cirebon2026/laporan_ciledug_1914.jpg","-6.8999569","108.7717839","2024-10-17 06:19:41","selesai"
"1916","Jl. Desa Kantor Kecamatan Susukanlebak KM 16 Blok G-68","uploads/cirebon2026/laporan_susukanlebak_1915.jpg","-6.8208921","108.6079803","2025-06-08 17:40:35","diperbaiki"
"1917","Jl. Sekolah Terminal Pangenan KM 9 Blok E-35","uploads/cirebon2026/laporan_pangenan_1916.jpg","-6.7923846","108.6790132","2024-04-23 19:21:26","diterima"
"1918","Jl. Pasar Jembatan Babakan KM 5 Blok D-32","uploads/cirebon2026/laporan_babakan_1917.jpg","-6.8630679","108.7147695","2025-10-01 03:11:57","selesai"
"1919","Jl. Irigasi Pasar Suranenggala KM 12 Blok D-10","uploads/cirebon2026/laporan_suranenggala_1918.jpg","-6.6322888","108.5167448","2025-04-21 08:54:14","selesai"
"1920","Jl. Sekolah Perumahan Karangwareng KM 16 Blok F-54","uploads/cirebon2026/laporan_karangwareng_1919.jpg","-6.8605158","108.5973375","2025-06-25 19:23:25","selesai"
"1921","Jl. Sekolah Gudang Garam Depok KM 8 Blok C-7","uploads/cirebon2026/laporan_depok_1920.jpg","-6.7224194","108.4625585","2025-04-20 19:33:57","ditolak"
"1922","Jl. Sekolah Tanggul Mundu KM 11 Blok H-24","uploads/cirebon2026/laporan_mundu_1921.jpg","-6.758928","108.6206349","2026-04-13 18:26:49","diterima"
"1923","Jl. Kabupaten Masjid Agung Dukupuntang KM 7 Blok E-56","uploads/cirebon2026/laporan_dukupuntang_1922.jpg","-6.7682508","108.4364707","2024-05-04 14:27:14","ditolak"
"1924","Jl. Raya Lapangan Klangenan KM 15 Blok H-32","uploads/cirebon2026/laporan_klangenan_1923.jpg","-6.7027047","108.4412219","2024-08-14 06:42:04","diterima"
"1925","Jl. Penghubung Sentra Batik Klangenan KM 14 Blok G-94","uploads/cirebon2026/laporan_klangenan_1924.jpg","-6.7143405","108.4363694","2025-10-06 11:36:03","selesai"
"1926","Jl. Raya SMP Greged KM 10 Blok A-39","uploads/cirebon2026/laporan_greged_1925.jpg","-6.8279241","108.5487897","2026-01-14 19:28:23","selesai"
"1927","Jl. Pasar Kantor Kecamatan Babakan KM 14 Blok E-44","uploads/cirebon2026/laporan_babakan_1926.jpg","-6.8839237","108.715714","2024-10-03 09:19:22","selesai"
"1928","Jl. Pertanian Sentra Batik Karangwareng KM 8 Blok A-53","uploads/cirebon2026/laporan_karangwareng_1927.jpg","-6.847935","108.5803675","2025-11-03 00:05:54","diterima"
"1929","Jl. Kabupaten Sawah Plumbon KM 11 Blok B-50","uploads/cirebon2026/laporan_plumbon_1928.jpg","-6.7097692","108.4884344","2025-04-26 15:55:38","diterima"
"1930","Jl. Raya Jembatan Pasaleman KM 9 Blok H-8","uploads/cirebon2026/laporan_pasaleman_1929.jpg","-6.9224586","108.7576343","2025-08-15 04:57:03","diterima"
"1931","Jl. Penghubung Alun-alun Kaliwedi KM 18 Blok A-13","uploads/cirebon2026/laporan_kaliwedi_1930.jpg","-6.6152661","108.3909188","2024-03-23 08:31:46","diterima"
"1932","Jl. Pesisir Tambak Pabuaran KM 14 Blok H-28","uploads/cirebon2026/laporan_pabuaran_1931.jpg","-6.8926184","108.6807895","2024-05-04 21:46:20","diterima"
"1933","Jl. Raya Masjid Agung Pabuaran KM 12 Blok C-60","uploads/cirebon2026/laporan_pabuaran_1932.jpg","-6.8805276","108.6830518","2024-08-11 21:14:03","selesai"
"1934","Jl. Pesisir Masjid Agung Waled KM 4 Blok C-6","uploads/cirebon2026/laporan_waled_1933.jpg","-6.9055187","108.6350505","2025-08-10 11:47:27","ditolak"
"1935","Jl. Raya Lapangan Astanajapura KM 7 Blok H-54","uploads/cirebon2026/laporan_astanajapura_1934.jpg","-6.8066448","108.6283119","2024-03-24 16:33:51","selesai"
"1936","Jl. Pesisir Kantor Kecamatan Mundu KM 16 Blok B-9","uploads/cirebon2026/laporan_mundu_1935.jpg","-6.777674","108.6110021","2024-10-14 06:44:30","diterima"
"1937","Jl. Irigasi Sentra Batik Plered KM 10 Blok D-49","uploads/cirebon2026/laporan_plered_1936.jpg","-6.6900388","108.5079228","2024-04-18 07:31:24","diperbaiki"
"1938","Jl. Raya Puskesmas Karangsembung KM 15 Blok G-52","uploads/cirebon2026/laporan_karangsembung_1937.jpg","-6.855038","108.6492949","2024-12-18 15:10:46","diperbaiki"
"1939","Jl. Penghubung Puskesmas Klangenan KM 15 Blok D-50","uploads/cirebon2026/laporan_klangenan_1938.jpg","-6.6982538","108.4289969","2025-06-03 07:54:12","diterima"
"1940","Jl. Lingkungan Terminal Talun KM 5 Blok D-45","uploads/cirebon2026/laporan_talun_1939.jpg","-6.7475332","108.5238996","2024-10-12 06:14:03","diterima"
"1941","Jl. Lingkungan Masjid Agung Panguragan KM 15 Blok H-79","uploads/cirebon2026/laporan_panguragan_1940.jpg","-6.6453703","108.4693995","2024-08-17 22:06:43","diterima"
"1942","Jl. Pasar Balai Desa Ciledug KM 1 Blok F-12","uploads/cirebon2026/laporan_ciledug_1941.jpg","-6.9011752","108.7491333","2025-01-08 12:58:32","selesai"
"1943","Jl. Lingkungan SMA Suranenggala KM 11 Blok C-44","uploads/cirebon2026/laporan_suranenggala_1942.jpg","-6.6413837","108.5231781","2024-09-05 23:32:25","diterima"
"1944","Jl. Pertanian Sentra Batik Jamblang KM 5 Blok F-36","uploads/cirebon2026/laporan_jamblang_1943.jpg","-6.707906","108.455028","2024-09-23 19:44:59","diterima"
"1945","Jl. Lingkungan Terminal Arjawinangun KM 12 Blok G-48","uploads/cirebon2026/laporan_arjawinangun_1944.jpg","-6.6494294","108.4107986","2024-01-14 18:41:26","diterima"
"1946","Jl. Lingkungan Puskesmas Susukanlebak KM 1 Blok B-5","uploads/cirebon2026/laporan_susukanlebak_1945.jpg","-6.8288978","108.6154954","2024-05-10 14:10:01","selesai"
"1947","Jl. Lingkungan Sawah Ciledug KM 18 Blok F-14","uploads/cirebon2026/laporan_ciledug_1946.jpg","-6.9056974","108.7585468","2025-01-01 19:20:49","selesai"
"1948","Jl. Desa Masjid Agung Susukan KM 12 Blok E-63","uploads/cirebon2026/laporan_susukan_1947.jpg","-6.6346502","108.3979628","2024-01-13 06:14:08","diterima"
"1949","Jl. Kabupaten Pelabuhan Plumbon KM 10 Blok F-73","uploads/cirebon2026/laporan_plumbon_1948.jpg","-6.7014806","108.4899759","2025-11-25 21:57:51","selesai"
"1950","Jl. Lingkungan Makam Sunan Talun KM 15 Blok D-40","uploads/cirebon2026/laporan_talun_1949.jpg","-6.7477181","108.5214824","2026-03-05 03:56:27","selesai"
"1951","Jl. Raya Perumahan Gunungjati KM 3 Blok E-50","uploads/cirebon2026/laporan_gunungjati_1950.jpg","-6.6799091","108.5395735","2025-11-16 01:22:47","diperbaiki"
"1952","Jl. Penghubung Sawah Susukan KM 16 Blok B-70","uploads/cirebon2026/laporan_susukan_1951.jpg","-6.6257485","108.4017348","2024-01-25 18:01:24","diterima"
"1953","Jl. Irigasi Balai Desa Ciwaringin KM 18 Blok B-79","uploads/cirebon2026/laporan_ciwaringin_1952.jpg","-6.7121113","108.3784115","2026-01-22 22:21:25","selesai"
"1954","Jl. Pertanian Alun-alun Klangenan KM 3 Blok A-48","uploads/cirebon2026/laporan_klangenan_1953.jpg","-6.7118662","108.4537221","2025-01-26 00:07:02","selesai"
"1955","Jl. Lingkungan Sawah Pasaleman KM 7 Blok A-59","uploads/cirebon2026/laporan_pasaleman_1954.jpg","-6.9376087","108.7657466","2024-08-23 16:21:12","diterima"
"1956","Jl. Irigasi Gudang Garam Babakan KM 13 Blok H-33","uploads/cirebon2026/laporan_babakan_1955.jpg","-6.8677318","108.7166738","2026-03-12 16:14:08","diterima"
"1957","Jl. Pertanian Kantor Kecamatan Lemahabang KM 3 Blok G-55","uploads/cirebon2026/laporan_lemahabang_1956.jpg","-6.8360157","108.6153597","2026-02-08 22:23:48","diterima"
"1958","Jl. Penghubung Gudang Garam Jamblang KM 14 Blok F-18","uploads/cirebon2026/laporan_jamblang_1957.jpg","-6.6968434","108.4581088","2025-01-01 10:59:46","diterima"
"1959","Jl. Penghubung Tanggul Gempol KM 8 Blok H-72","uploads/cirebon2026/laporan_gempol_1958.jpg","-6.7231156","108.3779169","2026-02-09 19:09:10","selesai"
"1960","Jl. Pesisir Alun-alun Depok KM 5 Blok A-22","uploads/cirebon2026/laporan_depok_1959.jpg","-6.7279005","108.4793065","2025-01-16 01:49:27","diterima"
"1961","Jl. Pesisir Pasar Palimanan KM 4 Blok A-61","uploads/cirebon2026/laporan_palimanan_1960.jpg","-6.7091457","108.4248645","2024-07-05 05:16:15","ditolak"
"1962","Jl. Sekolah SMA Ciledug KM 6 Blok H-63","uploads/cirebon2026/laporan_ciledug_1961.jpg","-6.9001226","108.7555078","2025-10-07 18:06:35","diterima"
"1963","Jl. Pesisir Pelabuhan Gebang KM 8 Blok B-25","uploads/cirebon2026/laporan_gebang_1962.jpg","-6.8404582","108.7279924","2024-11-16 16:01:01","ditolak"
"1964","Jl. Penghubung Lapangan Dukupuntang KM 12 Blok E-32","uploads/cirebon2026/laporan_dukupuntang_1963.jpg","-6.7630961","108.4380822","2024-10-20 22:39:12","diterima"
"1965","Jl. Raya Sawah Kaliwedi KM 13 Blok B-93","uploads/cirebon2026/laporan_kaliwedi_1964.jpg","-6.5973257","108.3928164","2025-12-06 11:04:53","ditolak"
"1966","Jl. Desa Puskesmas Dukupuntang KM 8 Blok E-18","uploads/cirebon2026/laporan_dukupuntang_1965.jpg","-6.767851","108.4277851","2024-09-15 21:19:03","selesai"
"1967","Jl. Raya Puskesmas Sumber KM 12 Blok F-50","uploads/cirebon2026/laporan_sumber_1966.jpg","-6.7567393","108.4765466","2025-08-16 08:04:07","diperbaiki"
"1968","Jl. Raya Pasar Karangsembung KM 11 Blok C-88","uploads/cirebon2026/laporan_karangsembung_1967.jpg","-6.8432795","108.6542971","2024-02-13 04:45:16","diperbaiki"
"1969","Jl. Irigasi Gudang Garam Lemahabang KM 5 Blok A-97","uploads/cirebon2026/laporan_lemahabang_1968.jpg","-6.8266804","108.6308107","2025-02-23 21:13:53","diterima"
"1970","Jl. Lingkungan Pasar Karangsembung KM 18 Blok C-56","uploads/cirebon2026/laporan_karangsembung_1969.jpg","-6.8433224","108.6516085","2026-01-07 00:24:48","selesai"
"1971","Jl. Sekolah Sawah Sedong KM 2 Blok D-94","uploads/cirebon2026/laporan_sedong_1970.jpg","-6.8672497","108.5390797","2025-05-25 12:10:35","diperbaiki"
"1972","Jl. Irigasi Makam Sunan Beber KM 3 Blok E-20","uploads/cirebon2026/laporan_beber_1971.jpg","-6.7960275","108.5180581","2025-03-21 13:17:32","ditolak"
"1973","Jl. Irigasi Sentra Batik Talun KM 16 Blok E-26","uploads/cirebon2026/laporan_talun_1972.jpg","-6.7634762","108.5200679","2024-04-18 02:40:28","ditolak"
"1974","Jl. Lingkungan Stasiun Ciwaringin KM 3 Blok F-55","uploads/cirebon2026/laporan_ciwaringin_1973.jpg","-6.7167212","108.3795095","2024-08-23 12:28:32","selesai"
"1975","Jl. Pesisir Puskesmas Plumbon KM 10 Blok E-26","uploads/cirebon2026/laporan_plumbon_1974.jpg","-6.6967747","108.4827543","2025-01-22 14:26:13","diterima"
"1976","Jl. Sekolah Perumahan Mundu KM 17 Blok H-45","uploads/cirebon2026/laporan_mundu_1975.jpg","-6.7754323","108.6115373","2025-02-07 22:45:37","diterima"
"1977","Jl. Desa SMP Lemahabang KM 11 Blok F-16","uploads/cirebon2026/laporan_lemahabang_1976.jpg","-6.8209727","108.6198406","2026-04-19 12:54:52","diterima"
"1978","Jl. Pertanian Tambak Sumber KM 12 Blok A-76","uploads/cirebon2026/laporan_sumber_1977.jpg","-6.7690125","108.4923182","2024-01-03 17:06:42","selesai"
"1979","Jl. Pesisir Pelabuhan Susukan KM 13 Blok D-24","uploads/cirebon2026/laporan_susukan_1978.jpg","-6.6177396","108.3907826","2025-07-28 02:23:46","diperbaiki"
"1980","Jl. Kabupaten SMP Dukupuntang KM 3 Blok A-4","uploads/cirebon2026/laporan_dukupuntang_1979.jpg","-6.7680842","108.4334387","2026-02-15 20:08:23","selesai"
"1981","Jl. Pasar Puskesmas Sumber KM 8 Blok E-57","uploads/cirebon2026/laporan_sumber_1980.jpg","-6.7704136","108.4849117","2024-06-28 20:18:16","selesai"
"1982","Jl. Penghubung Puskesmas Susukanlebak KM 16 Blok G-96","uploads/cirebon2026/laporan_susukanlebak_1981.jpg","-6.8396669","108.6121556","2026-04-17 16:38:41","diperbaiki"
"1983","Jl. Kabupaten SMP Greged KM 16 Blok G-36","uploads/cirebon2026/laporan_greged_1982.jpg","-6.8287009","108.5709478","2024-01-27 14:26:48","selesai"
"1984","Jl. Lingkungan Tambak Dukupuntang KM 17 Blok C-13","uploads/cirebon2026/laporan_dukupuntang_1983.jpg","-6.7587389","108.4228197","2024-09-18 12:14:25","selesai"
"1985","Jl. Desa Pasar Babakan KM 8 Blok G-92","uploads/cirebon2026/laporan_babakan_1984.jpg","-6.8813403","108.7201679","2024-07-11 01:48:34","diperbaiki"
"1986","Jl. Irigasi SMP Plered KM 4 Blok H-78","uploads/cirebon2026/laporan_plered_1985.jpg","-6.6892368","108.5070348","2025-04-19 18:04:20","diterima"
"1987","Jl. Sekolah Balai Desa Palimanan KM 14 Blok D-94","uploads/cirebon2026/laporan_palimanan_1986.jpg","-6.6989526","108.4171072","2025-10-16 00:35:23","ditolak"
"1988","Jl. Raya SMA Plered KM 12 Blok D-15","uploads/cirebon2026/laporan_plered_1987.jpg","-6.6973285","108.5197036","2026-02-15 19:45:27","diterima"
"1989","Jl. Desa Lapangan Klangenan KM 9 Blok C-13","uploads/cirebon2026/laporan_klangenan_1988.jpg","-6.7166748","108.4421278","2025-08-29 21:09:56","diperbaiki"
"1990","Jl. Lingkungan Balai Desa Arjawinangun KM 14 Blok G-29","uploads/cirebon2026/laporan_arjawinangun_1989.jpg","-6.6366135","108.4140078","2025-02-11 14:45:48","selesai"
"1991","Jl. Pesisir Lapangan Plumbon KM 13 Blok B-70","uploads/cirebon2026/laporan_plumbon_1990.jpg","-6.6986188","108.4796978","2025-02-26 11:16:05","diterima"
"1992","Jl. Pasar Perumahan Tengah Tani KM 8 Blok H-45","uploads/cirebon2026/laporan_tengah_tani_1991.jpg","-6.7084355","108.5067213","2026-01-09 22:18:32","selesai"
"1993","Jl. Raya Kantor Kecamatan Babakan KM 3 Blok H-47","uploads/cirebon2026/laporan_babakan_1992.jpg","-6.8813554","108.7294265","2025-01-14 17:12:25","diterima"
"1994","Jl. Lingkungan Sawah Plumbon KM 16 Blok D-92","uploads/cirebon2026/laporan_plumbon_1993.jpg","-6.7009893","108.4728291","2024-04-15 04:21:04","selesai"
"1995","Jl. Pasar Pelabuhan Gebang KM 14 Blok A-40","uploads/cirebon2026/laporan_gebang_1994.jpg","-6.8332654","108.7171885","2024-05-25 22:58:11","diterima"
"1996","Jl. Pesisir Pelabuhan Ciwaringin KM 2 Blok H-63","uploads/cirebon2026/laporan_ciwaringin_1995.jpg","-6.7127924","108.3804341","2025-06-06 05:07:52","ditolak"
"1997","Jl. Lingkungan Puskesmas Depok KM 15 Blok D-78","uploads/cirebon2026/laporan_depok_1996.jpg","-6.7137628","108.4776303","2025-05-07 06:26:11","diterima"
"1998","Jl. Penghubung Lapangan Kedawung KM 14 Blok D-23","uploads/cirebon2026/laporan_kedawung_1997.jpg","-6.7354862","108.5509683","2024-02-25 23:56:53","diterima"
"1999","Jl. Desa Pelabuhan Kedawung KM 9 Blok E-35","uploads/cirebon2026/laporan_kedawung_1998.jpg","-6.7153196","108.5340095","2025-03-16 20:39:56","selesai"
"2000","Jl. Pasar Kantor Kecamatan Sedong KM 9 Blok G-75","uploads/cirebon2026/laporan_sedong_1999.jpg","-6.8596122","108.5207797","2025-09-11 11:17:49","diperbaiki"
"2001","Jl. Pesisir Jembatan Klangenan KM 5 Blok B-86","uploads/cirebon2026/laporan_klangenan_2000.jpg","-6.7183648","108.4495088","2024-01-22 08:07:24","selesai"
"2002","Jl. Lingkungan Tambak Lemahabang KM 5 Blok A-67","uploads/cirebon2026/laporan_lemahabang_2001.jpg","-6.8288107","108.6175129","2026-01-24 18:04:34","diterima"
"2003","Jl. Sekolah Alun-alun Lemahabang KM 12 Blok B-76","uploads/cirebon2026/laporan_lemahabang_2002.jpg","-6.8133676","108.6344632","2024-08-07 12:16:00","diperbaiki"
"2004","Jl. Kabupaten Pasar Dukupuntang KM 7 Blok G-18","uploads/cirebon2026/laporan_dukupuntang_2003.jpg","-6.7687041","108.4286497","2024-03-27 22:37:58","diterima"
"2005","Jl. Lingkungan Tambak Lemahabang KM 9 Blok B-80","uploads/cirebon2026/laporan_lemahabang_2004.jpg","-6.8210347","108.6128494","2024-04-19 19:42:27","diterima"
"2006","Jl. Penghubung Sentra Batik Susukan KM 7 Blok B-17","uploads/cirebon2026/laporan_susukan_2005.jpg","-6.6183126","108.3906283","2026-04-01 14:14:27","selesai"
"2007","Jl. Lingkungan Sentra Batik Sumber KM 3 Blok C-97","uploads/cirebon2026/laporan_sumber_2006.jpg","-6.7488542","108.4834584","2025-08-27 16:58:14","diterima"
"2008","Jl. Irigasi Kantor Kecamatan Pasaleman KM 8 Blok F-51","uploads/cirebon2026/laporan_pasaleman_2007.jpg","-6.9290801","108.7782517","2024-07-22 23:14:28","diterima"
"2009","Jl. Lingkungan Gudang Garam Losari KM 4 Blok D-72","uploads/cirebon2026/laporan_losari_2008.jpg","-6.8561724","108.8160134","2026-01-19 21:09:48","diterima"
"2010","Jl. Irigasi SMP Sumber KM 16 Blok F-7","uploads/cirebon2026/laporan_sumber_2009.jpg","-6.7520456","108.4759623","2024-11-06 23:25:05","diterima"
"2011","Jl. Kabupaten Sawah Weru KM 16 Blok B-49","uploads/cirebon2026/laporan_weru_2010.jpg","-6.6977447","108.4995573","2024-04-14 19:40:43","diperbaiki"
"2012","Jl. Pertanian Masjid Agung Gunungjati KM 15 Blok C-26","uploads/cirebon2026/laporan_gunungjati_2011.jpg","-6.6643462","108.5484454","2025-03-15 13:56:09","selesai"
"2013","Jl. Lingkungan SMP Astanajapura KM 7 Blok D-20","uploads/cirebon2026/laporan_astanajapura_2012.jpg","-6.8097543","108.6331351","2025-07-10 03:19:03","diperbaiki"
"2014","Jl. Lingkungan Perumahan Ciledug KM 9 Blok E-36","uploads/cirebon2026/laporan_ciledug_2013.jpg","-6.8947558","108.7532682","2025-06-05 11:00:44","diterima"
"2015","Jl. Irigasi Alun-alun Arjawinangun KM 6 Blok H-99","uploads/cirebon2026/laporan_arjawinangun_2014.jpg","-6.650091","108.4153887","2025-10-21 06:39:11","diperbaiki"
"2016","Jl. Desa Jembatan Plumbon KM 1 Blok G-26","uploads/cirebon2026/laporan_plumbon_2015.jpg","-6.6997844","108.4890959","2025-03-03 21:20:33","diterima"
"2017","Jl. Lingkungan Pelabuhan Kaliwedi KM 4 Blok E-24","uploads/cirebon2026/laporan_kaliwedi_2016.jpg","-6.6187698","108.3883005","2026-01-10 19:29:21","diterima"
"2018","Jl. Irigasi SMA Jamblang KM 3 Blok H-41","uploads/cirebon2026/laporan_jamblang_2017.jpg","-6.7168882","108.46662","2025-10-27 03:28:02","selesai"
"2019","Jl. Lingkungan Jembatan Pasaleman KM 3 Blok F-64","uploads/cirebon2026/laporan_pasaleman_2018.jpg","-6.9207272","108.7682558","2024-12-30 11:37:03","diperbaiki"
"2020","Jl. Raya Gudang Garam Gempol KM 8 Blok H-62","uploads/cirebon2026/laporan_gempol_2019.jpg","-6.7236163","108.3890432","2025-02-25 13:04:29","diperbaiki"
"2021","Jl. Raya Sawah Gunungjati KM 2 Blok G-86","uploads/cirebon2026/laporan_gunungjati_2020.jpg","-6.6789091","108.553629","2025-08-16 17:30:36","diterima"
"2022","Jl. Pertanian Stasiun Depok KM 13 Blok E-13","uploads/cirebon2026/laporan_depok_2021.jpg","-6.722147","108.4771201","2025-07-23 09:50:57","diperbaiki"
"2023","Jl. Irigasi Sawah Pangenan KM 10 Blok E-95","uploads/cirebon2026/laporan_pangenan_2022.jpg","-6.7960313","108.6909287","2024-10-20 14:03:05","diperbaiki"
"2024","Jl. Pasar Terminal Weru KM 17 Blok D-33","uploads/cirebon2026/laporan_weru_2023.jpg","-6.6963701","108.5023592","2024-09-13 21:02:12","diterima"
"2025","Jl. Irigasi Jembatan Suranenggala KM 12 Blok B-93","uploads/cirebon2026/laporan_suranenggala_2024.jpg","-6.6319903","108.5019594","2025-12-30 06:35:45","selesai"
"2026","Jl. Raya Tambak Ciledug KM 15 Blok B-1","uploads/cirebon2026/laporan_ciledug_2025.jpg","-6.890217","108.7678502","2024-05-11 01:10:08","diperbaiki"
"2027","Jl. Irigasi Tanggul Lemahabang KM 1 Blok G-46","uploads/cirebon2026/laporan_lemahabang_2026.jpg","-6.8177597","108.6216586","2025-05-19 13:54:40","selesai"
"2028","Jl. Pertanian Sawah Kaliwedi KM 12 Blok F-4","uploads/cirebon2026/laporan_kaliwedi_2027.jpg","-6.6132413","108.389718","2024-05-14 15:46:26","diterima"
"2029","Jl. Pertanian Tambak Arjawinangun KM 15 Blok E-50","uploads/cirebon2026/laporan_arjawinangun_2028.jpg","-6.6457352","108.407536","2024-04-05 06:24:25","ditolak"
"2030","Jl. Pertanian Sentra Batik Astanajapura KM 5 Blok E-15","uploads/cirebon2026/laporan_astanajapura_2029.jpg","-6.7883438","108.6181576","2025-09-02 02:55:59","ditolak"
"2031","Jl. Pasar Alun-alun Gunungjati KM 12 Blok D-96","uploads/cirebon2026/laporan_gunungjati_2030.jpg","-6.6699762","108.5547298","2024-02-16 23:38:11","selesai"
"2032","Jl. Penghubung Tambak Babakan KM 17 Blok E-99","uploads/cirebon2026/laporan_babakan_2031.jpg","-6.8628507","108.7158723","2025-01-04 02:09:10","selesai"
"2033","Jl. Irigasi SMA Plumbon KM 9 Blok E-11","uploads/cirebon2026/laporan_plumbon_2032.jpg","-6.7073167","108.46857","2024-06-14 11:30:59","diterima"
"2034","Jl. Penghubung SMP Karangsembung KM 7 Blok E-78","uploads/cirebon2026/laporan_karangsembung_2033.jpg","-6.8375457","108.6325479","2025-05-27 00:01:03","selesai"
"2035","Jl. Raya SMP Jamblang KM 18 Blok G-50","uploads/cirebon2026/laporan_jamblang_2034.jpg","-6.7105319","108.4458982","2024-07-19 14:38:58","diperbaiki"
"2036","Jl. Sekolah Puskesmas Waled KM 11 Blok F-80","uploads/cirebon2026/laporan_waled_2035.jpg","-6.9018324","108.6406333","2026-04-09 07:24:48","diperbaiki"
"2037","Jl. Penghubung Tanggul Dukupuntang KM 12 Blok F-48","uploads/cirebon2026/laporan_dukupuntang_2036.jpg","-6.7638227","108.4230299","2024-12-07 02:22:09","diterima"
"2038","Jl. Pasar Jembatan Lemahabang KM 11 Blok C-75","uploads/cirebon2026/laporan_lemahabang_2037.jpg","-6.8214358","108.6379702","2025-12-21 22:00:07","diperbaiki"
"2039","Jl. Sekolah Perumahan Plumbon KM 2 Blok C-37","uploads/cirebon2026/laporan_plumbon_2038.jpg","-6.7138391","108.4862759","2026-02-06 17:01:43","diperbaiki"
"2040","Jl. Pertanian Terminal Greged KM 14 Blok G-74","uploads/cirebon2026/laporan_greged_2039.jpg","-6.8065109","108.5749245","2024-03-24 13:05:32","ditolak"
"2041","Jl. Desa Masjid Agung Kaliwedi KM 10 Blok G-42","uploads/cirebon2026/laporan_kaliwedi_2040.jpg","-6.619422","108.380416","2025-10-08 06:00:24","diperbaiki"
"2042","Jl. Pasar Pasar Gegesik KM 16 Blok D-91","uploads/cirebon2026/laporan_gegesik_2041.jpg","-6.578167","108.4117338","2025-10-08 14:51:52","diterima"
"2043","Jl. Pasar Pelabuhan Tengah Tani KM 6 Blok G-42","uploads/cirebon2026/laporan_tengah_tani_2042.jpg","-6.7035686","108.5067883","2024-07-26 01:27:07","ditolak"
"2044","Jl. Pertanian Terminal Greged KM 14 Blok H-92","uploads/cirebon2026/laporan_greged_2043.jpg","-6.8265584","108.5524593","2025-04-08 09:06:43","selesai"
"2045","Jl. Irigasi Pelabuhan Beber KM 10 Blok A-30","uploads/cirebon2026/laporan_beber_2044.jpg","-6.794396","108.5363991","2024-02-06 19:49:10","selesai"
"2046","Jl. Penghubung Gudang Garam Babakan KM 3 Blok F-46","uploads/cirebon2026/laporan_babakan_2045.jpg","-6.8616187","108.7305725","2026-03-19 23:03:55","diperbaiki"
"2047","Jl. Pertanian Terminal Plumbon KM 7 Blok H-37","uploads/cirebon2026/laporan_plumbon_2046.jpg","-6.7099977","108.4753946","2024-04-19 07:48:14","diterima"
"2048","Jl. Pasar Pelabuhan Pabedilan KM 8 Blok C-88","uploads/cirebon2026/laporan_pabedilan_2047.jpg","-6.9115931","108.8300202","2025-12-03 09:07:05","diperbaiki"
"2049","Jl. Sekolah Lapangan Jamblang KM 9 Blok E-8","uploads/cirebon2026/laporan_jamblang_2048.jpg","-6.7035128","108.4650439","2024-10-08 13:24:10","diperbaiki"
"2050","Jl. Desa Puskesmas Gempol KM 7 Blok H-59","uploads/cirebon2026/laporan_gempol_2049.jpg","-6.7208068","108.3636148","2024-09-22 05:38:07","ditolak"
"2051","Jl. Sekolah Tambak Depok KM 9 Blok B-58","uploads/cirebon2026/laporan_depok_2050.jpg","-6.7093613","108.4783329","2024-01-12 09:30:31","diterima"
"2052","Jl. Raya Puskesmas Beber KM 2 Blok F-2","uploads/cirebon2026/laporan_beber_2051.jpg","-6.7992858","108.5134562","2025-08-23 12:57:48","selesai"
"2053","Jl. Irigasi Jembatan Arjawinangun KM 10 Blok B-56","uploads/cirebon2026/laporan_arjawinangun_2052.jpg","-6.6332433","108.4212383","2025-10-03 11:45:04","diterima"
"2054","Jl. Irigasi SMA Greged KM 8 Blok E-58","uploads/cirebon2026/laporan_greged_2053.jpg","-6.825522","108.5566708","2024-06-17 23:28:27","diperbaiki"
"2055","Jl. Irigasi SMP Pasaleman KM 5 Blok D-29","uploads/cirebon2026/laporan_pasaleman_2054.jpg","-6.9276112","108.7839538","2025-03-13 01:29:13","diterima"
"2056","Jl. Desa Masjid Agung Pangenan KM 3 Blok F-10","uploads/cirebon2026/laporan_pangenan_2055.jpg","-6.8068096","108.6994677","2025-01-17 00:34:14","diperbaiki"
"2057","Jl. Penghubung Balai Desa Kaliwedi KM 9 Blok B-25","uploads/cirebon2026/laporan_kaliwedi_2056.jpg","-6.6152552","108.3819104","2025-09-30 00:07:31","selesai"
"2058","Jl. Irigasi Perumahan Lemahabang KM 10 Blok A-34","uploads/cirebon2026/laporan_lemahabang_2057.jpg","-6.8130448","108.6166203","2024-05-18 10:27:02","diterima"
"2059","Jl. Pertanian Balai Desa Ciwaringin KM 16 Blok E-85","uploads/cirebon2026/laporan_ciwaringin_2058.jpg","-6.6967405","108.3909486","2024-04-24 14:25:32","diterima"
"2060","Jl. Kabupaten Gudang Garam Karangsembung KM 16 Blok E-94","uploads/cirebon2026/laporan_karangsembung_2059.jpg","-6.8460469","108.6447486","2026-03-06 04:11:42","diperbaiki"
"2061","Jl. Penghubung Gudang Garam Sumber KM 5 Blok A-18","uploads/cirebon2026/laporan_sumber_2060.jpg","-6.769283","108.4726972","2025-10-25 00:34:14","diperbaiki"
"2062","Jl. Pertanian Sawah Mundu KM 2 Blok E-27","uploads/cirebon2026/laporan_mundu_2061.jpg","-6.7609863","108.6079984","2024-08-02 23:31:54","diperbaiki"
"2063","Jl. Pertanian Pelabuhan Babakan KM 15 Blok F-70","uploads/cirebon2026/laporan_babakan_2062.jpg","-6.8635642","108.7268445","2026-02-15 05:09:12","diterima"
"2064","Jl. Kabupaten Tambak Jamblang KM 16 Blok F-23","uploads/cirebon2026/laporan_jamblang_2063.jpg","-6.7055775","108.4523637","2025-01-20 13:26:42","diterima"
"2065","Jl. Pertanian Sawah Talun KM 17 Blok A-26","uploads/cirebon2026/laporan_talun_2064.jpg","-6.7672191","108.5302444","2025-06-15 06:50:55","diperbaiki"
"2066","Jl. Penghubung SMA Suranenggala KM 14 Blok G-21","uploads/cirebon2026/laporan_suranenggala_2065.jpg","-6.6422367","108.5256957","2024-09-28 10:29:56","selesai"
"2067","Jl. Sekolah Alun-alun Sumber KM 17 Blok G-69","uploads/cirebon2026/laporan_sumber_2066.jpg","-6.7496086","108.4790962","2026-03-16 05:13:36","ditolak"
"2068","Jl. Sekolah Tambak Susukan KM 9 Blok B-25","uploads/cirebon2026/laporan_susukan_2067.jpg","-6.6267246","108.3776124","2024-05-09 01:38:37","diterima"
"2069","Jl. Pesisir Kantor Kecamatan Plumbon KM 13 Blok E-8","uploads/cirebon2026/laporan_plumbon_2068.jpg","-6.7063272","108.4715475","2024-11-22 21:41:24","selesai"
"2070","Jl. Desa Terminal Kedawung KM 8 Blok A-40","uploads/cirebon2026/laporan_kedawung_2069.jpg","-6.7283495","108.546104","2025-10-25 19:03:55","selesai"
"2071","Jl. Irigasi Alun-alun Pasaleman KM 15 Blok D-83","uploads/cirebon2026/laporan_pasaleman_2070.jpg","-6.9271263","108.7730364","2024-02-22 20:18:21","diperbaiki"
"2072","Jl. Penghubung SMP Ciwaringin KM 3 Blok F-3","uploads/cirebon2026/laporan_ciwaringin_2071.jpg","-6.71429","108.3883288","2025-06-17 23:21:19","diterima"
"2073","Jl. Penghubung Makam Sunan Plered KM 18 Blok H-1","uploads/cirebon2026/laporan_plered_2072.jpg","-6.7067808","108.4933759","2024-03-25 20:31:42","diterima"
"2074","Jl. Desa Stasiun Gegesik KM 2 Blok A-32","uploads/cirebon2026/laporan_gegesik_2073.jpg","-6.5819129","108.4291776","2024-05-16 15:07:00","selesai"
"2075","Jl. Pesisir Gudang Garam Susukanlebak KM 3 Blok D-37","uploads/cirebon2026/laporan_susukanlebak_2074.jpg","-6.8261802","108.6188762","2024-03-17 14:46:31","diterima"
"2076","Jl. Penghubung Masjid Agung Losari KM 8 Blok C-46","uploads/cirebon2026/laporan_losari_2075.jpg","-6.8608249","108.8029217","2026-03-09 00:34:59","diperbaiki"
"2077","Jl. Pasar Makam Sunan Lemahabang KM 5 Blok G-68","uploads/cirebon2026/laporan_lemahabang_2076.jpg","-6.8263477","108.6147663","2025-06-01 14:23:31","diperbaiki"
"2078","Jl. Pesisir Stasiun Sedong KM 9 Blok H-95","uploads/cirebon2026/laporan_sedong_2077.jpg","-6.8787581","108.5297742","2025-12-23 16:07:16","selesai"
"2079","Jl. Pasar Sentra Batik Plered KM 11 Blok C-57","uploads/cirebon2026/laporan_plered_2078.jpg","-6.7041399","108.5177664","2025-05-22 15:28:17","selesai"
"2080","Jl. Lingkungan Perumahan Ciledug KM 18 Blok B-96","uploads/cirebon2026/laporan_ciledug_2079.jpg","-6.9052201","108.7618255","2024-11-28 03:46:59","diperbaiki"
"2081","Jl. Raya Sawah Mundu KM 10 Blok D-76","uploads/cirebon2026/laporan_mundu_2080.jpg","-6.7755523","108.6064744","2025-04-01 19:04:06","ditolak"
"2082","Jl. Irigasi SMA Losari KM 3 Blok E-8","uploads/cirebon2026/laporan_losari_2081.jpg","-6.8554982","108.7895281","2024-12-01 10:13:51","diterima"
"2083","Jl. Pasar Sawah Tengah Tani KM 16 Blok G-17","uploads/cirebon2026/laporan_tengah_tani_2082.jpg","-6.6938083","108.525189","2025-07-23 04:40:01","ditolak"
"2084","Jl. Desa Masjid Agung Susukanlebak KM 7 Blok H-52","uploads/cirebon2026/laporan_susukanlebak_2083.jpg","-6.8184309","108.607156","2024-01-28 07:11:04","diperbaiki"
"2085","Jl. Sekolah Jembatan Lemahabang KM 16 Blok D-71","uploads/cirebon2026/laporan_lemahabang_2084.jpg","-6.8242775","108.6228821","2025-01-18 05:50:29","selesai"
"2086","Jl. Irigasi Alun-alun Weru KM 6 Blok A-11","uploads/cirebon2026/laporan_weru_2085.jpg","-6.7027399","108.5108434","2025-12-12 06:23:47","diterima"
"2087","Jl. Desa Makam Sunan Dukupuntang KM 18 Blok B-73","uploads/cirebon2026/laporan_dukupuntang_2086.jpg","-6.7698645","108.4343476","2024-11-16 10:42:54","selesai"
"2088","Jl. Penghubung Pasar Susukanlebak KM 18 Blok E-2","uploads/cirebon2026/laporan_susukanlebak_2087.jpg","-6.8313714","108.6006868","2024-05-18 12:42:32","diperbaiki"
"2089","Jl. Kabupaten Tanggul Beber KM 2 Blok C-49","uploads/cirebon2026/laporan_beber_2088.jpg","-6.7861545","108.5287242","2024-01-07 11:21:09","diperbaiki"
"2090","Jl. Raya Sentra Batik Susukan KM 2 Blok C-28","uploads/cirebon2026/laporan_susukan_2089.jpg","-6.6132924","108.3832022","2025-02-03 06:43:13","diperbaiki"
"2091","Jl. Sekolah Pelabuhan Palimanan KM 11 Blok G-53","uploads/cirebon2026/laporan_palimanan_2090.jpg","-6.6976835","108.4251463","2026-01-16 00:46:01","ditolak"
"2092","Jl. Pertanian Jembatan Pangenan KM 11 Blok D-74","uploads/cirebon2026/laporan_pangenan_2091.jpg","-6.8128406","108.6816081","2026-03-29 15:45:46","diperbaiki"
"2093","Jl. Pertanian Sentra Batik Kapetakan KM 18 Blok A-14","uploads/cirebon2026/laporan_kapetakan_2092.jpg","-6.6004398","108.534869","2025-07-24 09:07:53","selesai"
"2094","Jl. Pasar SMP Lemahabang KM 12 Blok D-34","uploads/cirebon2026/laporan_lemahabang_2093.jpg","-6.8146108","108.6229453","2024-05-23 02:17:30","diterima"
"2095","Jl. Kabupaten Gudang Garam Losari KM 2 Blok A-37","uploads/cirebon2026/laporan_losari_2094.jpg","-6.8632082","108.7896112","2024-01-19 04:31:17","diterima"
"2096","Jl. Penghubung Kantor Kecamatan Karangsembung KM 1 Blok C-58","uploads/cirebon2026/laporan_karangsembung_2095.jpg","-6.8379619","108.6553506","2025-04-19 13:12:53","diperbaiki"
"2097","Jl. Irigasi Tambak Klangenan KM 2 Blok C-16","uploads/cirebon2026/laporan_klangenan_2096.jpg","-6.7093922","108.4431452","2025-12-31 11:10:40","diterima"
"2098","Jl. Penghubung Pelabuhan Panguragan KM 14 Blok C-31","uploads/cirebon2026/laporan_panguragan_2097.jpg","-6.6527148","108.4644691","2026-02-16 19:03:07","selesai"
"2099","Jl. Desa Sawah Babakan KM 8 Blok G-68","uploads/cirebon2026/laporan_babakan_2098.jpg","-6.8735418","108.7190652","2026-02-02 20:01:12","diperbaiki"
"2100","Jl. Kabupaten Tanggul Dukupuntang KM 4 Blok H-46","uploads/cirebon2026/laporan_dukupuntang_2099.jpg","-6.7530463","108.4442956","2024-08-22 15:40:39","diterima"
"2101","Jl. Pasar Pasar Suranenggala KM 7 Blok H-47","uploads/cirebon2026/laporan_suranenggala_2100.jpg","-6.6464342","108.5133821","2024-05-30 06:28:56","diterima"
"2102","Jl. Irigasi Tambak Dukupuntang KM 7 Blok H-17","uploads/cirebon2026/laporan_dukupuntang_2101.jpg","-6.7608177","108.425809","2025-09-24 18:01:02","diterima"
"2103","Jl. Irigasi SMP Gunungjati KM 3 Blok H-29","uploads/cirebon2026/laporan_gunungjati_2102.jpg","-6.6626802","108.5491561","2024-06-10 13:14:01","ditolak"
"2104","Jl. Lingkungan Tambak Gempol KM 4 Blok D-30","uploads/cirebon2026/laporan_gempol_2103.jpg","-6.7217153","108.3869213","2024-12-16 01:39:57","diterima"
"2105","Jl. Pesisir Terminal Tengah Tani KM 1 Blok G-33","uploads/cirebon2026/laporan_tengah_tani_2104.jpg","-6.6947404","108.5211178","2024-05-06 18:26:04","diperbaiki"
"2106","Jl. Lingkungan Tanggul Gempol KM 18 Blok A-64","uploads/cirebon2026/laporan_gempol_2105.jpg","-6.7093139","108.3889596","2024-12-22 08:05:57","ditolak"
"2107","Jl. Pesisir Alun-alun Plered KM 8 Blok E-68","uploads/cirebon2026/laporan_plered_2106.jpg","-6.7062869","108.5158776","2024-01-11 18:14:45","selesai"
"2108","Jl. Lingkungan Puskesmas Greged KM 18 Blok D-6","uploads/cirebon2026/laporan_greged_2107.jpg","-6.8219185","108.5647841","2024-12-02 23:07:15","ditolak"
"2109","Jl. Penghubung Stasiun Karangsembung KM 12 Blok F-87","uploads/cirebon2026/laporan_karangsembung_2108.jpg","-6.8549113","108.63203","2026-04-22 23:12:08","diperbaiki"
"2110","Jl. Raya Terminal Ciwaringin KM 11 Blok H-6","uploads/cirebon2026/laporan_ciwaringin_2109.jpg","-6.705718","108.3893184","2024-09-12 00:33:52","diterima"
"2111","Jl. Penghubung Tanggul Weru KM 12 Blok H-75","uploads/cirebon2026/laporan_weru_2110.jpg","-6.7104415","108.5136292","2025-10-21 00:26:25","diperbaiki"
"2112","Jl. Raya Perumahan Jamblang KM 3 Blok B-87","uploads/cirebon2026/laporan_jamblang_2111.jpg","-6.7015582","108.4506156","2025-12-22 06:19:34","selesai"
"2113","Jl. Desa Terminal Astanajapura KM 17 Blok A-64","uploads/cirebon2026/laporan_astanajapura_2112.jpg","-6.786711","108.6107896","2025-09-21 02:59:36","diterima"
"2114","Jl. Irigasi Lapangan Beber KM 12 Blok B-11","uploads/cirebon2026/laporan_beber_2113.jpg","-6.7986494","108.5171011","2025-06-01 08:07:20","diterima"
"2115","Jl. Lingkungan Pelabuhan Panguragan KM 18 Blok C-74","uploads/cirebon2026/laporan_panguragan_2114.jpg","-6.6566123","108.4617598","2024-03-17 17:46:19","diperbaiki"
"2116","Jl. Pasar Stasiun Babakan KM 1 Blok D-33","uploads/cirebon2026/laporan_babakan_2115.jpg","-6.883761","108.7162516","2025-04-08 11:37:56","selesai"
"2117","Jl. Kabupaten Jembatan Pasaleman KM 4 Blok G-84","uploads/cirebon2026/laporan_pasaleman_2116.jpg","-6.9406473","108.7599955","2024-07-23 04:22:51","ditolak"
"2118","Jl. Pertanian Perumahan Tengah Tani KM 11 Blok H-79","uploads/cirebon2026/laporan_tengah_tani_2117.jpg","-6.6934857","108.5214931","2026-03-17 17:46:32","selesai"
"2119","Jl. Raya Makam Sunan Arjawinangun KM 8 Blok C-19","uploads/cirebon2026/laporan_arjawinangun_2118.jpg","-6.6349428","108.429002","2026-03-09 16:30:03","diterima"
"2120","Jl. Pasar Lapangan Gegesik KM 11 Blok F-56","uploads/cirebon2026/laporan_gegesik_2119.jpg","-6.5784655","108.414614","2025-08-12 08:32:01","selesai"
"2121","Jl. Pasar Tambak Ciwaringin KM 5 Blok D-79","uploads/cirebon2026/laporan_ciwaringin_2120.jpg","-6.6968604","108.3809628","2024-12-12 12:05:56","diterima"
"2122","Jl. Desa Sentra Batik Sumber KM 2 Blok D-14","uploads/cirebon2026/laporan_sumber_2121.jpg","-6.7680537","108.4761326","2024-09-28 06:40:56","diperbaiki"
"2123","Jl. Irigasi Makam Sunan Plered KM 17 Blok G-71","uploads/cirebon2026/laporan_plered_2122.jpg","-6.6899593","108.4974468","2025-10-11 15:28:46","diperbaiki"
"2124","Jl. Penghubung Puskesmas Susukanlebak KM 13 Blok A-74","uploads/cirebon2026/laporan_susukanlebak_2123.jpg","-6.8271469","108.5937526","2025-03-06 00:47:37","selesai"
"2125","Jl. Sekolah Gudang Garam Waled KM 18 Blok H-57","uploads/cirebon2026/laporan_waled_2124.jpg","-6.9161925","108.6383397","2024-10-22 08:09:53","diterima"
"2126","Jl. Kabupaten Jembatan Pabedilan KM 4 Blok G-59","uploads/cirebon2026/laporan_pabedilan_2125.jpg","-6.9068611","108.827397","2025-11-16 17:20:49","diperbaiki"
"2127","Jl. Kabupaten Pelabuhan Jamblang KM 4 Blok E-95","uploads/cirebon2026/laporan_jamblang_2126.jpg","-6.7101659","108.464899","2025-10-24 13:12:22","selesai"
"2128","Jl. Raya Tambak Ciledug KM 15 Blok G-92","uploads/cirebon2026/laporan_ciledug_2127.jpg","-6.8949246","108.7461623","2025-02-28 21:59:54","selesai"
"2129","Jl. Irigasi SMP Talun KM 2 Blok G-64","uploads/cirebon2026/laporan_talun_2128.jpg","-6.7506588","108.523331","2025-07-11 09:45:05","diterima"
"2130","Jl. Sekolah Pasar Gegesik KM 1 Blok H-96","uploads/cirebon2026/laporan_gegesik_2129.jpg","-6.5704937","108.4188036","2024-10-01 15:46:03","selesai"
"2131","Jl. Pesisir Gudang Garam Susukanlebak KM 16 Blok F-64","uploads/cirebon2026/laporan_susukanlebak_2130.jpg","-6.824105","108.6007241","2024-05-29 06:12:44","ditolak"
"2132","Jl. Pesisir Lapangan Gunungjati KM 11 Blok C-18","uploads/cirebon2026/laporan_gunungjati_2131.jpg","-6.6818173","108.5502918","2025-09-17 23:08:06","diperbaiki"
"2133","Jl. Pasar Balai Desa Sumber KM 8 Blok C-98","uploads/cirebon2026/laporan_sumber_2132.jpg","-6.7518904","108.483705","2024-04-17 09:05:22","diterima"
"2134","Jl. Pesisir Pasar Plumbon KM 15 Blok F-46","uploads/cirebon2026/laporan_plumbon_2133.jpg","-6.6993071","108.481245","2026-01-01 16:23:51","ditolak"
"2135","Jl. Pesisir Kantor Kecamatan Arjawinangun KM 17 Blok G-91","uploads/cirebon2026/laporan_arjawinangun_2134.jpg","-6.6546555","108.4044843","2026-04-17 17:20:28","diterima"
"2136","Jl. Lingkungan Gudang Garam Jamblang KM 3 Blok E-88","uploads/cirebon2026/laporan_jamblang_2135.jpg","-6.6961704","108.4433117","2025-10-31 11:43:50","diterima"
"2137","Jl. Irigasi SMP Tengah Tani KM 5 Blok D-27","uploads/cirebon2026/laporan_tengah_tani_2136.jpg","-6.6997181","108.5227619","2025-04-14 15:43:57","selesai"
"2138","Jl. Pesisir Gudang Garam Ciledug KM 10 Blok B-85","uploads/cirebon2026/laporan_ciledug_2137.jpg","-6.9122794","108.7571147","2025-04-29 20:22:05","selesai"
"2139","Jl. Irigasi Pelabuhan Suranenggala KM 16 Blok E-39","uploads/cirebon2026/laporan_suranenggala_2138.jpg","-6.6311121","108.5068808","2024-12-14 11:45:28","diperbaiki"
"2140","Jl. Desa Sawah Gebang KM 15 Blok H-43","uploads/cirebon2026/laporan_gebang_2139.jpg","-6.8386906","108.725184","2026-04-21 16:35:45","ditolak"
"2141","Jl. Pesisir Alun-alun Gebang KM 18 Blok E-15","uploads/cirebon2026/laporan_gebang_2140.jpg","-6.833543","108.720787","2025-07-29 00:24:40","diperbaiki"
"2142","Jl. Raya Stasiun Pasaleman KM 6 Blok B-87","uploads/cirebon2026/laporan_pasaleman_2141.jpg","-6.9263675","108.77128","2024-05-22 23:49:44","diterima"
"2143","Jl. Pesisir Perumahan Karangsembung KM 18 Blok D-25","uploads/cirebon2026/laporan_karangsembung_2142.jpg","-6.8495429","108.6492844","2024-12-31 13:09:46","diterima"
"2144","Jl. Desa Pasar Waled KM 18 Blok E-61","uploads/cirebon2026/laporan_waled_2143.jpg","-6.9197","108.6405648","2026-02-02 10:16:10","diperbaiki"
"2145","Jl. Penghubung Puskesmas Pangenan KM 17 Blok E-20","uploads/cirebon2026/laporan_pangenan_2144.jpg","-6.8003072","108.6909083","2024-05-18 08:19:33","selesai"
"2146","Jl. Pasar Masjid Agung Sumber KM 1 Blok G-15","uploads/cirebon2026/laporan_sumber_2145.jpg","-6.7552773","108.4784393","2025-06-25 04:38:02","diterima"
"2147","Jl. Pasar Pasar Plumbon KM 13 Blok F-37","uploads/cirebon2026/laporan_plumbon_2146.jpg","-6.6998443","108.4834524","2025-10-09 04:40:29","diperbaiki"
"2148","Jl. Desa SMP Talun KM 14 Blok F-83","uploads/cirebon2026/laporan_talun_2147.jpg","-6.7543506","108.5128079","2025-06-03 14:58:35","selesai"
"2149","Jl. Lingkungan Tambak Tengah Tani KM 11 Blok D-5","uploads/cirebon2026/laporan_tengah_tani_2148.jpg","-6.6976687","108.5256006","2024-11-02 13:25:16","diterima"
"2150","Jl. Pesisir Makam Sunan Gunungjati KM 5 Blok B-73","uploads/cirebon2026/laporan_gunungjati_2149.jpg","-6.6659613","108.5529812","2024-06-21 11:49:44","diperbaiki"
"2151","Jl. Pesisir Sentra Batik Arjawinangun KM 9 Blok B-24","uploads/cirebon2026/laporan_arjawinangun_2150.jpg","-6.6465882","108.4054264","2025-05-21 07:27:23","diterima"
"2152","Jl. Lingkungan Balai Desa Babakan KM 2 Blok E-95","uploads/cirebon2026/laporan_babakan_2151.jpg","-6.8779141","108.7174121","2025-08-10 09:58:37","diterima"
"2153","Jl. Irigasi Makam Sunan Pabuaran KM 8 Blok B-21","uploads/cirebon2026/laporan_pabuaran_2152.jpg","-6.8829575","108.6894445","2025-12-29 15:13:03","ditolak"
"2154","Jl. Desa SMA Waled KM 11 Blok A-17","uploads/cirebon2026/laporan_waled_2153.jpg","-6.9191126","108.639108","2024-05-27 01:16:12","diterima"
"2155","Jl. Irigasi Makam Sunan Kedawung KM 10 Blok A-9","uploads/cirebon2026/laporan_kedawung_2154.jpg","-6.7278131","108.542392","2025-08-12 20:22:48","ditolak"
"2156","Jl. Kabupaten Puskesmas Pabedilan KM 13 Blok C-10","uploads/cirebon2026/laporan_pabedilan_2155.jpg","-6.9047427","108.8296066","2024-05-18 02:50:20","diperbaiki"
"2157","Jl. Sekolah Tambak Kedawung KM 5 Blok G-55","uploads/cirebon2026/laporan_kedawung_2156.jpg","-6.725619","108.5356188","2024-08-16 21:04:16","diperbaiki"
"2158","Jl. Lingkungan Puskesmas Sedong KM 14 Blok D-42","uploads/cirebon2026/laporan_sedong_2157.jpg","-6.8638529","108.535284","2025-10-07 16:51:41","diterima"
"2159","Jl. Kabupaten Tambak Palimanan KM 13 Blok H-89","uploads/cirebon2026/laporan_palimanan_2158.jpg","-6.7171775","108.4267649","2024-09-24 14:24:32","diperbaiki"
"2160","Jl. Penghubung SMP Kapetakan KM 9 Blok H-13","uploads/cirebon2026/laporan_kapetakan_2159.jpg","-6.5928627","108.5364133","2024-04-14 04:39:02","selesai"
"2161","Jl. Desa Tambak Ciwaringin KM 2 Blok F-11","uploads/cirebon2026/laporan_ciwaringin_2160.jpg","-6.7039621","108.3995049","2025-10-01 13:08:25","ditolak"
"2162","Jl. Pertanian Lapangan Ciledug KM 3 Blok C-75","uploads/cirebon2026/laporan_ciledug_2161.jpg","-6.909443","108.7505245","2025-07-27 09:58:48","diterima"
"2163","Jl. Irigasi Perumahan Suranenggala KM 1 Blok E-51","uploads/cirebon2026/laporan_suranenggala_2162.jpg","-6.6366945","108.5239638","2024-01-28 20:20:37","selesai"
"2164","Jl. Penghubung SMA Susukan KM 7 Blok D-84","uploads/cirebon2026/laporan_susukan_2163.jpg","-6.622435","108.3894833","2025-08-03 00:14:49","diterima"
"2165","Jl. Pesisir Perumahan Pasaleman KM 1 Blok E-57","uploads/cirebon2026/laporan_pasaleman_2164.jpg","-6.9334999","108.7727204","2024-06-02 21:06:53","diperbaiki"
"2166","Jl. Pertanian Terminal Pabedilan KM 7 Blok H-40","uploads/cirebon2026/laporan_pabedilan_2165.jpg","-6.9026615","108.8099135","2024-07-13 02:28:28","selesai"
"2167","Jl. Pertanian Balai Desa Gunungjati KM 13 Blok A-95","uploads/cirebon2026/laporan_gunungjati_2166.jpg","-6.6825069","108.5484416","2024-08-21 13:16:13","diterima"
"2168","Jl. Penghubung SMP Karangwareng KM 10 Blok A-81","uploads/cirebon2026/laporan_karangwareng_2167.jpg","-6.8512212","108.5962182","2024-06-04 20:57:12","diperbaiki"
"2169","Jl. Lingkungan Makam Sunan Weru KM 4 Blok H-20","uploads/cirebon2026/laporan_weru_2168.jpg","-6.7092956","108.5144154","2026-02-17 23:54:28","diterima"
"2170","Jl. Pesisir Sawah Karangsembung KM 14 Blok A-54","uploads/cirebon2026/laporan_karangsembung_2169.jpg","-6.8586931","108.6381756","2024-03-03 02:53:09","diterima"
"2171","Jl. Pertanian Makam Sunan Kedawung KM 8 Blok D-72","uploads/cirebon2026/laporan_kedawung_2170.jpg","-6.7298079","108.532268","2024-01-31 02:00:19","selesai"
"2172","Jl. Lingkungan Pelabuhan Plumbon KM 15 Blok A-69","uploads/cirebon2026/laporan_plumbon_2171.jpg","-6.7114961","108.4860917","2024-11-16 03:35:46","diperbaiki"
"2173","Jl. Sekolah Lapangan Kapetakan KM 5 Blok A-79","uploads/cirebon2026/laporan_kapetakan_2172.jpg","-6.5988516","108.5356213","2025-12-31 17:58:20","ditolak"
"2174","Jl. Lingkungan Jembatan Plumbon KM 18 Blok B-46","uploads/cirebon2026/laporan_plumbon_2173.jpg","-6.700645","108.4796573","2025-07-18 01:38:57","selesai"
"2175","Jl. Pesisir Alun-alun Karangsembung KM 6 Blok H-58","uploads/cirebon2026/laporan_karangsembung_2174.jpg","-6.8523725","108.6335697","2025-10-29 23:44:04","diterima"
"2176","Jl. Irigasi Perumahan Jamblang KM 10 Blok H-94","uploads/cirebon2026/laporan_jamblang_2175.jpg","-6.6995067","108.4496115","2025-09-11 04:13:03","ditolak"
"2177","Jl. Penghubung Puskesmas Plered KM 8 Blok E-89","uploads/cirebon2026/laporan_plered_2176.jpg","-6.7027676","108.5017517","2025-12-08 07:35:23","ditolak"
"2178","Jl. Pertanian Lapangan Ciwaringin KM 7 Blok E-76","uploads/cirebon2026/laporan_ciwaringin_2177.jpg","-6.696866","108.3983302","2025-11-10 10:24:09","ditolak"
"2179","Jl. Pasar SMA Weru KM 6 Blok A-37","uploads/cirebon2026/laporan_weru_2178.jpg","-6.6997437","108.513832","2026-04-25 17:09:45","diterima"
"2180","Jl. Raya Masjid Agung Talun KM 14 Blok H-35","uploads/cirebon2026/laporan_talun_2179.jpg","-6.7577627","108.5291637","2024-12-09 23:04:00","diterima"
"2181","Jl. Raya Alun-alun Pangenan KM 9 Blok B-57","uploads/cirebon2026/laporan_pangenan_2180.jpg","-6.8108699","108.6994106","2025-03-09 20:28:51","diterima"
"2182","Jl. Desa Pasar Tengah Tani KM 18 Blok C-7","uploads/cirebon2026/laporan_tengah_tani_2181.jpg","-6.7010574","108.5189018","2025-05-22 05:08:00","diterima"
"2183","Jl. Pesisir Pelabuhan Kaliwedi KM 8 Blok D-57","uploads/cirebon2026/laporan_kaliwedi_2182.jpg","-6.6049272","108.3879849","2026-02-03 18:36:32","selesai"
"2184","Jl. Raya Sawah Kedawung KM 13 Blok E-47","uploads/cirebon2026/laporan_kedawung_2183.jpg","-6.7135336","108.5358277","2024-01-11 08:41:03","selesai"
"2185","Jl. Kabupaten Lapangan Dukupuntang KM 15 Blok F-14","uploads/cirebon2026/laporan_dukupuntang_2184.jpg","-6.7662508","108.4371504","2024-05-12 07:17:25","diterima"
"2186","Jl. Lingkungan Balai Desa Plumbon KM 6 Blok F-34","uploads/cirebon2026/laporan_plumbon_2185.jpg","-6.6961366","108.4931358","2024-04-17 08:18:56","selesai"
"2187","Jl. Kabupaten Jembatan Dukupuntang KM 11 Blok D-63","uploads/cirebon2026/laporan_dukupuntang_2186.jpg","-6.7653979","108.4395802","2025-05-20 16:58:29","diterima"
"2188","Jl. Desa Tanggul Waled KM 6 Blok E-46","uploads/cirebon2026/laporan_waled_2187.jpg","-6.9108798","108.6350402","2024-03-09 19:04:07","selesai"
"2189","Jl. Raya Pasar Gempol KM 13 Blok B-69","uploads/cirebon2026/laporan_gempol_2188.jpg","-6.7226229","108.3859853","2025-09-20 03:13:23","diperbaiki"
"2190","Jl. Kabupaten Alun-alun Gebang KM 12 Blok F-45","uploads/cirebon2026/laporan_gebang_2189.jpg","-6.8323831","108.7151369","2024-10-27 11:49:16","diperbaiki"
"2191","Jl. Sekolah Sentra Batik Klangenan KM 5 Blok B-28","uploads/cirebon2026/laporan_klangenan_2190.jpg","-6.7205326","108.4347246","2026-03-21 04:31:08","diterima"
"2192","Jl. Lingkungan Pasar Mundu KM 1 Blok B-36","uploads/cirebon2026/laporan_mundu_2191.jpg","-6.7788113","108.6067297","2024-10-10 08:29:37","diterima"
"2193","Jl. Kabupaten Balai Desa Arjawinangun KM 13 Blok F-22","uploads/cirebon2026/laporan_arjawinangun_2192.jpg","-6.6482321","108.4183585","2026-04-21 06:21:32","selesai"
"2194","Jl. Sekolah SMP Karangwareng KM 6 Blok A-82","uploads/cirebon2026/laporan_karangwareng_2193.jpg","-6.8572601","108.5855228","2026-04-05 07:40:32","diterima"
"2195","Jl. Pertanian Kantor Kecamatan Astanajapura KM 5 Blok E-92","uploads/cirebon2026/laporan_astanajapura_2194.jpg","-6.7868511","108.6296371","2024-08-25 00:41:05","diterima"
"2196","Jl. Raya Tambak Ciwaringin KM 2 Blok H-40","uploads/cirebon2026/laporan_ciwaringin_2195.jpg","-6.7151245","108.3846762","2024-02-01 18:15:28","diterima"
"2197","Jl. Sekolah Tanggul Karangsembung KM 16 Blok G-59","uploads/cirebon2026/laporan_karangsembung_2196.jpg","-6.8467546","108.6314853","2024-11-07 01:44:23","diterima"
"2198","Jl. Raya Perumahan Sedong KM 17 Blok E-32","uploads/cirebon2026/laporan_sedong_2197.jpg","-6.8579653","108.5427024","2024-10-18 05:38:53","selesai"
"2199","Jl. Lingkungan Gudang Garam Depok KM 4 Blok B-25","uploads/cirebon2026/laporan_depok_2198.jpg","-6.7114478","108.4570682","2026-03-12 22:35:49","diterima"
"2200","Jl. Penghubung Alun-alun Gegesik KM 12 Blok H-85","uploads/cirebon2026/laporan_gegesik_2199.jpg","-6.5727869","108.4175746","2024-11-04 13:40:01","diperbaiki"
"2201","Jl. Kabupaten Pasar Susukan KM 10 Blok D-4","uploads/cirebon2026/laporan_susukan_2200.jpg","-6.6368101","108.3949986","2025-07-19 22:42:29","selesai"
"2202","Jl. Pesisir Gudang Garam Babakan KM 10 Blok A-68","uploads/cirebon2026/laporan_babakan_2201.jpg","-6.8660626","108.730816","2025-04-07 15:08:23","diterima"
"2203","Jl. Pasar SMA Weru KM 18 Blok F-58","uploads/cirebon2026/laporan_weru_2202.jpg","-6.7047062","108.4923629","2025-08-10 11:00:13","diterima"
"2204","Jl. Raya Sawah Beber KM 15 Blok E-64","uploads/cirebon2026/laporan_beber_2203.jpg","-6.7937258","108.5319714","2024-11-16 00:07:47","selesai"
"2205","Jl. Pasar Pasar Pasaleman KM 12 Blok A-98","uploads/cirebon2026/laporan_pasaleman_2204.jpg","-6.9193001","108.7597074","2025-02-14 17:10:57","diperbaiki"
"2206","Jl. Kabupaten Balai Desa Gunungjati KM 1 Blok A-61","uploads/cirebon2026/laporan_gunungjati_2205.jpg","-6.6792826","108.5464804","2025-12-02 12:45:35","diterima"
"2207","Jl. Raya Masjid Agung Sedong KM 11 Blok F-43","uploads/cirebon2026/laporan_sedong_2206.jpg","-6.8685423","108.5219811","2024-10-31 23:49:51","ditolak"
"2208","Jl. Penghubung Perumahan Kaliwedi KM 1 Blok F-83","uploads/cirebon2026/laporan_kaliwedi_2207.jpg","-6.6039771","108.3927887","2024-09-10 06:38:52","diperbaiki"
"2209","Jl. Pertanian Balai Desa Kaliwedi KM 5 Blok D-51","uploads/cirebon2026/laporan_kaliwedi_2208.jpg","-6.6136008","108.3800313","2024-03-02 05:27:05","diterima"
"2210","Jl. Raya Pelabuhan Babakan KM 13 Blok A-94","uploads/cirebon2026/laporan_babakan_2209.jpg","-6.8675768","108.706568","2026-03-16 16:32:18","selesai"
"2211","Jl. Irigasi Lapangan Pabuaran KM 2 Blok C-2","uploads/cirebon2026/laporan_pabuaran_2210.jpg","-6.8973362","108.6734738","2024-07-29 04:04:19","ditolak"
"2212","Jl. Irigasi Terminal Sumber KM 14 Blok G-98","uploads/cirebon2026/laporan_sumber_2211.jpg","-6.7494989","108.4784769","2025-04-26 14:24:33","diterima"
"2213","Jl. Lingkungan Sawah Pabedilan KM 16 Blok D-67","uploads/cirebon2026/laporan_pabedilan_2212.jpg","-6.9028827","108.8282838","2025-02-05 17:33:46","selesai"
"2214","Jl. Kabupaten Pasar Babakan KM 12 Blok E-13","uploads/cirebon2026/laporan_babakan_2213.jpg","-6.8801827","108.7191126","2026-04-19 17:50:33","diperbaiki"
"2215","Jl. Lingkungan Sentra Batik Depok KM 5 Blok A-20","uploads/cirebon2026/laporan_depok_2214.jpg","-6.7080119","108.4537009","2025-03-12 07:25:22","diterima"
"2216","Jl. Raya Perumahan Panguragan KM 12 Blok B-79","uploads/cirebon2026/laporan_panguragan_2215.jpg","-6.6610368","108.4626059","2026-04-06 03:24:25","diterima"
"2217","Jl. Irigasi SMP Ciledug KM 15 Blok A-68","uploads/cirebon2026/laporan_ciledug_2216.jpg","-6.90635","108.7555545","2026-03-19 12:48:42","selesai"
"2218","Jl. Lingkungan Sawah Gebang KM 3 Blok G-16","uploads/cirebon2026/laporan_gebang_2217.jpg","-6.8303451","108.7250946","2024-07-27 13:55:39","selesai"
"2219","Jl. Irigasi Masjid Agung Kapetakan KM 8 Blok G-26","uploads/cirebon2026/laporan_kapetakan_2218.jpg","-6.596256","108.5266024","2024-11-15 00:34:52","diperbaiki"
"2220","Jl. Pertanian Kantor Kecamatan Susukanlebak KM 11 Blok D-37","uploads/cirebon2026/laporan_susukanlebak_2219.jpg","-6.8260743","108.6169943","2025-08-17 22:07:48","diterima"
"2221","Jl. Lingkungan SMA Mundu KM 18 Blok B-59","uploads/cirebon2026/laporan_mundu_2220.jpg","-6.7771736","108.6021943","2025-02-26 04:26:25","diterima"
"2222","Jl. Sekolah Tanggul Beber KM 12 Blok C-34","uploads/cirebon2026/laporan_beber_2221.jpg","-6.7930276","108.5232341","2024-06-02 17:25:43","diperbaiki"
"2223","Jl. Pesisir Masjid Agung Arjawinangun KM 13 Blok A-30","uploads/cirebon2026/laporan_arjawinangun_2222.jpg","-6.6323776","108.4121019","2025-09-30 00:49:16","diterima"
"2224","Jl. Pertanian Lapangan Sedong KM 16 Blok F-79","uploads/cirebon2026/laporan_sedong_2223.jpg","-6.8603368","108.5175122","2024-03-06 09:29:06","diterima"
"2225","Jl. Raya Perumahan Pasaleman KM 6 Blok E-17","uploads/cirebon2026/laporan_pasaleman_2224.jpg","-6.9335776","108.7832807","2025-10-09 12:48:04","diperbaiki"
"2226","Jl. Pasar SMA Depok KM 13 Blok E-68","uploads/cirebon2026/laporan_depok_2225.jpg","-6.7160083","108.4784973","2024-07-13 23:34:47","diperbaiki"
"2227","Jl. Pasar Terminal Kapetakan KM 8 Blok H-97","uploads/cirebon2026/laporan_kapetakan_2226.jpg","-6.6010906","108.5149662","2026-01-13 21:44:29","diterima"
"2228","Jl. Sekolah Sentra Batik Gunungjati KM 14 Blok C-94","uploads/cirebon2026/laporan_gunungjati_2227.jpg","-6.6607154","108.5641732","2024-02-19 18:47:28","diperbaiki"
"2229","Jl. Desa Tambak Susukan KM 3 Blok C-55","uploads/cirebon2026/laporan_susukan_2228.jpg","-6.6322611","108.3975985","2026-03-20 22:57:56","selesai"
"2230","Jl. Kabupaten Sentra Batik Astanajapura KM 15 Blok C-85","uploads/cirebon2026/laporan_astanajapura_2229.jpg","-6.8065723","108.6233867","2024-08-10 07:20:19","ditolak"
"2231","Jl. Lingkungan Perumahan Kaliwedi KM 5 Blok C-29","uploads/cirebon2026/laporan_kaliwedi_2230.jpg","-6.6155334","108.3936829","2025-06-03 08:59:37","selesai"
"2232","Jl. Pesisir Sentra Batik Babakan KM 6 Blok B-39","uploads/cirebon2026/laporan_babakan_2231.jpg","-6.8624255","108.7222665","2024-03-14 17:35:26","diperbaiki"
"2233","Jl. Pesisir Sawah Weru KM 13 Blok H-86","uploads/cirebon2026/laporan_weru_2232.jpg","-6.7089546","108.4901987","2025-12-16 05:52:22","diperbaiki"
"2234","Jl. Raya Tambak Palimanan KM 9 Blok A-91","uploads/cirebon2026/laporan_palimanan_2233.jpg","-6.7039775","108.424426","2025-03-24 08:35:44","ditolak"
"2235","Jl. Penghubung Sawah Talun KM 12 Blok G-66","uploads/cirebon2026/laporan_talun_2234.jpg","-6.7562811","108.5181641","2025-03-27 00:01:12","diperbaiki"
"2236","Jl. Pasar Masjid Agung Tengah Tani KM 16 Blok D-4","uploads/cirebon2026/laporan_tengah_tani_2235.jpg","-6.6980281","108.5329587","2025-10-19 03:42:31","selesai"
"2237","Jl. Desa Makam Sunan Panguragan KM 1 Blok F-60","uploads/cirebon2026/laporan_panguragan_2236.jpg","-6.6564824","108.4594695","2024-01-30 07:36:15","diterima"
"2238","Jl. Pasar Gudang Garam Greged KM 17 Blok H-59","uploads/cirebon2026/laporan_greged_2237.jpg","-6.8068523","108.5509956","2024-04-26 17:29:18","diperbaiki"
"2239","Jl. Irigasi Gudang Garam Susukan KM 3 Blok A-76","uploads/cirebon2026/laporan_susukan_2238.jpg","-6.6141215","108.3778314","2026-01-28 02:23:16","selesai"
"2240","Jl. Raya Masjid Agung Pangenan KM 14 Blok H-22","uploads/cirebon2026/laporan_pangenan_2239.jpg","-6.8021057","108.6757804","2024-10-17 19:31:04","diterima"
"2241","Jl. Pasar Balai Desa Susukan KM 18 Blok C-55","uploads/cirebon2026/laporan_susukan_2240.jpg","-6.6204024","108.3973409","2025-08-15 02:00:36","selesai"
"2242","Jl. Lingkungan Alun-alun Greged KM 1 Blok H-58","uploads/cirebon2026/laporan_greged_2241.jpg","-6.824765","108.5734355","2025-06-19 18:41:31","diperbaiki"
"2243","Jl. Penghubung Balai Desa Pasaleman KM 17 Blok F-53","uploads/cirebon2026/laporan_pasaleman_2242.jpg","-6.9190464","108.7610898","2025-07-29 15:09:50","diterima"
"2244","Jl. Pesisir Lapangan Ciledug KM 5 Blok G-16","uploads/cirebon2026/laporan_ciledug_2243.jpg","-6.8918079","108.7608671","2024-03-04 02:16:49","diperbaiki"
"2245","Jl. Desa Masjid Agung Suranenggala KM 15 Blok E-85","uploads/cirebon2026/laporan_suranenggala_2244.jpg","-6.6333523","108.5201134","2025-02-24 02:34:57","selesai"
"2246","Jl. Pertanian Lapangan Klangenan KM 4 Blok C-15","uploads/cirebon2026/laporan_klangenan_2245.jpg","-6.6979164","108.4454293","2026-01-23 15:13:29","selesai"
"2247","Jl. Pesisir Jembatan Pangenan KM 10 Blok H-21","uploads/cirebon2026/laporan_pangenan_2246.jpg","-6.7967073","108.6874547","2025-11-21 19:05:53","diterima"
"2248","Jl. Kabupaten Pelabuhan Plumbon KM 17 Blok G-19","uploads/cirebon2026/laporan_plumbon_2247.jpg","-6.7046559","108.477188","2025-02-17 06:25:13","diterima"
"2249","Jl. Kabupaten SMA Beber KM 16 Blok D-76","uploads/cirebon2026/laporan_beber_2248.jpg","-6.7977081","108.5284849","2025-12-31 16:41:24","diperbaiki"
"2250","Jl. Kabupaten Tambak Klangenan KM 8 Blok E-30","uploads/cirebon2026/laporan_klangenan_2249.jpg","-6.7122516","108.4504917","2025-05-07 15:34:58","selesai"
"2251","Jl. Lingkungan SMA Plumbon KM 8 Blok F-50","uploads/cirebon2026/laporan_plumbon_2250.jpg","-6.7020051","108.4845478","2026-02-02 14:34:03","selesai"
"2252","Jl. Pertanian Tanggul Sedong KM 16 Blok B-17","uploads/cirebon2026/laporan_sedong_2251.jpg","-6.8733749","108.5277547","2024-08-08 12:16:10","diperbaiki"
"2253","Jl. Raya Sentra Batik Kapetakan KM 7 Blok C-41","uploads/cirebon2026/laporan_kapetakan_2252.jpg","-6.5999699","108.5384658","2024-11-23 09:42:31","diperbaiki"
"2254","Jl. Pesisir Terminal Dukupuntang KM 14 Blok H-78","uploads/cirebon2026/laporan_dukupuntang_2253.jpg","-6.7544879","108.4367276","2025-01-23 23:46:06","diperbaiki"
"2255","Jl. Raya Makam Sunan Gegesik KM 9 Blok H-13","uploads/cirebon2026/laporan_gegesik_2254.jpg","-6.5645165","108.4208292","2024-09-05 16:23:00","selesai"
"2256","Jl. Desa SMP Tengah Tani KM 13 Blok E-47","uploads/cirebon2026/laporan_tengah_tani_2255.jpg","-6.7163098","108.5271417","2024-07-08 04:53:38","ditolak"
"2257","Jl. Lingkungan Makam Sunan Weru KM 6 Blok G-51","uploads/cirebon2026/laporan_weru_2256.jpg","-6.716759","108.4963082","2025-08-31 18:40:46","diterima"
"2258","Jl. Sekolah Tambak Jamblang KM 7 Blok H-33","uploads/cirebon2026/laporan_jamblang_2257.jpg","-6.714731","108.4577744","2024-06-29 07:44:29","diterima"
"2259","Jl. Pasar Masjid Agung Weru KM 15 Blok H-67","uploads/cirebon2026/laporan_weru_2258.jpg","-6.6976028","108.512466","2024-02-19 23:56:02","diterima"
"2260","Jl. Penghubung Stasiun Weru KM 10 Blok D-60","uploads/cirebon2026/laporan_weru_2259.jpg","-6.7054677","108.5006109","2025-02-17 11:02:57","diperbaiki"
"2261","Jl. Pasar Masjid Agung Tengah Tani KM 1 Blok A-88","uploads/cirebon2026/laporan_tengah_tani_2260.jpg","-6.7104607","108.5311623","2025-02-17 17:45:35","selesai"
"2262","Jl. Sekolah SMP Palimanan KM 15 Blok C-73","uploads/cirebon2026/laporan_palimanan_2261.jpg","-6.710644","108.4296882","2025-06-22 04:39:32","diperbaiki"
"2263","Jl. Kabupaten Sawah Arjawinangun KM 17 Blok A-18","uploads/cirebon2026/laporan_arjawinangun_2262.jpg","-6.6371078","108.4085414","2025-08-30 08:09:41","diperbaiki"
"2264","Jl. Pertanian Lapangan Depok KM 8 Blok C-79","uploads/cirebon2026/laporan_depok_2263.jpg","-6.7206419","108.4533856","2026-02-20 21:54:16","diterima"
"2265","Jl. Lingkungan Gudang Garam Susukan KM 9 Blok C-3","uploads/cirebon2026/laporan_susukan_2264.jpg","-6.6368337","108.3763026","2025-07-26 11:21:24","ditolak"
"2266","Jl. Desa Makam Sunan Ciledug KM 15 Blok A-38","uploads/cirebon2026/laporan_ciledug_2265.jpg","-6.9059132","108.7500621","2025-01-24 01:11:22","selesai"
"2267","Jl. Lingkungan Sawah Losari KM 9 Blok E-58","uploads/cirebon2026/laporan_losari_2266.jpg","-6.8597013","108.8005082","2024-02-13 09:35:36","diperbaiki"
"2268","Jl. Raya Puskesmas Arjawinangun KM 3 Blok F-31","uploads/cirebon2026/laporan_arjawinangun_2267.jpg","-6.6432183","108.4033524","2024-03-13 19:56:52","diperbaiki"
"2269","Jl. Kabupaten Alun-alun Susukanlebak KM 4 Blok G-19","uploads/cirebon2026/laporan_susukanlebak_2268.jpg","-6.8215299","108.6041203","2024-04-19 04:31:52","diperbaiki"
"2270","Jl. Irigasi Gudang Garam Karangsembung KM 5 Blok F-30","uploads/cirebon2026/laporan_karangsembung_2269.jpg","-6.8496199","108.6386097","2025-10-30 00:57:48","selesai"
"2271","Jl. Pasar Terminal Plumbon KM 7 Blok B-76","uploads/cirebon2026/laporan_plumbon_2270.jpg","-6.6981717","108.4677666","2025-07-03 13:42:33","selesai"
"2272","Jl. Penghubung Sentra Batik Pangenan KM 6 Blok H-47","uploads/cirebon2026/laporan_pangenan_2271.jpg","-6.8007992","108.6853761","2024-04-16 22:21:50","selesai"
"2273","Jl. Irigasi Tambak Gempol KM 17 Blok B-42","uploads/cirebon2026/laporan_gempol_2272.jpg","-6.7101158","108.3699972","2024-02-09 17:16:27","selesai"
"2274","Jl. Desa Stasiun Kedawung KM 7 Blok E-79","uploads/cirebon2026/laporan_kedawung_2273.jpg","-6.7302632","108.5316342","2026-02-18 16:38:02","diterima"
"2275","Jl. Pesisir Gudang Garam Gebang KM 10 Blok H-2","uploads/cirebon2026/laporan_gebang_2274.jpg","-6.8421732","108.7173889","2024-01-25 14:26:19","diterima"
"2276","Jl. Raya Stasiun Susukan KM 1 Blok H-61","uploads/cirebon2026/laporan_susukan_2275.jpg","-6.6152823","108.4020528","2024-06-05 19:50:08","diterima"
"2277","Jl. Pesisir Sawah Kaliwedi KM 1 Blok D-31","uploads/cirebon2026/laporan_kaliwedi_2276.jpg","-6.6146243","108.3969902","2025-12-11 14:05:42","diperbaiki"
"2278","Jl. Sekolah Lapangan Klangenan KM 15 Blok A-94","uploads/cirebon2026/laporan_klangenan_2277.jpg","-6.6995713","108.4418373","2024-03-21 19:47:01","diterima"
"2279","Jl. Irigasi Alun-alun Weru KM 16 Blok D-25","uploads/cirebon2026/laporan_weru_2278.jpg","-6.6958436","108.5105133","2024-05-25 23:10:22","ditolak"
"2280","Jl. Pesisir SMP Gebang KM 1 Blok A-4","uploads/cirebon2026/laporan_gebang_2279.jpg","-6.8503618","108.7306801","2024-04-22 08:51:34","ditolak"
"2281","Jl. Lingkungan Balai Desa Suranenggala KM 8 Blok A-65","uploads/cirebon2026/laporan_suranenggala_2280.jpg","-6.6423763","108.5155191","2026-02-26 23:25:27","selesai"
"2282","Jl. Raya Gudang Garam Arjawinangun KM 6 Blok D-42","uploads/cirebon2026/laporan_arjawinangun_2281.jpg","-6.6521603","108.4149966","2025-07-14 23:41:50","ditolak"
"2283","Jl. Pertanian Jembatan Waled KM 11 Blok C-5","uploads/cirebon2026/laporan_waled_2282.jpg","-6.9075357","108.6448189","2026-01-17 15:12:08","diterima"
"2284","Jl. Lingkungan Stasiun Greged KM 8 Blok C-10","uploads/cirebon2026/laporan_greged_2283.jpg","-6.8196226","108.5548692","2025-07-29 16:27:46","selesai"
"2285","Jl. Irigasi Tanggul Palimanan KM 7 Blok C-83","uploads/cirebon2026/laporan_palimanan_2284.jpg","-6.6971809","108.4210123","2024-01-25 09:15:33","diterima"
"2286","Jl. Pasar Terminal Jamblang KM 10 Blok C-84","uploads/cirebon2026/laporan_jamblang_2285.jpg","-6.6977105","108.4696418","2024-01-29 14:53:38","diterima"
"2287","Jl. Irigasi Kantor Kecamatan Kedawung KM 12 Blok A-75","uploads/cirebon2026/laporan_kedawung_2286.jpg","-6.7306768","108.5326738","2024-07-20 13:05:00","diterima"
"2288","Jl. Pesisir Stasiun Karangsembung KM 7 Blok H-70","uploads/cirebon2026/laporan_karangsembung_2287.jpg","-6.8571236","108.6445539","2024-05-08 19:41:36","diterima"
"2289","Jl. Sekolah Pelabuhan Babakan KM 18 Blok D-17","uploads/cirebon2026/laporan_babakan_2288.jpg","-6.8750316","108.7251086","2025-01-14 06:11:08","diperbaiki"
"2290","Jl. Pertanian SMP Tengah Tani KM 18 Blok B-4","uploads/cirebon2026/laporan_tengah_tani_2289.jpg","-6.7001315","108.532787","2025-08-27 18:43:52","selesai"
"2291","Jl. Penghubung Kantor Kecamatan Ciwaringin KM 3 Blok H-74","uploads/cirebon2026/laporan_ciwaringin_2290.jpg","-6.7150797","108.3962401","2025-12-26 13:42:51","selesai"
"2292","Jl. Sekolah Perumahan Pasaleman KM 9 Blok G-9","uploads/cirebon2026/laporan_pasaleman_2291.jpg","-6.9294432","108.766624","2026-03-22 10:53:14","diterima"
"2293","Jl. Desa Terminal Talun KM 14 Blok A-86","uploads/cirebon2026/laporan_talun_2292.jpg","-6.7555344","108.5191025","2026-03-05 18:25:00","diterima"
"2294","Jl. Desa Pasar Karangsembung KM 15 Blok C-95","uploads/cirebon2026/laporan_karangsembung_2293.jpg","-6.8402764","108.629718","2026-01-05 17:16:50","ditolak"
"2295","Jl. Irigasi Gudang Garam Babakan KM 6 Blok D-25","uploads/cirebon2026/laporan_babakan_2294.jpg","-6.8836587","108.7270726","2025-10-11 05:44:09","diterima"
"2296","Jl. Sekolah Stasiun Depok KM 9 Blok H-42","uploads/cirebon2026/laporan_depok_2295.jpg","-6.7100938","108.4575068","2024-09-06 06:52:03","diperbaiki"
"2297","Jl. Sekolah Masjid Agung Sedong KM 18 Blok F-25","uploads/cirebon2026/laporan_sedong_2296.jpg","-6.8699162","108.5280342","2025-10-25 21:33:40","diterima"
"2298","Jl. Desa SMA Suranenggala KM 10 Blok F-91","uploads/cirebon2026/laporan_suranenggala_2297.jpg","-6.6469443","108.5074845","2024-07-24 01:30:52","selesai"
"2299","Jl. Desa Terminal Plered KM 3 Blok A-19","uploads/cirebon2026/laporan_plered_2298.jpg","-6.7030759","108.5130368","2025-12-07 08:18:21","diterima"
"2300","Jl. Sekolah SMP Susukanlebak KM 3 Blok E-26","uploads/cirebon2026/laporan_susukanlebak_2299.jpg","-6.8241779","108.6061298","2025-04-29 01:32:52","diterima"
"2301","Jl. Pesisir SMP Ciwaringin KM 8 Blok A-44","uploads/cirebon2026/laporan_ciwaringin_2300.jpg","-6.6952336","108.3948633","2026-02-20 20:17:23","ditolak"
"2302","Jl. Penghubung Puskesmas Waled KM 11 Blok B-9","uploads/cirebon2026/laporan_waled_2301.jpg","-6.906428","108.6376633","2024-04-01 10:46:08","selesai"
"2303","Jl. Kabupaten Stasiun Susukanlebak KM 12 Blok F-95","uploads/cirebon2026/laporan_susukanlebak_2302.jpg","-6.8287051","108.606876","2024-09-12 07:38:30","diperbaiki"
"2304","Jl. Irigasi Pelabuhan Ciledug KM 4 Blok A-84","uploads/cirebon2026/laporan_ciledug_2303.jpg","-6.9120457","108.7604415","2025-06-22 19:40:02","diperbaiki"
"2305","Jl. Raya Kantor Kecamatan Gunungjati KM 14 Blok C-79","uploads/cirebon2026/laporan_gunungjati_2304.jpg","-6.6782085","108.5409577","2024-10-31 13:11:25","selesai"
"2306","Jl. Pesisir Tambak Kaliwedi KM 1 Blok E-9","uploads/cirebon2026/laporan_kaliwedi_2305.jpg","-6.6208598","108.3823886","2025-04-28 07:47:29","diperbaiki"
"2307","Jl. Kabupaten Kantor Kecamatan Kapetakan KM 3 Blok E-58","uploads/cirebon2026/laporan_kapetakan_2306.jpg","-6.593413","108.5181561","2024-12-01 20:16:19","selesai"
"2308","Jl. Pertanian Gudang Garam Plered KM 18 Blok B-42","uploads/cirebon2026/laporan_plered_2307.jpg","-6.7010895","108.4951952","2024-03-13 18:37:07","diterima"
"2309","Jl. Pasar Alun-alun Plered KM 11 Blok H-62","uploads/cirebon2026/laporan_plered_2308.jpg","-6.6933437","108.5032244","2025-01-04 02:23:21","ditolak"
"2310","Jl. Penghubung Jembatan Beber KM 15 Blok B-76","uploads/cirebon2026/laporan_beber_2309.jpg","-6.8047472","108.5205945","2025-08-04 23:05:37","selesai"
"2311","Jl. Pesisir Sentra Batik Palimanan KM 12 Blok G-77","uploads/cirebon2026/laporan_palimanan_2310.jpg","-6.7094537","108.4385497","2025-05-10 02:43:32","diterima"
"2312","Jl. Irigasi Balai Desa Babakan KM 4 Blok E-26","uploads/cirebon2026/laporan_babakan_2311.jpg","-6.8793351","108.7170153","2025-02-25 07:02:18","diperbaiki"
"2313","Jl. Kabupaten Jembatan Dukupuntang KM 15 Blok B-4","uploads/cirebon2026/laporan_dukupuntang_2312.jpg","-6.7581281","108.4256122","2024-03-06 16:07:12","diperbaiki"
"2314","Jl. Kabupaten Alun-alun Sumber KM 6 Blok G-75","uploads/cirebon2026/laporan_sumber_2313.jpg","-6.7505828","108.4945084","2024-10-03 13:05:57","ditolak"
"2315","Jl. Pasar Lapangan Ciwaringin KM 7 Blok A-17","uploads/cirebon2026/laporan_ciwaringin_2314.jpg","-6.713853","108.3862471","2025-07-18 20:42:51","selesai"
"2316","Jl. Pesisir Terminal Waled KM 13 Blok F-75","uploads/cirebon2026/laporan_waled_2315.jpg","-6.9164523","108.6444202","2024-07-18 02:45:06","diperbaiki"
"2317","Jl. Pesisir Perumahan Babakan KM 11 Blok B-53","uploads/cirebon2026/laporan_babakan_2316.jpg","-6.8715797","108.7059456","2024-07-12 12:41:28","selesai"
"2318","Jl. Pesisir Alun-alun Karangsembung KM 12 Blok E-59","uploads/cirebon2026/laporan_karangsembung_2317.jpg","-6.8598424","108.6536474","2025-10-22 15:29:32","diperbaiki"
"2319","Jl. Pesisir Pasar Dukupuntang KM 7 Blok C-67","uploads/cirebon2026/laporan_dukupuntang_2318.jpg","-6.7559998","108.424307","2024-12-05 09:46:11","selesai"
"2320","Jl. Raya Kantor Kecamatan Waled KM 7 Blok C-27","uploads/cirebon2026/laporan_waled_2319.jpg","-6.9103986","108.6429793","2025-01-26 16:57:16","diperbaiki"
"2321","Jl. Irigasi Jembatan Panguragan KM 8 Blok A-16","uploads/cirebon2026/laporan_panguragan_2320.jpg","-6.6466065","108.4533519","2024-10-12 02:52:23","diterima"
"2322","Jl. Kabupaten Tambak Palimanan KM 7 Blok E-16","uploads/cirebon2026/laporan_palimanan_2321.jpg","-6.7065555","108.4262144","2026-01-10 12:48:13","diperbaiki"
"2323","Jl. Pasar Gudang Garam Sumber KM 17 Blok E-77","uploads/cirebon2026/laporan_sumber_2322.jpg","-6.7595894","108.4883421","2025-03-19 05:09:48","diperbaiki"
"2324","Jl. Irigasi Makam Sunan Pangenan KM 16 Blok C-3","uploads/cirebon2026/laporan_pangenan_2323.jpg","-6.8130399","108.6795851","2024-01-11 01:56:54","selesai"
"2325","Jl. Penghubung Masjid Agung Ciledug KM 1 Blok H-8","uploads/cirebon2026/laporan_ciledug_2324.jpg","-6.9017885","108.7452805","2025-04-04 22:03:53","diterima"
"2326","Jl. Kabupaten Gudang Garam Waled KM 6 Blok A-16","uploads/cirebon2026/laporan_waled_2325.jpg","-6.9108481","108.6394584","2025-01-17 13:30:51","selesai"
"2327","Jl. Desa Tanggul Jamblang KM 10 Blok H-59","uploads/cirebon2026/laporan_jamblang_2326.jpg","-6.7102518","108.4634856","2024-06-30 23:15:58","ditolak"
"2328","Jl. Kabupaten Pasar Plered KM 13 Blok B-61","uploads/cirebon2026/laporan_plered_2327.jpg","-6.6895136","108.5062017","2026-01-25 10:16:33","diterima"
"2329","Jl. Pertanian Sawah Suranenggala KM 4 Blok A-19","uploads/cirebon2026/laporan_suranenggala_2328.jpg","-6.6470633","108.5025192","2025-06-15 01:56:27","diterima"
"2330","Jl. Irigasi Pasar Babakan KM 12 Blok G-10","uploads/cirebon2026/laporan_babakan_2329.jpg","-6.8653396","108.7099403","2025-07-07 07:13:04","ditolak"
"2331","Jl. Kabupaten Balai Desa Gempol KM 12 Blok F-98","uploads/cirebon2026/laporan_gempol_2330.jpg","-6.7064928","108.3793613","2024-05-23 17:47:13","selesai"
"2332","Jl. Pasar Lapangan Beber KM 13 Blok E-74","uploads/cirebon2026/laporan_beber_2331.jpg","-6.7972548","108.523398","2025-01-15 17:00:19","diterima"
"2333","Jl. Pesisir Sentra Batik Gegesik KM 1 Blok A-73","uploads/cirebon2026/laporan_gegesik_2332.jpg","-6.5685086","108.4180845","2025-03-23 15:08:15","selesai"
"2334","Jl. Pasar Puskesmas Sumber KM 4 Blok E-1","uploads/cirebon2026/laporan_sumber_2333.jpg","-6.7701145","108.4843382","2026-03-19 08:18:06","selesai"
"2335","Jl. Raya Pasar Kaliwedi KM 14 Blok H-75","uploads/cirebon2026/laporan_kaliwedi_2334.jpg","-6.6134083","108.3759692","2025-08-12 05:16:00","selesai"
"2336","Jl. Pesisir Tanggul Babakan KM 8 Blok A-54","uploads/cirebon2026/laporan_babakan_2335.jpg","-6.8711158","108.7160885","2024-02-12 16:56:26","diterima"
"2337","Jl. Kabupaten Tambak Palimanan KM 11 Blok H-3","uploads/cirebon2026/laporan_palimanan_2336.jpg","-6.71029","108.4131271","2026-01-05 07:14:30","diterima"
"2338","Jl. Penghubung Kantor Kecamatan Mundu KM 16 Blok H-87","uploads/cirebon2026/laporan_mundu_2337.jpg","-6.7744696","108.6236541","2024-07-20 08:11:11","selesai"
"2339","Jl. Kabupaten Puskesmas Babakan KM 2 Blok E-64","uploads/cirebon2026/laporan_babakan_2338.jpg","-6.8676886","108.7104064","2026-03-29 10:17:08","diperbaiki"
"2340","Jl. Irigasi Balai Desa Sedong KM 2 Blok B-19","uploads/cirebon2026/laporan_sedong_2339.jpg","-6.8561593","108.5386594","2025-11-14 05:03:19","diperbaiki"
"2341","Jl. Desa Sentra Batik Plumbon KM 3 Blok F-16","uploads/cirebon2026/laporan_plumbon_2340.jpg","-6.7127059","108.4746244","2026-03-14 12:07:42","diterima"
"2342","Jl. Irigasi Sentra Batik Sedong KM 8 Blok F-22","uploads/cirebon2026/laporan_sedong_2341.jpg","-6.8625186","108.5419808","2025-11-04 12:12:58","selesai"
"2343","Jl. Sekolah SMA Jamblang KM 3 Blok G-88","uploads/cirebon2026/laporan_jamblang_2342.jpg","-6.6987223","108.4576846","2024-07-18 01:30:56","diperbaiki"
"2344","Jl. Pertanian SMA Pasaleman KM 16 Blok E-71","uploads/cirebon2026/laporan_pasaleman_2343.jpg","-6.9200351","108.7680889","2025-01-04 17:01:46","selesai"
"2345","Jl. Irigasi Gudang Garam Depok KM 18 Blok E-87","uploads/cirebon2026/laporan_depok_2344.jpg","-6.727752","108.4553127","2024-03-03 05:21:45","diperbaiki"
"2346","Jl. Lingkungan Terminal Losari KM 10 Blok D-38","uploads/cirebon2026/laporan_losari_2345.jpg","-6.8425226","108.8151363","2026-04-03 01:45:17","diterima"
"2347","Jl. Sekolah Sawah Gegesik KM 15 Blok E-32","uploads/cirebon2026/laporan_gegesik_2346.jpg","-6.5654764","108.4117434","2025-02-22 16:39:33","ditolak"
"2348","Jl. Sekolah Sentra Batik Pangenan KM 14 Blok C-15","uploads/cirebon2026/laporan_pangenan_2347.jpg","-6.8079454","108.6926551","2024-07-11 22:41:50","selesai"
"2349","Jl. Raya Tambak Kedawung KM 9 Blok G-41","uploads/cirebon2026/laporan_kedawung_2348.jpg","-6.7331833","108.5454396","2024-06-13 21:52:31","diperbaiki"
"2350","Jl. Penghubung Kantor Kecamatan Suranenggala KM 14 Blok F-11","uploads/cirebon2026/laporan_suranenggala_2349.jpg","-6.6512313","108.5071831","2025-07-17 19:38:14","diterima"
"2351","Jl. Lingkungan Makam Sunan Kedawung KM 10 Blok B-52","uploads/cirebon2026/laporan_kedawung_2350.jpg","-6.7278932","108.535405","2025-07-10 20:03:08","selesai"
"2352","Jl. Sekolah Stasiun Palimanan KM 3 Blok H-58","uploads/cirebon2026/laporan_palimanan_2351.jpg","-6.7134047","108.4328958","2026-03-18 05:19:26","selesai"
"2353","Jl. Pesisir Lapangan Karangwareng KM 16 Blok H-56","uploads/cirebon2026/laporan_karangwareng_2352.jpg","-6.8540301","108.5940149","2025-06-29 14:18:58","diterima"
"2354","Jl. Pasar Pelabuhan Panguragan KM 2 Blok D-9","uploads/cirebon2026/laporan_panguragan_2353.jpg","-6.6415285","108.4728068","2024-07-24 01:12:24","diterima"
"2355","Jl. Lingkungan Gudang Garam Depok KM 17 Blok G-34","uploads/cirebon2026/laporan_depok_2354.jpg","-6.7092285","108.4623961","2024-07-30 10:17:56","selesai"
"2356","Jl. Penghubung Masjid Agung Ciwaringin KM 10 Blok F-56","uploads/cirebon2026/laporan_ciwaringin_2355.jpg","-6.694915","108.3852877","2024-12-10 19:16:24","diterima"
"2357","Jl. Sekolah Makam Sunan Kapetakan KM 11 Blok B-71","uploads/cirebon2026/laporan_kapetakan_2356.jpg","-6.5937599","108.5383687","2025-12-25 00:57:42","diterima"
"2358","Jl. Kabupaten Kantor Kecamatan Mundu KM 18 Blok F-29","uploads/cirebon2026/laporan_mundu_2357.jpg","-6.7628422","108.6146417","2024-09-06 12:49:55","ditolak"
"2359","Jl. Raya Sentra Batik Kedawung KM 9 Blok G-27","uploads/cirebon2026/laporan_kedawung_2358.jpg","-6.7314652","108.5531961","2025-04-08 07:09:57","diperbaiki"
"2360","Jl. Lingkungan Puskesmas Pabedilan KM 2 Blok C-61","uploads/cirebon2026/laporan_pabedilan_2359.jpg","-6.8970121","108.8222627","2025-07-18 02:42:38","diterima"
"2361","Jl. Desa Masjid Agung Lemahabang KM 2 Blok F-99","uploads/cirebon2026/laporan_lemahabang_2360.jpg","-6.8153097","108.6368802","2025-05-08 07:59:27","selesai"
"2362","Jl. Raya SMP Kaliwedi KM 9 Blok D-53","uploads/cirebon2026/laporan_kaliwedi_2361.jpg","-6.6099121","108.372485","2025-05-04 02:57:01","selesai"
"2363","Jl. Pertanian Alun-alun Kaliwedi KM 1 Blok A-92","uploads/cirebon2026/laporan_kaliwedi_2362.jpg","-6.6084454","108.3756007","2025-09-03 20:49:51","ditolak"
"2364","Jl. Pasar Tanggul Plumbon KM 8 Blok H-76","uploads/cirebon2026/laporan_plumbon_2363.jpg","-6.7123151","108.49327","2025-09-11 11:32:23","diterima"
"2365","Jl. Pesisir Sawah Susukan KM 9 Blok F-68","uploads/cirebon2026/laporan_susukan_2364.jpg","-6.6319225","108.3909058","2025-08-03 19:47:37","diterima"
"2366","Jl. Desa Tanggul Sedong KM 8 Blok C-74","uploads/cirebon2026/laporan_sedong_2365.jpg","-6.8613331","108.5228349","2024-09-13 01:26:58","selesai"
"2367","Jl. Kabupaten Jembatan Lemahabang KM 18 Blok C-46","uploads/cirebon2026/laporan_lemahabang_2366.jpg","-6.8180436","108.6376747","2026-01-12 01:56:03","diperbaiki"
"2368","Jl. Raya Balai Desa Kapetakan KM 15 Blok A-51","uploads/cirebon2026/laporan_kapetakan_2367.jpg","-6.6113548","108.5126495","2024-10-18 19:33:08","diterima"
"2369","Jl. Desa Terminal Susukanlebak KM 18 Blok B-83","uploads/cirebon2026/laporan_susukanlebak_2368.jpg","-6.8257549","108.5985962","2024-07-12 08:40:28","diterima"
"2370","Jl. Irigasi Tambak Suranenggala KM 14 Blok C-40","uploads/cirebon2026/laporan_suranenggala_2369.jpg","-6.6496174","108.5048049","2024-04-05 01:33:20","selesai"
"2371","Jl. Desa Pasar Kaliwedi KM 12 Blok D-98","uploads/cirebon2026/laporan_kaliwedi_2370.jpg","-6.6033182","108.3908642","2025-01-07 21:24:38","diterima"
"2372","Jl. Kabupaten SMA Plumbon KM 14 Blok F-11","uploads/cirebon2026/laporan_plumbon_2371.jpg","-6.7112269","108.4814737","2025-10-25 04:05:05","selesai"
"2373","Jl. Lingkungan SMA Sumber KM 13 Blok D-94","uploads/cirebon2026/laporan_sumber_2372.jpg","-6.7700661","108.4750076","2024-08-06 23:20:55","diterima"
"2374","Jl. Desa Perumahan Ciwaringin KM 1 Blok C-12","uploads/cirebon2026/laporan_ciwaringin_2373.jpg","-6.7033627","108.3931439","2026-04-10 06:56:28","diperbaiki"
"2375","Jl. Sekolah Kantor Kecamatan Sumber KM 10 Blok E-52","uploads/cirebon2026/laporan_sumber_2374.jpg","-6.7494852","108.4851448","2025-04-29 06:31:45","diterima"
"2376","Jl. Lingkungan Tanggul Jamblang KM 2 Blok D-8","uploads/cirebon2026/laporan_jamblang_2375.jpg","-6.6963034","108.4474077","2025-04-18 17:29:31","diperbaiki"
"2377","Jl. Pertanian Kantor Kecamatan Sedong KM 2 Blok A-96","uploads/cirebon2026/laporan_sedong_2376.jpg","-6.876859","108.5274233","2025-12-01 11:08:54","diterima"
"2378","Jl. Sekolah Pelabuhan Weru KM 2 Blok A-92","uploads/cirebon2026/laporan_weru_2377.jpg","-6.7043149","108.5121898","2024-01-17 14:02:17","diperbaiki"
"2379","Jl. Pesisir Alun-alun Arjawinangun KM 8 Blok D-22","uploads/cirebon2026/laporan_arjawinangun_2378.jpg","-6.6493608","108.4208096","2024-11-17 15:04:18","diterima"
"2380","Jl. Lingkungan SMA Pabuaran KM 1 Blok D-23","uploads/cirebon2026/laporan_pabuaran_2379.jpg","-6.8910955","108.6852643","2024-05-07 19:08:44","diterima"
"2381","Jl. Irigasi Sentra Batik Mundu KM 11 Blok F-2","uploads/cirebon2026/laporan_mundu_2380.jpg","-6.7648198","108.6236673","2025-09-30 17:57:05","diterima"
"2382","Jl. Desa Masjid Agung Arjawinangun KM 4 Blok C-38","uploads/cirebon2026/laporan_arjawinangun_2381.jpg","-6.6323295","108.4261862","2024-05-13 09:34:32","selesai"
"2383","Jl. Desa Puskesmas Karangwareng KM 17 Blok G-36","uploads/cirebon2026/laporan_karangwareng_2382.jpg","-6.8613294","108.584054","2024-11-02 04:08:07","selesai"
"2384","Jl. Penghubung SMA Tengah Tani KM 5 Blok F-17","uploads/cirebon2026/laporan_tengah_tani_2383.jpg","-6.709798","108.5247076","2025-06-18 18:01:55","selesai"
"2385","Jl. Kabupaten Tambak Gebang KM 4 Blok A-53","uploads/cirebon2026/laporan_gebang_2384.jpg","-6.8389358","108.7157382","2025-08-23 17:40:19","diterima"
"2386","Jl. Pesisir Balai Desa Kaliwedi KM 2 Blok D-52","uploads/cirebon2026/laporan_kaliwedi_2385.jpg","-6.5970022","108.3854105","2025-12-21 15:08:14","selesai"
"2387","Jl. Desa Makam Sunan Gebang KM 2 Blok F-40","uploads/cirebon2026/laporan_gebang_2386.jpg","-6.8396075","108.7344703","2024-03-30 14:38:14","selesai"
"2388","Jl. Lingkungan Kantor Kecamatan Gempol KM 7 Blok A-90","uploads/cirebon2026/laporan_gempol_2387.jpg","-6.7290219","108.3780527","2025-12-23 13:23:53","diperbaiki"
"2389","Jl. Pesisir Stasiun Ciledug KM 14 Blok A-17","uploads/cirebon2026/laporan_ciledug_2388.jpg","-6.8920796","108.7676819","2024-03-26 00:20:36","ditolak"
"2390","Jl. Penghubung Sentra Batik Gempol KM 12 Blok A-31","uploads/cirebon2026/laporan_gempol_2389.jpg","-6.7065782","108.3870311","2026-03-15 01:24:44","selesai"
"2391","Jl. Sekolah Makam Sunan Lemahabang KM 16 Blok F-80","uploads/cirebon2026/laporan_lemahabang_2390.jpg","-6.8250326","108.6168128","2025-04-20 13:03:48","diterima"
"2392","Jl. Lingkungan Jembatan Arjawinangun KM 14 Blok A-49","uploads/cirebon2026/laporan_arjawinangun_2391.jpg","-6.6435622","108.4207061","2024-01-09 22:32:53","diterima"
"2393","Jl. Kabupaten SMP Klangenan KM 5 Blok D-96","uploads/cirebon2026/laporan_klangenan_2392.jpg","-6.716114","108.4407008","2025-04-11 04:28:59","diperbaiki"
"2394","Jl. Pertanian Kantor Kecamatan Arjawinangun KM 9 Blok H-73","uploads/cirebon2026/laporan_arjawinangun_2393.jpg","-6.6339742","108.4082789","2025-05-02 15:15:23","diterima"
"2395","Jl. Pesisir Puskesmas Pabedilan KM 18 Blok C-1","uploads/cirebon2026/laporan_pabedilan_2394.jpg","-6.9003489","108.8056514","2025-02-21 15:51:06","selesai"
"2396","Jl. Irigasi Pelabuhan Mundu KM 2 Blok C-83","uploads/cirebon2026/laporan_mundu_2395.jpg","-6.7699989","108.6001117","2025-10-20 04:21:20","diperbaiki"
"2397","Jl. Penghubung Pelabuhan Pabedilan KM 11 Blok A-26","uploads/cirebon2026/laporan_pabedilan_2396.jpg","-6.9111392","108.8139687","2025-11-12 16:45:33","diperbaiki"
"2398","Jl. Pasar Lapangan Panguragan KM 15 Blok C-32","uploads/cirebon2026/laporan_panguragan_2397.jpg","-6.6535928","108.4596726","2026-04-04 10:01:14","diterima"
"2399","Jl. Irigasi Jembatan Panguragan KM 15 Blok E-96","uploads/cirebon2026/laporan_panguragan_2398.jpg","-6.6430702","108.4468932","2024-04-27 11:11:37","diperbaiki"
"2400","Jl. Pasar Terminal Plumbon KM 17 Blok B-5","uploads/cirebon2026/laporan_plumbon_2399.jpg","-6.6967985","108.4935815","2025-11-26 11:57:25","ditolak"
"2401","Jl. Penghubung Perumahan Gegesik KM 6 Blok G-69","uploads/cirebon2026/laporan_gegesik_2400.jpg","-6.5840868","108.4172473","2025-10-17 18:00:23","selesai"
"2402","Jl. Kabupaten Tambak Dukupuntang KM 3 Blok H-28","uploads/cirebon2026/laporan_dukupuntang_2401.jpg","-6.764339","108.4346032","2024-08-23 22:55:44","selesai"
"2403","Jl. Desa Puskesmas Ciledug KM 3 Blok B-19","uploads/cirebon2026/laporan_ciledug_2402.jpg","-6.8989958","108.765701","2026-03-02 17:34:00","ditolak"
"2404","Jl. Desa Stasiun Beber KM 4 Blok E-3","uploads/cirebon2026/laporan_beber_2403.jpg","-6.796666","108.5255217","2025-03-22 21:48:41","diterima"
"2405","Jl. Penghubung SMP Pabuaran KM 9 Blok D-37","uploads/cirebon2026/laporan_pabuaran_2404.jpg","-6.9013331","108.6953353","2025-11-23 06:05:11","diterima"
"2406","Jl. Raya Masjid Agung Susukan KM 3 Blok C-73","uploads/cirebon2026/laporan_susukan_2405.jpg","-6.624982","108.3896591","2026-03-09 22:33:34","diterima"
"2407","Jl. Pertanian Pelabuhan Pangenan KM 4 Blok F-43","uploads/cirebon2026/laporan_pangenan_2406.jpg","-6.8125374","108.698439","2025-09-08 07:45:37","diperbaiki"
"2408","Jl. Desa Perumahan Astanajapura KM 1 Blok F-16","uploads/cirebon2026/laporan_astanajapura_2407.jpg","-6.8018043","108.6180251","2024-06-15 18:22:12","diperbaiki"
"2409","Jl. Pesisir SMP Karangwareng KM 3 Blok C-84","uploads/cirebon2026/laporan_karangwareng_2408.jpg","-6.858952","108.5906244","2025-07-04 17:15:06","diterima"
"2410","Jl. Pesisir Alun-alun Jamblang KM 13 Blok C-83","uploads/cirebon2026/laporan_jamblang_2409.jpg","-6.6968878","108.4709625","2025-06-08 11:13:29","diperbaiki"
"2411","Jl. Lingkungan Tanggul Pangenan KM 3 Blok D-62","uploads/cirebon2026/laporan_pangenan_2410.jpg","-6.7942771","108.6902131","2025-12-24 17:47:02","diperbaiki"
"2412","Jl. Irigasi Masjid Agung Sedong KM 10 Blok E-36","uploads/cirebon2026/laporan_sedong_2411.jpg","-6.8655389","108.5317352","2025-08-06 23:15:07","diperbaiki"
"2413","Jl. Kabupaten SMP Tengah Tani KM 13 Blok A-14","uploads/cirebon2026/laporan_tengah_tani_2412.jpg","-6.7083395","108.5333366","2024-04-23 08:13:03","diterima"
"2414","Jl. Penghubung Terminal Plumbon KM 16 Blok F-39","uploads/cirebon2026/laporan_plumbon_2413.jpg","-6.7138842","108.4785358","2024-05-30 02:47:55","diterima"
"2415","Jl. Lingkungan Gudang Garam Ciwaringin KM 18 Blok F-65","uploads/cirebon2026/laporan_ciwaringin_2414.jpg","-6.6995987","108.4040051","2026-03-16 11:31:33","diperbaiki"
"2416","Jl. Raya Terminal Arjawinangun KM 17 Blok A-77","uploads/cirebon2026/laporan_arjawinangun_2415.jpg","-6.6437252","108.4271238","2025-11-20 05:23:40","selesai"
"2417","Jl. Penghubung Lapangan Susukan KM 5 Blok E-91","uploads/cirebon2026/laporan_susukan_2416.jpg","-6.6238442","108.3893292","2025-08-23 23:01:30","selesai"
"2418","Jl. Penghubung Makam Sunan Kedawung KM 18 Blok G-7","uploads/cirebon2026/laporan_kedawung_2417.jpg","-6.7341829","108.536826","2024-07-24 08:16:38","diterima"
"2419","Jl. Pertanian Sentra Batik Susukanlebak KM 7 Blok H-67","uploads/cirebon2026/laporan_susukanlebak_2418.jpg","-6.8314887","108.6094571","2026-01-12 10:54:37","diperbaiki"
"2420","Jl. Pesisir Tanggul Depok KM 5 Blok D-81","uploads/cirebon2026/laporan_depok_2419.jpg","-6.7209855","108.4736225","2026-01-06 16:21:09","diperbaiki"
"2421","Jl. Pasar Puskesmas Panguragan KM 13 Blok D-21","uploads/cirebon2026/laporan_panguragan_2420.jpg","-6.6552453","108.4609698","2024-10-19 12:05:46","selesai"
"2422","Jl. Pertanian Puskesmas Pasaleman KM 2 Blok B-68","uploads/cirebon2026/laporan_pasaleman_2421.jpg","-6.9284613","108.7792833","2026-01-02 22:50:18","diterima"
"2423","Jl. Kabupaten Pasar Karangsembung KM 11 Blok B-80","uploads/cirebon2026/laporan_karangsembung_2422.jpg","-6.8451651","108.6408887","2024-09-29 11:38:15","diperbaiki"
"2424","Jl. Pasar Stasiun Pabedilan KM 2 Blok B-55","uploads/cirebon2026/laporan_pabedilan_2423.jpg","-6.9124091","108.8260786","2025-10-09 11:57:30","ditolak"
"2425","Jl. Irigasi Balai Desa Jamblang KM 7 Blok A-21","uploads/cirebon2026/laporan_jamblang_2424.jpg","-6.6963833","108.4460389","2024-05-01 04:42:14","ditolak"
"2426","Jl. Kabupaten Sentra Batik Gunungjati KM 9 Blok F-28","uploads/cirebon2026/laporan_gunungjati_2425.jpg","-6.667984","108.5407328","2024-12-02 19:41:59","diperbaiki"
"2427","Jl. Sekolah Sentra Batik Gebang KM 13 Blok D-4","uploads/cirebon2026/laporan_gebang_2426.jpg","-6.8455859","108.7180007","2024-01-28 19:22:45","diterima"
"2428","Jl. Desa Perumahan Depok KM 10 Blok A-86","uploads/cirebon2026/laporan_depok_2427.jpg","-6.7286636","108.4522742","2026-02-11 05:04:01","diperbaiki"
"2429","Jl. Lingkungan Puskesmas Kapetakan KM 5 Blok H-30","uploads/cirebon2026/laporan_kapetakan_2428.jpg","-6.6033311","108.5138253","2025-03-14 07:03:45","diterima"
"2430","Jl. Raya Sentra Batik Karangsembung KM 9 Blok H-38","uploads/cirebon2026/laporan_karangsembung_2429.jpg","-6.8587509","108.6486749","2024-06-14 04:50:36","selesai"
"2431","Jl. Penghubung Lapangan Sumber KM 1 Blok E-62","uploads/cirebon2026/laporan_sumber_2430.jpg","-6.7499642","108.4889268","2024-12-22 04:11:20","diterima"
"2432","Jl. Irigasi Tambak Talun KM 7 Blok B-12","uploads/cirebon2026/laporan_talun_2431.jpg","-6.7539617","108.5175754","2024-12-27 21:42:41","diperbaiki"
"2433","Jl. Desa Lapangan Gunungjati KM 2 Blok C-79","uploads/cirebon2026/laporan_gunungjati_2432.jpg","-6.6740778","108.5440366","2026-04-07 03:14:46","selesai"
"2434","Jl. Kabupaten SMP Sumber KM 14 Blok F-63","uploads/cirebon2026/laporan_sumber_2433.jpg","-6.7564595","108.4811506","2025-01-11 16:17:17","selesai"
"2435","Jl. Raya Sentra Batik Karangsembung KM 10 Blok G-87","uploads/cirebon2026/laporan_karangsembung_2434.jpg","-6.843041","108.6345485","2024-04-03 07:57:15","diperbaiki"
"2436","Jl. Pertanian SMP Talun KM 7 Blok H-66","uploads/cirebon2026/laporan_talun_2435.jpg","-6.7604797","108.5248151","2025-09-05 05:41:34","selesai"
"2437","Jl. Pesisir Lapangan Susukanlebak KM 7 Blok C-27","uploads/cirebon2026/laporan_susukanlebak_2436.jpg","-6.8398663","108.5934877","2024-08-20 22:08:55","diterima"
"2438","Jl. Raya Tanggul Sedong KM 5 Blok C-4","uploads/cirebon2026/laporan_sedong_2437.jpg","-6.8617165","108.5383967","2024-11-20 22:42:37","selesai"
"2439","Jl. Pasar Makam Sunan Sumber KM 10 Blok H-39","uploads/cirebon2026/laporan_sumber_2438.jpg","-6.7558442","108.4958877","2026-02-11 16:32:57","diperbaiki"
"2440","Jl. Lingkungan Pelabuhan Pangenan KM 2 Blok E-14","uploads/cirebon2026/laporan_pangenan_2439.jpg","-6.807421","108.6893273","2024-09-09 10:03:51","diterima"
"2441","Jl. Penghubung Jembatan Kapetakan KM 13 Blok G-5","uploads/cirebon2026/laporan_kapetakan_2440.jpg","-6.5936","108.5357064","2024-01-25 09:00:05","selesai"
"2442","Jl. Pasar SMA Sumber KM 4 Blok H-51","uploads/cirebon2026/laporan_sumber_2441.jpg","-6.769275","108.4956671","2024-02-19 04:55:19","selesai"
"2443","Jl. Kabupaten Pasar Arjawinangun KM 2 Blok A-36","uploads/cirebon2026/laporan_arjawinangun_2442.jpg","-6.6498944","108.4045121","2024-05-08 09:07:52","selesai"
"2444","Jl. Sekolah Sentra Batik Plered KM 7 Blok E-3","uploads/cirebon2026/laporan_plered_2443.jpg","-6.7035534","108.5134728","2024-02-15 08:08:54","ditolak"
"2445","Jl. Irigasi Stasiun Gegesik KM 2 Blok B-37","uploads/cirebon2026/laporan_gegesik_2444.jpg","-6.5846837","108.4122684","2024-03-06 11:20:37","selesai"
"2446","Jl. Irigasi SMP Plered KM 6 Blok A-48","uploads/cirebon2026/laporan_plered_2445.jpg","-6.6871335","108.5086229","2024-03-01 17:03:46","diterima"
"2447","Jl. Kabupaten Lapangan Weru KM 16 Blok A-97","uploads/cirebon2026/laporan_weru_2446.jpg","-6.7112109","108.5023216","2026-03-23 09:53:47","diperbaiki"
"2448","Jl. Raya Sentra Batik Gempol KM 7 Blok D-89","uploads/cirebon2026/laporan_gempol_2447.jpg","-6.7109195","108.3712713","2025-10-05 14:41:04","selesai"
"2449","Jl. Pesisir Makam Sunan Gegesik KM 2 Blok D-87","uploads/cirebon2026/laporan_gegesik_2448.jpg","-6.5758698","108.4084243","2024-04-08 02:52:11","selesai"
"2450","Jl. Penghubung SMP Suranenggala KM 12 Blok F-90","uploads/cirebon2026/laporan_suranenggala_2449.jpg","-6.6302837","108.5262983","2025-08-17 03:48:03","diperbaiki"
"2451","Jl. Penghubung Pasar Sedong KM 15 Blok F-70","uploads/cirebon2026/laporan_sedong_2450.jpg","-6.8688412","108.5379381","2024-07-02 08:24:52","diperbaiki"
"2452","Jl. Kabupaten Terminal Gempol KM 3 Blok C-49","uploads/cirebon2026/laporan_gempol_2451.jpg","-6.7149738","108.388824","2025-10-18 20:36:06","diterima"
"2453","Jl. Pasar Masjid Agung Suranenggala KM 5 Blok C-86","uploads/cirebon2026/laporan_suranenggala_2452.jpg","-6.6334536","108.5142835","2025-09-03 12:21:07","selesai"
"2454","Jl. Irigasi Alun-alun Ciledug KM 4 Blok B-83","uploads/cirebon2026/laporan_ciledug_2453.jpg","-6.8913723","108.7583617","2025-02-10 17:59:26","diterima"
"2455","Jl. Kabupaten Sentra Batik Depok KM 1 Blok F-17","uploads/cirebon2026/laporan_depok_2454.jpg","-6.7217767","108.4741529","2024-12-02 22:34:47","diperbaiki"
"2456","Jl. Pasar Perumahan Depok KM 7 Blok D-19","uploads/cirebon2026/laporan_depok_2455.jpg","-6.7222443","108.4539876","2025-10-06 04:09:02","selesai"
"2457","Jl. Pertanian Tanggul Jamblang KM 13 Blok C-42","uploads/cirebon2026/laporan_jamblang_2456.jpg","-6.7056588","108.4593979","2025-01-13 03:13:25","ditolak"
"2458","Jl. Raya Stasiun Kapetakan KM 13 Blok D-77","uploads/cirebon2026/laporan_kapetakan_2457.jpg","-6.5990113","108.5132119","2024-11-05 22:47:20","diperbaiki"
"2459","Jl. Pasar Lapangan Jamblang KM 1 Blok G-87","uploads/cirebon2026/laporan_jamblang_2458.jpg","-6.70655","108.4626729","2024-04-17 11:54:34","selesai"
"2460","Jl. Irigasi Tanggul Pangenan KM 8 Blok C-93","uploads/cirebon2026/laporan_pangenan_2459.jpg","-6.7928182","108.68346","2025-10-31 01:13:28","diterima"
"2461","Jl. Raya Masjid Agung Ciledug KM 3 Blok D-4","uploads/cirebon2026/laporan_ciledug_2460.jpg","-6.9131952","108.7697378","2026-04-05 19:31:26","ditolak"
"2462","Jl. Raya Pasar Gegesik KM 2 Blok B-42","uploads/cirebon2026/laporan_gegesik_2461.jpg","-6.5789833","108.4191169","2024-06-01 04:29:50","diperbaiki"
"2463","Jl. Kabupaten Pelabuhan Plumbon KM 17 Blok E-92","uploads/cirebon2026/laporan_plumbon_2462.jpg","-6.6996901","108.4906035","2024-09-05 07:31:17","selesai"
"2464","Jl. Raya Lapangan Mundu KM 10 Blok C-51","uploads/cirebon2026/laporan_mundu_2463.jpg","-6.7621487","108.6133943","2025-11-12 20:12:50","diperbaiki"
"2465","Jl. Pasar Pasar Babakan KM 1 Blok G-18","uploads/cirebon2026/laporan_babakan_2464.jpg","-6.8633571","108.7113022","2024-11-23 09:35:11","diperbaiki"
"2466","Jl. Penghubung Jembatan Beber KM 7 Blok F-1","uploads/cirebon2026/laporan_beber_2465.jpg","-6.8067024","108.512952","2024-07-16 07:17:09","selesai"
"2467","Jl. Raya Tanggul Susukan KM 16 Blok F-40","uploads/cirebon2026/laporan_susukan_2466.jpg","-6.6286717","108.3884649","2025-10-24 22:46:11","ditolak"
"2468","Jl. Desa Stasiun Pasaleman KM 9 Blok A-60","uploads/cirebon2026/laporan_pasaleman_2467.jpg","-6.936462","108.7626349","2024-03-19 20:35:16","selesai"
"2469","Jl. Lingkungan Lapangan Ciwaringin KM 11 Blok E-84","uploads/cirebon2026/laporan_ciwaringin_2468.jpg","-6.7009792","108.3878562","2025-08-22 08:09:51","selesai"
"2470","Jl. Irigasi SMP Pabedilan KM 13 Blok D-60","uploads/cirebon2026/laporan_pabedilan_2469.jpg","-6.9144788","108.8035302","2026-04-08 03:45:51","diperbaiki"
"2471","Jl. Kabupaten Tanggul Jamblang KM 3 Blok C-36","uploads/cirebon2026/laporan_jamblang_2470.jpg","-6.7058156","108.4557374","2024-03-16 10:55:47","selesai"
"2472","Jl. Penghubung Stasiun Kaliwedi KM 16 Blok B-74","uploads/cirebon2026/laporan_kaliwedi_2471.jpg","-6.6104438","108.3722568","2024-08-11 10:12:56","diterima"
"2473","Jl. Kabupaten Pasar Jamblang KM 7 Blok F-23","uploads/cirebon2026/laporan_jamblang_2472.jpg","-6.6977368","108.4622892","2024-04-04 13:43:46","diperbaiki"
"2474","Jl. Raya Stasiun Arjawinangun KM 1 Blok B-45","uploads/cirebon2026/laporan_arjawinangun_2473.jpg","-6.6373361","108.4180589","2025-05-03 07:55:16","diterima"
"2475","Jl. Desa Sawah Pabuaran KM 1 Blok F-6","uploads/cirebon2026/laporan_pabuaran_2474.jpg","-6.8969498","108.6948994","2024-08-23 14:22:25","diperbaiki"
"2476","Jl. Raya Makam Sunan Beber KM 13 Blok A-76","uploads/cirebon2026/laporan_beber_2475.jpg","-6.8062344","108.5204345","2024-11-06 08:34:56","diperbaiki"
"2477","Jl. Penghubung Lapangan Dukupuntang KM 7 Blok E-36","uploads/cirebon2026/laporan_dukupuntang_2476.jpg","-6.7524006","108.439387","2024-07-01 13:48:14","diterima"
"2478","Jl. Irigasi Makam Sunan Klangenan KM 8 Blok D-83","uploads/cirebon2026/laporan_klangenan_2477.jpg","-6.7050897","108.4285772","2024-03-05 17:17:55","selesai"
"2479","Jl. Penghubung Alun-alun Gegesik KM 3 Blok D-23","uploads/cirebon2026/laporan_gegesik_2478.jpg","-6.5759362","108.4259481","2024-07-08 09:07:54","diterima"
"2480","Jl. Irigasi Lapangan Kedawung KM 5 Blok H-11","uploads/cirebon2026/laporan_kedawung_2479.jpg","-6.7163148","108.5496287","2024-11-15 17:36:25","diperbaiki"
"2481","Jl. Pertanian Terminal Suranenggala KM 17 Blok D-54","uploads/cirebon2026/laporan_suranenggala_2480.jpg","-6.6419765","108.521404","2025-02-02 20:06:06","selesai"
"2482","Jl. Desa Sawah Depok KM 5 Blok E-66","uploads/cirebon2026/laporan_depok_2481.jpg","-6.720686","108.4612061","2025-10-08 23:47:41","diperbaiki"
"2483","Jl. Pertanian SMA Kapetakan KM 17 Blok D-43","uploads/cirebon2026/laporan_kapetakan_2482.jpg","-6.6110494","108.5124705","2025-05-26 03:07:18","diperbaiki"
"2484","Jl. Pertanian Jembatan Kedawung KM 12 Blok E-75","uploads/cirebon2026/laporan_kedawung_2483.jpg","-6.7284414","108.5404923","2025-09-01 00:53:48","diterima"
"2485","Jl. Desa Tambak Lemahabang KM 3 Blok A-52","uploads/cirebon2026/laporan_lemahabang_2484.jpg","-6.8140214","108.6182375","2025-01-04 05:57:13","selesai"
"2486","Jl. Sekolah Stasiun Kedawung KM 4 Blok A-76","uploads/cirebon2026/laporan_kedawung_2485.jpg","-6.7313168","108.5370235","2025-11-08 09:12:13","diterima"
"2487","Jl. Penghubung Alun-alun Beber KM 8 Blok A-96","uploads/cirebon2026/laporan_beber_2486.jpg","-6.8026508","108.5249666","2024-06-04 14:49:27","diperbaiki"
"2488","Jl. Pertanian Alun-alun Babakan KM 13 Blok B-74","uploads/cirebon2026/laporan_babakan_2487.jpg","-6.8778121","108.7316988","2026-04-02 00:57:47","diterima"
"2489","Jl. Lingkungan Kantor Kecamatan Pabuaran KM 11 Blok A-58","uploads/cirebon2026/laporan_pabuaran_2488.jpg","-6.901057","108.6942616","2025-05-10 22:55:12","diperbaiki"
"2490","Jl. Irigasi SMA Weru KM 4 Blok B-71","uploads/cirebon2026/laporan_weru_2489.jpg","-6.7150306","108.5137745","2026-01-05 14:48:33","diterima"
"2491","Jl. Pasar Sawah Pabedilan KM 3 Blok F-45","uploads/cirebon2026/laporan_pabedilan_2490.jpg","-6.9136358","108.8070076","2024-11-07 23:10:48","ditolak"
"2492","Jl. Pertanian Perumahan Losari KM 18 Blok E-21","uploads/cirebon2026/laporan_losari_2491.jpg","-6.8514232","108.8022872","2025-04-30 22:07:43","diterima"
"2493","Jl. Raya Pelabuhan Kaliwedi KM 8 Blok G-24","uploads/cirebon2026/laporan_kaliwedi_2492.jpg","-6.615895","108.3965117","2025-09-17 03:47:00","diterima"
"2494","Jl. Penghubung Sawah Sumber KM 10 Blok A-51","uploads/cirebon2026/laporan_sumber_2493.jpg","-6.7600319","108.4897264","2026-02-15 16:28:43","diperbaiki"
"2495","Jl. Pertanian Terminal Kapetakan KM 11 Blok H-93","uploads/cirebon2026/laporan_kapetakan_2494.jpg","-6.5988503","108.5258821","2025-05-12 08:22:09","diterima"
"2496","Jl. Pertanian Puskesmas Mundu KM 3 Blok A-77","uploads/cirebon2026/laporan_mundu_2495.jpg","-6.7716665","108.6072629","2024-07-17 14:06:13","diterima"
"2497","Jl. Pasar Sawah Gegesik KM 3 Blok D-68","uploads/cirebon2026/laporan_gegesik_2496.jpg","-6.5621036","108.4229804","2025-02-28 17:52:13","diterima"
"2498","Jl. Irigasi Masjid Agung Pabedilan KM 3 Blok D-22","uploads/cirebon2026/laporan_pabedilan_2497.jpg","-6.8982867","108.818588","2024-08-29 01:01:53","diperbaiki"
"2499","Jl. Desa Gudang Garam Pangenan KM 18 Blok F-98","uploads/cirebon2026/laporan_pangenan_2498.jpg","-6.8016998","108.6779933","2025-10-31 18:43:19","diterima"
"2500","Jl. Sekolah Pasar Babakan KM 6 Blok B-4","uploads/cirebon2026/laporan_babakan_2499.jpg","-6.8715008","108.7320401","2024-03-18 16:54:04","diterima"
"2501","Jl. Kabupaten SMP Tengah Tani KM 12 Blok E-85","uploads/cirebon2026/laporan_tengah_tani_2500.jpg","-6.7122086","108.5257925","2024-08-06 15:18:21","selesai"
